mysqldump: [Warning] Using a password on the command line interface can be insecure.
Warning: A partial dump from a server that has GTIDs will by default include the GTIDs of all transactions, even those that changed suppressed parts of the database. If you don't want to restore GTIDs, pass --set-gtid-purged=OFF. To make a complete dump, pass --all-databases --triggers --routines --events. 
-- MySQL dump 10.13  Distrib 5.7.24, for osx11.1 (x86_64)
--
-- Host: localhost    Database: lab_management
-- ------------------------------------------------------
-- Server version	9.6.0

/*!40101 SET @OLD_CHARACTER_SET_CLIENT=@@CHARACTER_SET_CLIENT */;
/*!40101 SET @OLD_CHARACTER_SET_RESULTS=@@CHARACTER_SET_RESULTS */;
/*!40101 SET @OLD_COLLATION_CONNECTION=@@COLLATION_CONNECTION */;
/*!40101 SET NAMES utf8 */;
/*!40103 SET @OLD_TIME_ZONE=@@TIME_ZONE */;
/*!40103 SET TIME_ZONE='+00:00' */;
/*!40014 SET @OLD_UNIQUE_CHECKS=@@UNIQUE_CHECKS, UNIQUE_CHECKS=0 */;
/*!40014 SET @OLD_FOREIGN_KEY_CHECKS=@@FOREIGN_KEY_CHECKS, FOREIGN_KEY_CHECKS=0 */;
/*!40101 SET @OLD_SQL_MODE=@@SQL_MODE, SQL_MODE='NO_AUTO_VALUE_ON_ZERO' */;
/*!40111 SET @OLD_SQL_NOTES=@@SQL_NOTES, SQL_NOTES=0 */;
SET @MYSQLDUMP_TEMP_LOG_BIN = @@SESSION.SQL_LOG_BIN;
SET @@SESSION.SQL_LOG_BIN= 0;

--
-- GTID state at the beginning of the backup 
--

SET @@GLOBAL.GTID_PURGED='0ba7bbfe-011c-11f1-ba4a-6f5b7b594b6b:1-135';
mysqldump: Error: 'Access denied; you need (at least one of) the PROCESS privilege(s) for this operation' when trying to dump tablespaces

--
-- Table structure for table `audit_logs`
--

DROP TABLE IF EXISTS `audit_logs`;
/*!40101 SET @saved_cs_client     = @@character_set_client */;
/*!40101 SET character_set_client = utf8 */;
CREATE TABLE `audit_logs` (
  `id` int NOT NULL AUTO_INCREMENT,
  `user_id` int DEFAULT NULL,
  `username` varchar(100) COLLATE utf8mb4_unicode_ci DEFAULT NULL,
  `user_role` varchar(50) COLLATE utf8mb4_unicode_ci DEFAULT NULL,
  `action` varchar(50) COLLATE utf8mb4_unicode_ci NOT NULL,
  `entity_type` varchar(100) COLLATE utf8mb4_unicode_ci NOT NULL,
  `entity_id` int DEFAULT NULL,
  `entity_name` varchar(255) COLLATE utf8mb4_unicode_ci DEFAULT NULL,
  `laboratory_id` int DEFAULT NULL,
  `site_id` int DEFAULT NULL,
  `ip_address` varchar(45) COLLATE utf8mb4_unicode_ci DEFAULT NULL,
  `user_agent` varchar(500) COLLATE utf8mb4_unicode_ci DEFAULT NULL,
  `request_method` varchar(10) COLLATE utf8mb4_unicode_ci DEFAULT NULL,
  `request_path` varchar(500) COLLATE utf8mb4_unicode_ci DEFAULT NULL,
  `old_values` json DEFAULT NULL,
  `new_values` json DEFAULT NULL,
  `description` text COLLATE utf8mb4_unicode_ci,
  `extra_data` json DEFAULT NULL,
  `created_at` datetime DEFAULT NULL,
  PRIMARY KEY (`id`),
  KEY `ix_audit_logs_entity_type` (`entity_type`),
  KEY `ix_audit_logs_entity_id` (`entity_id`),
  KEY `ix_audit_logs_id` (`id`),
  KEY `ix_audit_logs_site_id` (`site_id`),
  KEY `ix_audit_log_entity` (`entity_type`,`entity_id`),
  KEY `ix_audit_log_user_action` (`user_id`,`action`),
  KEY `ix_audit_log_date_action` (`created_at`,`action`),
  KEY `ix_audit_logs_created_at` (`created_at`),
  KEY `ix_audit_logs_laboratory_id` (`laboratory_id`),
  KEY `ix_audit_logs_user_id` (`user_id`),
  KEY `ix_audit_logs_action` (`action`),
  CONSTRAINT `audit_logs_ibfk_1` FOREIGN KEY (`user_id`) REFERENCES `users` (`id`),
  CONSTRAINT `audit_logs_ibfk_2` FOREIGN KEY (`laboratory_id`) REFERENCES `laboratories` (`id`),
  CONSTRAINT `audit_logs_ibfk_3` FOREIGN KEY (`site_id`) REFERENCES `sites` (`id`)
) ENGINE=InnoDB DEFAULT CHARSET=utf8mb4 COLLATE=utf8mb4_unicode_ci;
/*!40101 SET character_set_client = @saved_cs_client */;

--
-- Dumping data for table `audit_logs`
--

LOCK TABLES `audit_logs` WRITE;
/*!40000 ALTER TABLE `audit_logs` DISABLE KEYS */;
/*!40000 ALTER TABLE `audit_logs` ENABLE KEYS */;
UNLOCK TABLES;

--
-- Table structure for table `client_slas`
--

DROP TABLE IF EXISTS `client_slas`;
/*!40101 SET @saved_cs_client     = @@character_set_client */;
/*!40101 SET character_set_client = utf8 */;
CREATE TABLE `client_slas` (
  `id` int NOT NULL AUTO_INCREMENT,
  `client_id` int NOT NULL,
  `laboratory_id` int DEFAULT NULL,
  `service_type` varchar(100) COLLATE utf8mb4_unicode_ci NOT NULL,
  `commitment_hours` int NOT NULL,
  `max_hours` int DEFAULT NULL,
  `priority_weight` int DEFAULT NULL,
  `description` text COLLATE utf8mb4_unicode_ci,
  `is_active` tinyint(1) DEFAULT NULL,
  `created_at` datetime DEFAULT NULL,
  `updated_at` datetime DEFAULT NULL,
  PRIMARY KEY (`id`),
  KEY `client_id` (`client_id`),
  KEY `laboratory_id` (`laboratory_id`),
  KEY `ix_client_slas_id` (`id`),
  CONSTRAINT `client_slas_ibfk_1` FOREIGN KEY (`client_id`) REFERENCES `clients` (`id`),
  CONSTRAINT `client_slas_ibfk_2` FOREIGN KEY (`laboratory_id`) REFERENCES `laboratories` (`id`)
) ENGINE=InnoDB DEFAULT CHARSET=utf8mb4 COLLATE=utf8mb4_unicode_ci;
/*!40101 SET character_set_client = @saved_cs_client */;

--
-- Dumping data for table `client_slas`
--

LOCK TABLES `client_slas` WRITE;
/*!40000 ALTER TABLE `client_slas` DISABLE KEYS */;
/*!40000 ALTER TABLE `client_slas` ENABLE KEYS */;
UNLOCK TABLES;

--
-- Table structure for table `clients`
--

DROP TABLE IF EXISTS `clients`;
/*!40101 SET @saved_cs_client     = @@character_set_client */;
/*!40101 SET character_set_client = utf8 */;
CREATE TABLE `clients` (
  `id` int NOT NULL AUTO_INCREMENT,
  `name` varchar(200) COLLATE utf8mb4_unicode_ci NOT NULL,
  `code` varchar(50) COLLATE utf8mb4_unicode_ci NOT NULL,
  `contact_name` varchar(100) COLLATE utf8mb4_unicode_ci DEFAULT NULL,
  `contact_email` varchar(255) COLLATE utf8mb4_unicode_ci DEFAULT NULL,
  `contact_phone` varchar(50) COLLATE utf8mb4_unicode_ci DEFAULT NULL,
  `address` text COLLATE utf8mb4_unicode_ci,
  `default_sla_days` int DEFAULT NULL,
  `priority_level` int DEFAULT NULL,
  `source_category` varchar(50) COLLATE utf8mb4_unicode_ci DEFAULT NULL,
  `is_active` tinyint(1) DEFAULT NULL,
  `created_at` datetime DEFAULT NULL,
  `updated_at` datetime DEFAULT NULL,
  PRIMARY KEY (`id`),
  UNIQUE KEY `ix_clients_code` (`code`),
  KEY `ix_clients_name` (`name`),
  KEY `ix_clients_id` (`id`)
) ENGINE=InnoDB AUTO_INCREMENT=11 DEFAULT CHARSET=utf8mb4 COLLATE=utf8mb4_unicode_ci;
/*!40101 SET character_set_client = @saved_cs_client */;

--
-- Dumping data for table `clients`
--

LOCK TABLES `clients` WRITE;
/*!40000 ALTER TABLE `clients` DISABLE KEYS */;
INSERT INTO `clients` VALUES (1,'华为技术有限公司','HUAWEI','王经理','wang@huawei.com',NULL,NULL,5,1,'vip',1,'2026-02-01 23:42:16','2026-02-01 23:42:16'),(2,'中芯国际集成电路','SMIC','李经理','li@smic.com',NULL,NULL,7,1,'vip',1,'2026-02-01 23:42:16','2026-02-01 23:42:16'),(3,'长电科技股份','JCET','张经理','zhang@jcet.com',NULL,NULL,10,2,'external',1,'2026-02-01 23:42:16','2026-02-01 23:42:16'),(4,'通富微电子','TFME','刘经理','liu@tfme.com',NULL,NULL,10,2,'external',1,'2026-02-01 23:42:16','2026-02-01 23:42:16'),(5,'韦尔半导体','WILL','赵经理','zhao@will.com',NULL,NULL,7,2,'external',1,'2026-02-01 23:42:16','2026-02-01 23:42:16'),(6,'兆易创新','GIGA','钱经理','qian@giga.com',NULL,NULL,10,2,'external',1,'2026-02-01 23:42:16','2026-02-01 23:42:16'),(7,'汇顶科技','GOODIX','孙经理','sun@goodix.com',NULL,NULL,7,2,'external',1,'2026-02-01 23:42:16','2026-02-01 23:42:16'),(8,'内部研发部门','INTERNAL','内部','rd@internal.com',NULL,NULL,14,3,'internal',1,'2026-02-01 23:42:16','2026-02-01 23:42:16'),(9,'质量保证部','QA','品质部','qa@internal.com',NULL,NULL,14,3,'internal',1,'2026-02-01 23:42:16','2026-02-01 23:42:16'),(10,'紫光展锐','UNISOC','周经理','zhou@unisoc.com',NULL,NULL,7,2,'external',1,'2026-02-01 23:42:16','2026-02-01 23:42:16');
/*!40000 ALTER TABLE `clients` ENABLE KEYS */;
UNLOCK TABLES;

--
-- Table structure for table `equipment`
--

DROP TABLE IF EXISTS `equipment`;
/*!40101 SET @saved_cs_client     = @@character_set_client */;
/*!40101 SET character_set_client = utf8 */;
CREATE TABLE `equipment` (
  `id` int NOT NULL AUTO_INCREMENT,
  `name` varchar(100) COLLATE utf8mb4_unicode_ci NOT NULL,
  `code` varchar(50) COLLATE utf8mb4_unicode_ci NOT NULL,
  `equipment_type` enum('AUTONOMOUS','OPERATOR_DEPENDENT') COLLATE utf8mb4_unicode_ci NOT NULL,
  `category` enum('THERMAL','MECHANICAL','ELECTRICAL','OPTICAL','ANALYTICAL','ENVIRONMENTAL','MEASUREMENT','OTHER') COLLATE utf8mb4_unicode_ci DEFAULT NULL,
  `laboratory_id` int NOT NULL,
  `site_id` int NOT NULL,
  `model` varchar(100) COLLATE utf8mb4_unicode_ci DEFAULT NULL,
  `manufacturer` varchar(100) COLLATE utf8mb4_unicode_ci DEFAULT NULL,
  `serial_number` varchar(100) COLLATE utf8mb4_unicode_ci DEFAULT NULL,
  `description` text COLLATE utf8mb4_unicode_ci,
  `capacity` int DEFAULT NULL,
  `uph` float DEFAULT NULL,
  `max_concurrent_tasks` int DEFAULT NULL,
  `status` enum('AVAILABLE','IN_USE','MAINTENANCE','OUT_OF_SERVICE','RESERVED') COLLATE utf8mb4_unicode_ci NOT NULL,
  `last_maintenance_date` datetime DEFAULT NULL,
  `next_maintenance_date` datetime DEFAULT NULL,
  `maintenance_interval_days` int DEFAULT NULL,
  `last_calibration_date` datetime DEFAULT NULL,
  `next_calibration_date` datetime DEFAULT NULL,
  `calibration_interval_days` int DEFAULT NULL,
  `is_active` tinyint(1) DEFAULT NULL,
  `purchase_date` datetime DEFAULT NULL,
  `warranty_expiry` datetime DEFAULT NULL,
  `created_at` datetime DEFAULT NULL,
  `updated_at` datetime DEFAULT NULL,
  PRIMARY KEY (`id`),
  UNIQUE KEY `ix_equipment_code` (`code`),
  KEY `laboratory_id` (`laboratory_id`),
  KEY `site_id` (`site_id`),
  KEY `ix_equipment_id` (`id`),
  KEY `ix_equipment_equipment_type` (`equipment_type`),
  KEY `ix_equipment_category` (`category`),
  KEY `ix_equipment_name` (`name`),
  CONSTRAINT `equipment_ibfk_1` FOREIGN KEY (`laboratory_id`) REFERENCES `laboratories` (`id`),
  CONSTRAINT `equipment_ibfk_2` FOREIGN KEY (`site_id`) REFERENCES `sites` (`id`)
) ENGINE=InnoDB AUTO_INCREMENT=401 DEFAULT CHARSET=utf8mb4 COLLATE=utf8mb4_unicode_ci;
/*!40101 SET character_set_client = @saved_cs_client */;

--
-- Dumping data for table `equipment`
--

LOCK TABLES `equipment` WRITE;
/*!40000 ALTER TABLE `equipment` DISABLE KEYS */;
INSERT INTO `equipment` VALUES (1,'扫描电子显微镜-01','SZ-FA-SEM-01','OPERATOR_DEPENDENT','ANALYTICAL',1,1,'Model-SEM-A','华测','SN000001','深圳研发中心-失效分析实验室的扫描电子显微镜设备',1,4.94342,1,'AVAILABLE',NULL,NULL,43,NULL,NULL,194,1,NULL,NULL,'2026-02-01 23:42:16','2026-02-01 23:42:16'),(2,'扫描电子显微镜-02','SZ-FA-SEM-02','OPERATOR_DEPENDENT','ANALYTICAL',1,1,'Model-SEM-A','蔡司','SN000002','深圳研发中心-失效分析实验室的扫描电子显微镜设备',1,4.34243,1,'AVAILABLE',NULL,NULL,89,NULL,NULL,230,1,NULL,NULL,'2026-02-01 23:42:16','2026-02-01 23:42:16'),(3,'扫描电子显微镜-03','SZ-FA-SEM-03','OPERATOR_DEPENDENT','ANALYTICAL',1,1,'Model-SEM-C','蔡司','SN000003','深圳研发中心-失效分析实验室的扫描电子显微镜设备',1,4.63609,1,'AVAILABLE',NULL,NULL,46,NULL,NULL,284,1,NULL,NULL,'2026-02-01 23:42:16','2026-02-01 23:42:16'),(4,'扫描电子显微镜-04','SZ-FA-SEM-04','OPERATOR_DEPENDENT','ANALYTICAL',1,1,'Model-SEM-A','赛默飞','SN000004','深圳研发中心-失效分析实验室的扫描电子显微镜设备',1,2.24332,1,'AVAILABLE',NULL,NULL,30,NULL,NULL,250,1,NULL,NULL,'2026-02-01 23:42:16','2026-02-01 23:42:16'),(5,'扫描电子显微镜-05','SZ-FA-SEM-05','OPERATOR_DEPENDENT','ANALYTICAL',1,1,'Model-SEM-A','华测','SN000005','深圳研发中心-失效分析实验室的扫描电子显微镜设备',1,2.62409,1,'AVAILABLE',NULL,NULL,66,NULL,NULL,191,1,NULL,NULL,'2026-02-01 23:42:16','2026-02-01 23:42:16'),(6,'扫描电子显微镜-06','SZ-FA-SEM-06','OPERATOR_DEPENDENT','ANALYTICAL',1,1,'Model-SEM-C','岛津','SN000006','深圳研发中心-失效分析实验室的扫描电子显微镜设备',1,4.77449,1,'AVAILABLE',NULL,NULL,80,NULL,NULL,349,1,NULL,NULL,'2026-02-01 23:42:16','2026-02-01 23:42:16'),(7,'扫描电子显微镜-07','SZ-FA-SEM-07','OPERATOR_DEPENDENT','ANALYTICAL',1,1,'Model-SEM-A','岛津','SN000007','深圳研发中心-失效分析实验室的扫描电子显微镜设备',1,4.67625,1,'AVAILABLE',NULL,NULL,52,NULL,NULL,207,1,NULL,NULL,'2026-02-01 23:42:16','2026-02-01 23:42:16'),(8,'扫描电子显微镜-08','SZ-FA-SEM-08','OPERATOR_DEPENDENT','ANALYTICAL',1,1,'Model-SEM-C','日立','SN000008','深圳研发中心-失效分析实验室的扫描电子显微镜设备',1,2.49139,1,'AVAILABLE',NULL,NULL,59,NULL,NULL,365,1,NULL,NULL,'2026-02-01 23:42:16','2026-02-01 23:42:16'),(9,'扫描电子显微镜-09','SZ-FA-SEM-09','OPERATOR_DEPENDENT','ANALYTICAL',1,1,'Model-SEM-B','科达','SN000009','深圳研发中心-失效分析实验室的扫描电子显微镜设备',1,3.90786,1,'AVAILABLE',NULL,NULL,60,NULL,NULL,294,1,NULL,NULL,'2026-02-01 23:42:16','2026-02-01 23:42:16'),(10,'扫描电子显微镜-10','SZ-FA-SEM-10','OPERATOR_DEPENDENT','ANALYTICAL',1,1,'Model-SEM-A','赛默飞','SN000010','深圳研发中心-失效分析实验室的扫描电子显微镜设备',1,2.10215,1,'AVAILABLE',NULL,NULL,67,NULL,NULL,222,1,NULL,NULL,'2026-02-01 23:42:16','2026-02-01 23:42:16'),(11,'聚焦离子束-01','SZ-FA-FIB-01','OPERATOR_DEPENDENT','ANALYTICAL',1,1,'Model-FIB-C','赛默飞','SN000011','深圳研发中心-失效分析实验室的聚焦离子束设备',1,3.46758,1,'AVAILABLE',NULL,NULL,80,NULL,NULL,262,1,NULL,NULL,'2026-02-01 23:42:16','2026-02-01 23:42:16'),(12,'聚焦离子束-02','SZ-FA-FIB-02','OPERATOR_DEPENDENT','ANALYTICAL',1,1,'Model-FIB-A','岛津','SN000012','深圳研发中心-失效分析实验室的聚焦离子束设备',1,4.89342,1,'AVAILABLE',NULL,NULL,53,NULL,NULL,356,1,NULL,NULL,'2026-02-01 23:42:16','2026-02-01 23:42:16'),(13,'聚焦离子束-03','SZ-FA-FIB-03','OPERATOR_DEPENDENT','ANALYTICAL',1,1,'Model-FIB-A','日立','SN000013','深圳研发中心-失效分析实验室的聚焦离子束设备',1,2.23291,1,'AVAILABLE',NULL,NULL,41,NULL,NULL,284,1,NULL,NULL,'2026-02-01 23:42:16','2026-02-01 23:42:16'),(14,'聚焦离子束-04','SZ-FA-FIB-04','OPERATOR_DEPENDENT','ANALYTICAL',1,1,'Model-FIB-C','蔡司','SN000014','深圳研发中心-失效分析实验室的聚焦离子束设备',1,2.02146,1,'AVAILABLE',NULL,NULL,66,NULL,NULL,183,1,NULL,NULL,'2026-02-01 23:42:16','2026-02-01 23:42:16'),(15,'聚焦离子束-05','SZ-FA-FIB-05','OPERATOR_DEPENDENT','ANALYTICAL',1,1,'Model-FIB-A','科达','SN000015','深圳研发中心-失效分析实验室的聚焦离子束设备',1,3.20705,1,'AVAILABLE',NULL,NULL,32,NULL,NULL,314,1,NULL,NULL,'2026-02-01 23:42:16','2026-02-01 23:42:16'),(16,'聚焦离子束-06','SZ-FA-FIB-06','OPERATOR_DEPENDENT','ANALYTICAL',1,1,'Model-FIB-A','赛默飞','SN000016','深圳研发中心-失效分析实验室的聚焦离子束设备',1,4.42557,1,'AVAILABLE',NULL,NULL,57,NULL,NULL,353,1,NULL,NULL,'2026-02-01 23:42:16','2026-02-01 23:42:16'),(17,'聚焦离子束-07','SZ-FA-FIB-07','OPERATOR_DEPENDENT','ANALYTICAL',1,1,'Model-FIB-C','岛津','SN000017','深圳研发中心-失效分析实验室的聚焦离子束设备',1,1.56223,1,'AVAILABLE',NULL,NULL,66,NULL,NULL,331,1,NULL,NULL,'2026-02-01 23:42:16','2026-02-01 23:42:16'),(18,'聚焦离子束-08','SZ-FA-FIB-08','OPERATOR_DEPENDENT','ANALYTICAL',1,1,'Model-FIB-C','科达','SN000018','深圳研发中心-失效分析实验室的聚焦离子束设备',1,1.18459,1,'AVAILABLE',NULL,NULL,77,NULL,NULL,299,1,NULL,NULL,'2026-02-01 23:42:16','2026-02-01 23:42:16'),(19,'聚焦离子束-09','SZ-FA-FIB-09','OPERATOR_DEPENDENT','ANALYTICAL',1,1,'Model-FIB-C','蔡司','SN000019','深圳研发中心-失效分析实验室的聚焦离子束设备',1,2.80501,1,'AVAILABLE',NULL,NULL,51,NULL,NULL,313,1,NULL,NULL,'2026-02-01 23:42:16','2026-02-01 23:42:16'),(20,'聚焦离子束-10','SZ-FA-FIB-10','OPERATOR_DEPENDENT','ANALYTICAL',1,1,'Model-FIB-B','岛津','SN000020','深圳研发中心-失效分析实验室的聚焦离子束设备',1,1.60835,1,'MAINTENANCE',NULL,NULL,65,NULL,NULL,323,1,NULL,NULL,'2026-02-01 23:42:16','2026-02-01 23:42:16'),(21,'X射线检测仪-01','SZ-FA-XRAY-01','OPERATOR_DEPENDENT','ANALYTICAL',1,1,'Model-XRAY-B','科达','SN000021','深圳研发中心-失效分析实验室的X射线检测仪设备',1,4.2152,1,'MAINTENANCE',NULL,NULL,84,NULL,NULL,218,1,NULL,NULL,'2026-02-01 23:42:16','2026-02-01 23:42:16'),(22,'X射线检测仪-02','SZ-FA-XRAY-02','OPERATOR_DEPENDENT','ANALYTICAL',1,1,'Model-XRAY-C','日立','SN000022','深圳研发中心-失效分析实验室的X射线检测仪设备',1,1.85818,1,'AVAILABLE',NULL,NULL,70,NULL,NULL,252,1,NULL,NULL,'2026-02-01 23:42:16','2026-02-01 23:42:16'),(23,'X射线检测仪-03','SZ-FA-XRAY-03','OPERATOR_DEPENDENT','ANALYTICAL',1,1,'Model-XRAY-B','赛默飞','SN000023','深圳研发中心-失效分析实验室的X射线检测仪设备',1,2.68573,1,'AVAILABLE',NULL,NULL,36,NULL,NULL,232,1,NULL,NULL,'2026-02-01 23:42:16','2026-02-01 23:42:16'),(24,'X射线检测仪-04','SZ-FA-XRAY-04','OPERATOR_DEPENDENT','ANALYTICAL',1,1,'Model-XRAY-A','岛津','SN000024','深圳研发中心-失效分析实验室的X射线检测仪设备',1,1.94952,1,'AVAILABLE',NULL,NULL,31,NULL,NULL,257,1,NULL,NULL,'2026-02-01 23:42:16','2026-02-01 23:42:16'),(25,'X射线检测仪-05','SZ-FA-XRAY-05','OPERATOR_DEPENDENT','ANALYTICAL',1,1,'Model-XRAY-C','岛津','SN000025','深圳研发中心-失效分析实验室的X射线检测仪设备',1,1.6229,1,'AVAILABLE',NULL,NULL,43,NULL,NULL,221,1,NULL,NULL,'2026-02-01 23:42:16','2026-02-01 23:42:16'),(26,'X射线检测仪-06','SZ-FA-XRAY-06','OPERATOR_DEPENDENT','ANALYTICAL',1,1,'Model-XRAY-B','华测','SN000026','深圳研发中心-失效分析实验室的X射线检测仪设备',1,2.46323,1,'AVAILABLE',NULL,NULL,37,NULL,NULL,180,1,NULL,NULL,'2026-02-01 23:42:16','2026-02-01 23:42:16'),(27,'X射线检测仪-07','SZ-FA-XRAY-07','OPERATOR_DEPENDENT','ANALYTICAL',1,1,'Model-XRAY-B','蔡司','SN000027','深圳研发中心-失效分析实验室的X射线检测仪设备',1,3.13974,1,'AVAILABLE',NULL,NULL,41,NULL,NULL,298,1,NULL,NULL,'2026-02-01 23:42:16','2026-02-01 23:42:16'),(28,'X射线检测仪-08','SZ-FA-XRAY-08','OPERATOR_DEPENDENT','ANALYTICAL',1,1,'Model-XRAY-C','岛津','SN000028','深圳研发中心-失效分析实验室的X射线检测仪设备',1,1.02987,1,'AVAILABLE',NULL,NULL,71,NULL,NULL,295,1,NULL,NULL,'2026-02-01 23:42:16','2026-02-01 23:42:16'),(29,'X射线检测仪-09','SZ-FA-XRAY-09','OPERATOR_DEPENDENT','ANALYTICAL',1,1,'Model-XRAY-C','赛默飞','SN000029','深圳研发中心-失效分析实验室的X射线检测仪设备',1,2.52125,1,'AVAILABLE',NULL,NULL,77,NULL,NULL,198,1,NULL,NULL,'2026-02-01 23:42:16','2026-02-01 23:42:16'),(30,'X射线检测仪-10','SZ-FA-XRAY-10','OPERATOR_DEPENDENT','ANALYTICAL',1,1,'Model-XRAY-C','日立','SN000030','深圳研发中心-失效分析实验室的X射线检测仪设备',1,1.44879,1,'AVAILABLE',NULL,NULL,76,NULL,NULL,250,1,NULL,NULL,'2026-02-01 23:42:16','2026-02-01 23:42:16'),(31,'光学显微镜-01','SZ-FA-OM-01','OPERATOR_DEPENDENT','OPTICAL',1,1,'Model-OM-A','岛津','SN000031','深圳研发中心-失效分析实验室的光学显微镜设备',1,4.45379,1,'AVAILABLE',NULL,NULL,70,NULL,NULL,343,1,NULL,NULL,'2026-02-01 23:42:16','2026-02-01 23:42:16'),(32,'光学显微镜-02','SZ-FA-OM-02','OPERATOR_DEPENDENT','OPTICAL',1,1,'Model-OM-C','赛默飞','SN000032','深圳研发中心-失效分析实验室的光学显微镜设备',1,2.597,1,'AVAILABLE',NULL,NULL,36,NULL,NULL,300,1,NULL,NULL,'2026-02-01 23:42:16','2026-02-01 23:42:16'),(33,'光学显微镜-03','SZ-FA-OM-03','OPERATOR_DEPENDENT','OPTICAL',1,1,'Model-OM-B','岛津','SN000033','深圳研发中心-失效分析实验室的光学显微镜设备',1,1.65208,1,'AVAILABLE',NULL,NULL,60,NULL,NULL,278,1,NULL,NULL,'2026-02-01 23:42:16','2026-02-01 23:42:16'),(34,'光学显微镜-04','SZ-FA-OM-04','OPERATOR_DEPENDENT','OPTICAL',1,1,'Model-OM-B','赛默飞','SN000034','深圳研发中心-失效分析实验室的光学显微镜设备',1,3.99002,1,'AVAILABLE',NULL,NULL,58,NULL,NULL,357,1,NULL,NULL,'2026-02-01 23:42:16','2026-02-01 23:42:16'),(35,'光学显微镜-05','SZ-FA-OM-05','OPERATOR_DEPENDENT','OPTICAL',1,1,'Model-OM-B','岛津','SN000035','深圳研发中心-失效分析实验室的光学显微镜设备',1,1.70817,1,'AVAILABLE',NULL,NULL,37,NULL,NULL,234,1,NULL,NULL,'2026-02-01 23:42:16','2026-02-01 23:42:16'),(36,'光学显微镜-06','SZ-FA-OM-06','OPERATOR_DEPENDENT','OPTICAL',1,1,'Model-OM-A','赛默飞','SN000036','深圳研发中心-失效分析实验室的光学显微镜设备',1,1.8687,1,'MAINTENANCE',NULL,NULL,36,NULL,NULL,337,1,NULL,NULL,'2026-02-01 23:42:16','2026-02-01 23:42:16'),(37,'光学显微镜-07','SZ-FA-OM-07','OPERATOR_DEPENDENT','OPTICAL',1,1,'Model-OM-A','赛默飞','SN000037','深圳研发中心-失效分析实验室的光学显微镜设备',1,1.5085,1,'AVAILABLE',NULL,NULL,49,NULL,NULL,233,1,NULL,NULL,'2026-02-01 23:42:16','2026-02-01 23:42:16'),(38,'光学显微镜-08','SZ-FA-OM-08','OPERATOR_DEPENDENT','OPTICAL',1,1,'Model-OM-A','蔡司','SN000038','深圳研发中心-失效分析实验室的光学显微镜设备',1,4.23325,1,'MAINTENANCE',NULL,NULL,88,NULL,NULL,335,1,NULL,NULL,'2026-02-01 23:42:16','2026-02-01 23:42:16'),(39,'光学显微镜-09','SZ-FA-OM-09','OPERATOR_DEPENDENT','OPTICAL',1,1,'Model-OM-B','蔡司','SN000039','深圳研发中心-失效分析实验室的光学显微镜设备',1,4.20863,1,'AVAILABLE',NULL,NULL,38,NULL,NULL,307,1,NULL,NULL,'2026-02-01 23:42:16','2026-02-01 23:42:16'),(40,'光学显微镜-10','SZ-FA-OM-10','OPERATOR_DEPENDENT','OPTICAL',1,1,'Model-OM-C','华测','SN000040','深圳研发中心-失效分析实验室的光学显微镜设备',1,3.20529,1,'MAINTENANCE',NULL,NULL,90,NULL,NULL,189,1,NULL,NULL,'2026-02-01 23:42:16','2026-02-01 23:42:16'),(41,'红外显微镜-01','SZ-FA-IR-M-01','OPERATOR_DEPENDENT','OPTICAL',1,1,'Model-IR-M-C','日立','SN000041','深圳研发中心-失效分析实验室的红外显微镜设备',1,3.17609,1,'AVAILABLE',NULL,NULL,76,NULL,NULL,279,1,NULL,NULL,'2026-02-01 23:42:16','2026-02-01 23:42:16'),(42,'红外显微镜-02','SZ-FA-IR-M-02','OPERATOR_DEPENDENT','OPTICAL',1,1,'Model-IR-M-B','赛默飞','SN000042','深圳研发中心-失效分析实验室的红外显微镜设备',1,3.6296,1,'AVAILABLE',NULL,NULL,34,NULL,NULL,240,1,NULL,NULL,'2026-02-01 23:42:16','2026-02-01 23:42:16'),(43,'红外显微镜-03','SZ-FA-IR-M-03','OPERATOR_DEPENDENT','OPTICAL',1,1,'Model-IR-M-B','华测','SN000043','深圳研发中心-失效分析实验室的红外显微镜设备',1,1.92828,1,'AVAILABLE',NULL,NULL,88,NULL,NULL,355,1,NULL,NULL,'2026-02-01 23:42:16','2026-02-01 23:42:16'),(44,'红外显微镜-04','SZ-FA-IR-M-04','OPERATOR_DEPENDENT','OPTICAL',1,1,'Model-IR-M-A','科达','SN000044','深圳研发中心-失效分析实验室的红外显微镜设备',1,4.23729,1,'AVAILABLE',NULL,NULL,63,NULL,NULL,202,1,NULL,NULL,'2026-02-01 23:42:16','2026-02-01 23:42:16'),(45,'红外显微镜-05','SZ-FA-IR-M-05','OPERATOR_DEPENDENT','OPTICAL',1,1,'Model-IR-M-C','岛津','SN000045','深圳研发中心-失效分析实验室的红外显微镜设备',1,4.45359,1,'AVAILABLE',NULL,NULL,51,NULL,NULL,358,1,NULL,NULL,'2026-02-01 23:42:16','2026-02-01 23:42:16'),(46,'红外显微镜-06','SZ-FA-IR-M-06','OPERATOR_DEPENDENT','OPTICAL',1,1,'Model-IR-M-A','岛津','SN000046','深圳研发中心-失效分析实验室的红外显微镜设备',1,4.76831,1,'AVAILABLE',NULL,NULL,65,NULL,NULL,212,1,NULL,NULL,'2026-02-01 23:42:16','2026-02-01 23:42:16'),(47,'红外显微镜-07','SZ-FA-IR-M-07','OPERATOR_DEPENDENT','OPTICAL',1,1,'Model-IR-M-C','科达','SN000047','深圳研发中心-失效分析实验室的红外显微镜设备',1,3.46798,1,'AVAILABLE',NULL,NULL,37,NULL,NULL,211,1,NULL,NULL,'2026-02-01 23:42:16','2026-02-01 23:42:16'),(48,'红外显微镜-08','SZ-FA-IR-M-08','OPERATOR_DEPENDENT','OPTICAL',1,1,'Model-IR-M-B','蔡司','SN000048','深圳研发中心-失效分析实验室的红外显微镜设备',1,3.93722,1,'AVAILABLE',NULL,NULL,85,NULL,NULL,218,1,NULL,NULL,'2026-02-01 23:42:16','2026-02-01 23:42:16'),(49,'红外显微镜-09','SZ-FA-IR-M-09','OPERATOR_DEPENDENT','OPTICAL',1,1,'Model-IR-M-B','科达','SN000049','深圳研发中心-失效分析实验室的红外显微镜设备',1,3.48417,1,'MAINTENANCE',NULL,NULL,83,NULL,NULL,253,1,NULL,NULL,'2026-02-01 23:42:16','2026-02-01 23:42:16'),(50,'红外显微镜-10','SZ-FA-IR-M-10','OPERATOR_DEPENDENT','OPTICAL',1,1,'Model-IR-M-B','蔡司','SN000050','深圳研发中心-失效分析实验室的红外显微镜设备',1,2.86294,1,'AVAILABLE',NULL,NULL,87,NULL,NULL,237,1,NULL,NULL,'2026-02-01 23:42:16','2026-02-01 23:42:16'),(51,'曲线追踪仪-01','SZ-FA-CT-01','OPERATOR_DEPENDENT','MEASUREMENT',1,1,'Model-CT-A','日立','SN000051','深圳研发中心-失效分析实验室的曲线追踪仪设备',1,2.67351,1,'AVAILABLE',NULL,NULL,64,NULL,NULL,237,1,NULL,NULL,'2026-02-01 23:42:16','2026-02-01 23:42:16'),(52,'曲线追踪仪-02','SZ-FA-CT-02','OPERATOR_DEPENDENT','MEASUREMENT',1,1,'Model-CT-A','岛津','SN000052','深圳研发中心-失效分析实验室的曲线追踪仪设备',1,2.00503,1,'AVAILABLE',NULL,NULL,84,NULL,NULL,352,1,NULL,NULL,'2026-02-01 23:42:16','2026-02-01 23:42:16'),(53,'曲线追踪仪-03','SZ-FA-CT-03','OPERATOR_DEPENDENT','MEASUREMENT',1,1,'Model-CT-C','华测','SN000053','深圳研发中心-失效分析实验室的曲线追踪仪设备',1,1.70815,1,'AVAILABLE',NULL,NULL,82,NULL,NULL,236,1,NULL,NULL,'2026-02-01 23:42:16','2026-02-01 23:42:16'),(54,'曲线追踪仪-04','SZ-FA-CT-04','OPERATOR_DEPENDENT','MEASUREMENT',1,1,'Model-CT-C','岛津','SN000054','深圳研发中心-失效分析实验室的曲线追踪仪设备',1,2.84877,1,'AVAILABLE',NULL,NULL,84,NULL,NULL,246,1,NULL,NULL,'2026-02-01 23:42:16','2026-02-01 23:42:16'),(55,'曲线追踪仪-05','SZ-FA-CT-05','OPERATOR_DEPENDENT','MEASUREMENT',1,1,'Model-CT-A','日立','SN000055','深圳研发中心-失效分析实验室的曲线追踪仪设备',1,1.50851,1,'AVAILABLE',NULL,NULL,36,NULL,NULL,279,1,NULL,NULL,'2026-02-01 23:42:16','2026-02-01 23:42:16'),(56,'曲线追踪仪-06','SZ-FA-CT-06','OPERATOR_DEPENDENT','MEASUREMENT',1,1,'Model-CT-B','岛津','SN000056','深圳研发中心-失效分析实验室的曲线追踪仪设备',1,2.19699,1,'AVAILABLE',NULL,NULL,48,NULL,NULL,214,1,NULL,NULL,'2026-02-01 23:42:16','2026-02-01 23:42:16'),(57,'曲线追踪仪-07','SZ-FA-CT-07','OPERATOR_DEPENDENT','MEASUREMENT',1,1,'Model-CT-C','岛津','SN000057','深圳研发中心-失效分析实验室的曲线追踪仪设备',1,3.55025,1,'AVAILABLE',NULL,NULL,37,NULL,NULL,213,1,NULL,NULL,'2026-02-01 23:42:16','2026-02-01 23:42:16'),(58,'曲线追踪仪-08','SZ-FA-CT-08','OPERATOR_DEPENDENT','MEASUREMENT',1,1,'Model-CT-B','科达','SN000058','深圳研发中心-失效分析实验室的曲线追踪仪设备',1,1.16337,1,'AVAILABLE',NULL,NULL,31,NULL,NULL,224,1,NULL,NULL,'2026-02-01 23:42:16','2026-02-01 23:42:16'),(59,'曲线追踪仪-09','SZ-FA-CT-09','OPERATOR_DEPENDENT','MEASUREMENT',1,1,'Model-CT-B','蔡司','SN000059','深圳研发中心-失效分析实验室的曲线追踪仪设备',1,3.34953,1,'AVAILABLE',NULL,NULL,89,NULL,NULL,265,1,NULL,NULL,'2026-02-01 23:42:16','2026-02-01 23:42:16'),(60,'曲线追踪仪-10','SZ-FA-CT-10','OPERATOR_DEPENDENT','MEASUREMENT',1,1,'Model-CT-A','华测','SN000060','深圳研发中心-失效分析实验室的曲线追踪仪设备',1,3.09451,1,'AVAILABLE',NULL,NULL,64,NULL,NULL,261,1,NULL,NULL,'2026-02-01 23:42:16','2026-02-01 23:42:16'),(61,'万用表-01','SZ-FA-DMM-01','OPERATOR_DEPENDENT','MEASUREMENT',1,1,'Model-DMM-A','华测','SN000061','深圳研发中心-失效分析实验室的万用表设备',1,2.62823,1,'AVAILABLE',NULL,NULL,32,NULL,NULL,221,1,NULL,NULL,'2026-02-01 23:42:16','2026-02-01 23:42:16'),(62,'万用表-02','SZ-FA-DMM-02','OPERATOR_DEPENDENT','MEASUREMENT',1,1,'Model-DMM-C','蔡司','SN000062','深圳研发中心-失效分析实验室的万用表设备',1,1.15972,1,'AVAILABLE',NULL,NULL,35,NULL,NULL,349,1,NULL,NULL,'2026-02-01 23:42:16','2026-02-01 23:42:16'),(63,'万用表-03','SZ-FA-DMM-03','OPERATOR_DEPENDENT','MEASUREMENT',1,1,'Model-DMM-B','科达','SN000063','深圳研发中心-失效分析实验室的万用表设备',1,3.10304,1,'AVAILABLE',NULL,NULL,67,NULL,NULL,211,1,NULL,NULL,'2026-02-01 23:42:16','2026-02-01 23:42:16'),(64,'万用表-04','SZ-FA-DMM-04','OPERATOR_DEPENDENT','MEASUREMENT',1,1,'Model-DMM-C','华测','SN000064','深圳研发中心-失效分析实验室的万用表设备',1,3.8918,1,'MAINTENANCE',NULL,NULL,89,NULL,NULL,291,1,NULL,NULL,'2026-02-01 23:42:16','2026-02-01 23:42:16'),(65,'万用表-05','SZ-FA-DMM-05','OPERATOR_DEPENDENT','MEASUREMENT',1,1,'Model-DMM-B','华测','SN000065','深圳研发中心-失效分析实验室的万用表设备',1,3.88058,1,'AVAILABLE',NULL,NULL,43,NULL,NULL,317,1,NULL,NULL,'2026-02-01 23:42:16','2026-02-01 23:42:16'),(66,'万用表-06','SZ-FA-DMM-06','OPERATOR_DEPENDENT','MEASUREMENT',1,1,'Model-DMM-A','岛津','SN000066','深圳研发中心-失效分析实验室的万用表设备',1,1.94272,1,'AVAILABLE',NULL,NULL,35,NULL,NULL,309,1,NULL,NULL,'2026-02-01 23:42:16','2026-02-01 23:42:16'),(67,'万用表-07','SZ-FA-DMM-07','OPERATOR_DEPENDENT','MEASUREMENT',1,1,'Model-DMM-A','科达','SN000067','深圳研发中心-失效分析实验室的万用表设备',1,1.73602,1,'AVAILABLE',NULL,NULL,89,NULL,NULL,188,1,NULL,NULL,'2026-02-01 23:42:16','2026-02-01 23:42:16'),(68,'万用表-08','SZ-FA-DMM-08','OPERATOR_DEPENDENT','MEASUREMENT',1,1,'Model-DMM-B','科达','SN000068','深圳研发中心-失效分析实验室的万用表设备',1,4.35491,1,'AVAILABLE',NULL,NULL,42,NULL,NULL,342,1,NULL,NULL,'2026-02-01 23:42:16','2026-02-01 23:42:16'),(69,'万用表-09','SZ-FA-DMM-09','OPERATOR_DEPENDENT','MEASUREMENT',1,1,'Model-DMM-C','岛津','SN000069','深圳研发中心-失效分析实验室的万用表设备',1,2.93569,1,'AVAILABLE',NULL,NULL,48,NULL,NULL,291,1,NULL,NULL,'2026-02-01 23:42:16','2026-02-01 23:42:16'),(70,'万用表-10','SZ-FA-DMM-10','OPERATOR_DEPENDENT','MEASUREMENT',1,1,'Model-DMM-C','华测','SN000070','深圳研发中心-失效分析实验室的万用表设备',1,3.32826,1,'AVAILABLE',NULL,NULL,68,NULL,NULL,200,1,NULL,NULL,'2026-02-01 23:42:16','2026-02-01 23:42:16'),(71,'研磨抛光机-01','SZ-FA-GP-01','OPERATOR_DEPENDENT','MECHANICAL',1,1,'Model-GP-A','华测','SN000071','深圳研发中心-失效分析实验室的研磨抛光机设备',1,1.86593,1,'AVAILABLE',NULL,NULL,89,NULL,NULL,357,1,NULL,NULL,'2026-02-01 23:42:16','2026-02-01 23:42:16'),(72,'研磨抛光机-02','SZ-FA-GP-02','OPERATOR_DEPENDENT','MECHANICAL',1,1,'Model-GP-B','日立','SN000072','深圳研发中心-失效分析实验室的研磨抛光机设备',1,1.02796,1,'AVAILABLE',NULL,NULL,47,NULL,NULL,214,1,NULL,NULL,'2026-02-01 23:42:16','2026-02-01 23:42:16'),(73,'研磨抛光机-03','SZ-FA-GP-03','OPERATOR_DEPENDENT','MECHANICAL',1,1,'Model-GP-A','华测','SN000073','深圳研发中心-失效分析实验室的研磨抛光机设备',1,1.19104,1,'AVAILABLE',NULL,NULL,34,NULL,NULL,359,1,NULL,NULL,'2026-02-01 23:42:16','2026-02-01 23:42:16'),(74,'研磨抛光机-04','SZ-FA-GP-04','OPERATOR_DEPENDENT','MECHANICAL',1,1,'Model-GP-C','科达','SN000074','深圳研发中心-失效分析实验室的研磨抛光机设备',1,4.17353,1,'AVAILABLE',NULL,NULL,84,NULL,NULL,320,1,NULL,NULL,'2026-02-01 23:42:16','2026-02-01 23:42:16'),(75,'研磨抛光机-05','SZ-FA-GP-05','OPERATOR_DEPENDENT','MECHANICAL',1,1,'Model-GP-B','华测','SN000075','深圳研发中心-失效分析实验室的研磨抛光机设备',1,1.04735,1,'AVAILABLE',NULL,NULL,42,NULL,NULL,340,1,NULL,NULL,'2026-02-01 23:42:16','2026-02-01 23:42:16'),(76,'研磨抛光机-06','SZ-FA-GP-06','OPERATOR_DEPENDENT','MECHANICAL',1,1,'Model-GP-B','蔡司','SN000076','深圳研发中心-失效分析实验室的研磨抛光机设备',1,3.65747,1,'AVAILABLE',NULL,NULL,48,NULL,NULL,256,1,NULL,NULL,'2026-02-01 23:42:16','2026-02-01 23:42:16'),(77,'研磨抛光机-07','SZ-FA-GP-07','OPERATOR_DEPENDENT','MECHANICAL',1,1,'Model-GP-B','日立','SN000077','深圳研发中心-失效分析实验室的研磨抛光机设备',1,4.77506,1,'MAINTENANCE',NULL,NULL,88,NULL,NULL,305,1,NULL,NULL,'2026-02-01 23:42:16','2026-02-01 23:42:16'),(78,'研磨抛光机-08','SZ-FA-GP-08','OPERATOR_DEPENDENT','MECHANICAL',1,1,'Model-GP-B','华测','SN000078','深圳研发中心-失效分析实验室的研磨抛光机设备',1,4.99761,1,'AVAILABLE',NULL,NULL,85,NULL,NULL,218,1,NULL,NULL,'2026-02-01 23:42:16','2026-02-01 23:42:16'),(79,'研磨抛光机-09','SZ-FA-GP-09','OPERATOR_DEPENDENT','MECHANICAL',1,1,'Model-GP-A','岛津','SN000079','深圳研发中心-失效分析实验室的研磨抛光机设备',1,3.20674,1,'AVAILABLE',NULL,NULL,41,NULL,NULL,194,1,NULL,NULL,'2026-02-01 23:42:16','2026-02-01 23:42:16'),(80,'研磨抛光机-10','SZ-FA-GP-10','OPERATOR_DEPENDENT','MECHANICAL',1,1,'Model-GP-A','赛默飞','SN000080','深圳研发中心-失效分析实验室的研磨抛光机设备',1,4.817,1,'AVAILABLE',NULL,NULL,83,NULL,NULL,302,1,NULL,NULL,'2026-02-01 23:42:16','2026-02-01 23:42:16'),(81,'切割机-01','SZ-FA-SAW-01','OPERATOR_DEPENDENT','MECHANICAL',1,1,'Model-SAW-C','科达','SN000081','深圳研发中心-失效分析实验室的切割机设备',1,2.22918,1,'AVAILABLE',NULL,NULL,39,NULL,NULL,218,1,NULL,NULL,'2026-02-01 23:42:16','2026-02-01 23:42:16'),(82,'切割机-02','SZ-FA-SAW-02','OPERATOR_DEPENDENT','MECHANICAL',1,1,'Model-SAW-B','日立','SN000082','深圳研发中心-失效分析实验室的切割机设备',1,2.92255,1,'MAINTENANCE',NULL,NULL,33,NULL,NULL,340,1,NULL,NULL,'2026-02-01 23:42:16','2026-02-01 23:42:16'),(83,'切割机-03','SZ-FA-SAW-03','OPERATOR_DEPENDENT','MECHANICAL',1,1,'Model-SAW-B','赛默飞','SN000083','深圳研发中心-失效分析实验室的切割机设备',1,3.09488,1,'AVAILABLE',NULL,NULL,68,NULL,NULL,317,1,NULL,NULL,'2026-02-01 23:42:16','2026-02-01 23:42:16'),(84,'切割机-04','SZ-FA-SAW-04','OPERATOR_DEPENDENT','MECHANICAL',1,1,'Model-SAW-B','华测','SN000084','深圳研发中心-失效分析实验室的切割机设备',1,1.74305,1,'AVAILABLE',NULL,NULL,35,NULL,NULL,250,1,NULL,NULL,'2026-02-01 23:42:16','2026-02-01 23:42:16'),(85,'切割机-05','SZ-FA-SAW-05','OPERATOR_DEPENDENT','MECHANICAL',1,1,'Model-SAW-C','蔡司','SN000085','深圳研发中心-失效分析实验室的切割机设备',1,2.09142,1,'AVAILABLE',NULL,NULL,44,NULL,NULL,188,1,NULL,NULL,'2026-02-01 23:42:16','2026-02-01 23:42:16'),(86,'切割机-06','SZ-FA-SAW-06','OPERATOR_DEPENDENT','MECHANICAL',1,1,'Model-SAW-C','岛津','SN000086','深圳研发中心-失效分析实验室的切割机设备',1,2.88657,1,'AVAILABLE',NULL,NULL,60,NULL,NULL,289,1,NULL,NULL,'2026-02-01 23:42:16','2026-02-01 23:42:16'),(87,'切割机-07','SZ-FA-SAW-07','OPERATOR_DEPENDENT','MECHANICAL',1,1,'Model-SAW-B','华测','SN000087','深圳研发中心-失效分析实验室的切割机设备',1,4.39463,1,'AVAILABLE',NULL,NULL,37,NULL,NULL,221,1,NULL,NULL,'2026-02-01 23:42:16','2026-02-01 23:42:16'),(88,'切割机-08','SZ-FA-SAW-08','OPERATOR_DEPENDENT','MECHANICAL',1,1,'Model-SAW-A','日立','SN000088','深圳研发中心-失效分析实验室的切割机设备',1,3.54929,1,'AVAILABLE',NULL,NULL,45,NULL,NULL,325,1,NULL,NULL,'2026-02-01 23:42:16','2026-02-01 23:42:16'),(89,'切割机-09','SZ-FA-SAW-09','OPERATOR_DEPENDENT','MECHANICAL',1,1,'Model-SAW-C','科达','SN000089','深圳研发中心-失效分析实验室的切割机设备',1,4.2618,1,'AVAILABLE',NULL,NULL,57,NULL,NULL,300,1,NULL,NULL,'2026-02-01 23:42:16','2026-02-01 23:42:16'),(90,'切割机-10','SZ-FA-SAW-10','OPERATOR_DEPENDENT','MECHANICAL',1,1,'Model-SAW-A','华测','SN000090','深圳研发中心-失效分析实验室的切割机设备',1,4.45128,1,'AVAILABLE',NULL,NULL,71,NULL,NULL,188,1,NULL,NULL,'2026-02-01 23:42:16','2026-02-01 23:42:16'),(91,'超声波清洗机-01','SZ-FA-USC-01','AUTONOMOUS','OTHER',1,1,'Model-USC-C','蔡司','SN000091','深圳研发中心-失效分析实验室的超声波清洗机设备',50,1.86278,1,'AVAILABLE',NULL,NULL,62,NULL,NULL,253,1,NULL,NULL,'2026-02-01 23:42:16','2026-02-01 23:42:16'),(92,'超声波清洗机-02','SZ-FA-USC-02','AUTONOMOUS','OTHER',1,1,'Model-USC-A','科达','SN000092','深圳研发中心-失效分析实验室的超声波清洗机设备',41,3.79694,5,'MAINTENANCE',NULL,NULL,41,NULL,NULL,304,1,NULL,NULL,'2026-02-01 23:42:16','2026-02-01 23:42:16'),(93,'超声波清洗机-03','SZ-FA-USC-03','AUTONOMOUS','OTHER',1,1,'Model-USC-B','日立','SN000093','深圳研发中心-失效分析实验室的超声波清洗机设备',39,4.30772,3,'AVAILABLE',NULL,NULL,71,NULL,NULL,355,1,NULL,NULL,'2026-02-01 23:42:16','2026-02-01 23:42:16'),(94,'超声波清洗机-04','SZ-FA-USC-04','AUTONOMOUS','OTHER',1,1,'Model-USC-B','蔡司','SN000094','深圳研发中心-失效分析实验室的超声波清洗机设备',48,2.11528,5,'AVAILABLE',NULL,NULL,82,NULL,NULL,262,1,NULL,NULL,'2026-02-01 23:42:16','2026-02-01 23:42:16'),(95,'超声波清洗机-05','SZ-FA-USC-05','AUTONOMOUS','OTHER',1,1,'Model-USC-A','赛默飞','SN000095','深圳研发中心-失效分析实验室的超声波清洗机设备',42,1.57985,5,'AVAILABLE',NULL,NULL,84,NULL,NULL,227,1,NULL,NULL,'2026-02-01 23:42:16','2026-02-01 23:42:16'),(96,'超声波清洗机-06','SZ-FA-USC-06','AUTONOMOUS','OTHER',1,1,'Model-USC-C','蔡司','SN000096','深圳研发中心-失效分析实验室的超声波清洗机设备',23,3.51137,4,'AVAILABLE',NULL,NULL,32,NULL,NULL,341,1,NULL,NULL,'2026-02-01 23:42:16','2026-02-01 23:42:16'),(97,'超声波清洗机-07','SZ-FA-USC-07','AUTONOMOUS','OTHER',1,1,'Model-USC-B','科达','SN000097','深圳研发中心-失效分析实验室的超声波清洗机设备',16,1.77048,2,'AVAILABLE',NULL,NULL,61,NULL,NULL,199,1,NULL,NULL,'2026-02-01 23:42:16','2026-02-01 23:42:16'),(98,'超声波清洗机-08','SZ-FA-USC-08','AUTONOMOUS','OTHER',1,1,'Model-USC-A','岛津','SN000098','深圳研发中心-失效分析实验室的超声波清洗机设备',50,3.01327,1,'AVAILABLE',NULL,NULL,47,NULL,NULL,345,1,NULL,NULL,'2026-02-01 23:42:16','2026-02-01 23:42:16'),(99,'超声波清洗机-09','SZ-FA-USC-09','AUTONOMOUS','OTHER',1,1,'Model-USC-B','日立','SN000099','深圳研发中心-失效分析实验室的超声波清洗机设备',45,4.97702,1,'AVAILABLE',NULL,NULL,56,NULL,NULL,293,1,NULL,NULL,'2026-02-01 23:42:16','2026-02-01 23:42:16'),(100,'超声波清洗机-10','SZ-FA-USC-10','AUTONOMOUS','OTHER',1,1,'Model-USC-C','岛津','SN000100','深圳研发中心-失效分析实验室的超声波清洗机设备',23,4.96162,4,'AVAILABLE',NULL,NULL,46,NULL,NULL,229,1,NULL,NULL,'2026-02-01 23:42:16','2026-02-01 23:42:16'),(101,'高温烤箱-01','SZ-REL-OVEN-01','AUTONOMOUS','THERMAL',2,1,'Model-OVEN-A','赛默飞','SN000101','深圳研发中心-可靠性实验室的高温烤箱设备',42,4.36469,2,'AVAILABLE',NULL,NULL,42,NULL,NULL,349,1,NULL,NULL,'2026-02-01 23:42:16','2026-02-01 23:42:16'),(102,'高温烤箱-02','SZ-REL-OVEN-02','AUTONOMOUS','THERMAL',2,1,'Model-OVEN-B','岛津','SN000102','深圳研发中心-可靠性实验室的高温烤箱设备',23,3.38682,1,'AVAILABLE',NULL,NULL,83,NULL,NULL,340,1,NULL,NULL,'2026-02-01 23:42:16','2026-02-01 23:42:16'),(103,'高温烤箱-03','SZ-REL-OVEN-03','AUTONOMOUS','THERMAL',2,1,'Model-OVEN-B','科达','SN000103','深圳研发中心-可靠性实验室的高温烤箱设备',36,2.97035,1,'AVAILABLE',NULL,NULL,90,NULL,NULL,315,1,NULL,NULL,'2026-02-01 23:42:16','2026-02-01 23:42:16'),(104,'高温烤箱-04','SZ-REL-OVEN-04','AUTONOMOUS','THERMAL',2,1,'Model-OVEN-A','蔡司','SN000104','深圳研发中心-可靠性实验室的高温烤箱设备',44,2.83382,3,'AVAILABLE',NULL,NULL,41,NULL,NULL,190,1,NULL,NULL,'2026-02-01 23:42:16','2026-02-01 23:42:16'),(105,'高温烤箱-05','SZ-REL-OVEN-05','AUTONOMOUS','THERMAL',2,1,'Model-OVEN-A','华测','SN000105','深圳研发中心-可靠性实验室的高温烤箱设备',45,2.41587,5,'AVAILABLE',NULL,NULL,90,NULL,NULL,302,1,NULL,NULL,'2026-02-01 23:42:16','2026-02-01 23:42:16'),(106,'高温烤箱-06','SZ-REL-OVEN-06','AUTONOMOUS','THERMAL',2,1,'Model-OVEN-B','日立','SN000106','深圳研发中心-可靠性实验室的高温烤箱设备',12,3.52586,1,'AVAILABLE',NULL,NULL,66,NULL,NULL,261,1,NULL,NULL,'2026-02-01 23:42:16','2026-02-01 23:42:16'),(107,'高温烤箱-07','SZ-REL-OVEN-07','AUTONOMOUS','THERMAL',2,1,'Model-OVEN-B','日立','SN000107','深圳研发中心-可靠性实验室的高温烤箱设备',48,3.30399,1,'AVAILABLE',NULL,NULL,63,NULL,NULL,208,1,NULL,NULL,'2026-02-01 23:42:16','2026-02-01 23:42:16'),(108,'高温烤箱-08','SZ-REL-OVEN-08','AUTONOMOUS','THERMAL',2,1,'Model-OVEN-C','蔡司','SN000108','深圳研发中心-可靠性实验室的高温烤箱设备',27,3.75999,2,'MAINTENANCE',NULL,NULL,75,NULL,NULL,301,1,NULL,NULL,'2026-02-01 23:42:16','2026-02-01 23:42:16'),(109,'高温烤箱-09','SZ-REL-OVEN-09','AUTONOMOUS','THERMAL',2,1,'Model-OVEN-A','日立','SN000109','深圳研发中心-可靠性实验室的高温烤箱设备',37,2.03499,4,'MAINTENANCE',NULL,NULL,71,NULL,NULL,354,1,NULL,NULL,'2026-02-01 23:42:16','2026-02-01 23:42:16'),(110,'高温烤箱-10','SZ-REL-OVEN-10','AUTONOMOUS','THERMAL',2,1,'Model-OVEN-B','赛默飞','SN000110','深圳研发中心-可靠性实验室的高温烤箱设备',18,4.75795,5,'AVAILABLE',NULL,NULL,51,NULL,NULL,327,1,NULL,NULL,'2026-02-01 23:42:16','2026-02-01 23:42:16'),(111,'低温箱-01','SZ-REL-COLD-01','AUTONOMOUS','THERMAL',2,1,'Model-COLD-C','蔡司','SN000111','深圳研发中心-可靠性实验室的低温箱设备',31,3.23476,4,'MAINTENANCE',NULL,NULL,55,NULL,NULL,289,1,NULL,NULL,'2026-02-01 23:42:16','2026-02-01 23:42:16'),(112,'低温箱-02','SZ-REL-COLD-02','AUTONOMOUS','THERMAL',2,1,'Model-COLD-B','华测','SN000112','深圳研发中心-可靠性实验室的低温箱设备',21,3.08744,5,'MAINTENANCE',NULL,NULL,45,NULL,NULL,276,1,NULL,NULL,'2026-02-01 23:42:16','2026-02-01 23:42:16'),(113,'低温箱-03','SZ-REL-COLD-03','AUTONOMOUS','THERMAL',2,1,'Model-COLD-C','科达','SN000113','深圳研发中心-可靠性实验室的低温箱设备',43,2.63595,5,'AVAILABLE',NULL,NULL,38,NULL,NULL,250,1,NULL,NULL,'2026-02-01 23:42:16','2026-02-01 23:42:16'),(114,'低温箱-04','SZ-REL-COLD-04','AUTONOMOUS','THERMAL',2,1,'Model-COLD-A','日立','SN000114','深圳研发中心-可靠性实验室的低温箱设备',37,2.39979,1,'AVAILABLE',NULL,NULL,40,NULL,NULL,206,1,NULL,NULL,'2026-02-01 23:42:16','2026-02-01 23:42:16'),(115,'低温箱-05','SZ-REL-COLD-05','AUTONOMOUS','THERMAL',2,1,'Model-COLD-A','日立','SN000115','深圳研发中心-可靠性实验室的低温箱设备',14,3.19558,4,'MAINTENANCE',NULL,NULL,77,NULL,NULL,182,1,NULL,NULL,'2026-02-01 23:42:16','2026-02-01 23:42:16'),(116,'低温箱-06','SZ-REL-COLD-06','AUTONOMOUS','THERMAL',2,1,'Model-COLD-C','华测','SN000116','深圳研发中心-可靠性实验室的低温箱设备',36,3.94014,5,'AVAILABLE',NULL,NULL,80,NULL,NULL,327,1,NULL,NULL,'2026-02-01 23:42:16','2026-02-01 23:42:16'),(117,'低温箱-07','SZ-REL-COLD-07','AUTONOMOUS','THERMAL',2,1,'Model-COLD-B','华测','SN000117','深圳研发中心-可靠性实验室的低温箱设备',12,4.91643,3,'AVAILABLE',NULL,NULL,87,NULL,NULL,355,1,NULL,NULL,'2026-02-01 23:42:16','2026-02-01 23:42:16'),(118,'低温箱-08','SZ-REL-COLD-08','AUTONOMOUS','THERMAL',2,1,'Model-COLD-A','科达','SN000118','深圳研发中心-可靠性实验室的低温箱设备',17,3.9961,2,'AVAILABLE',NULL,NULL,36,NULL,NULL,323,1,NULL,NULL,'2026-02-01 23:42:16','2026-02-01 23:42:16'),(119,'低温箱-09','SZ-REL-COLD-09','AUTONOMOUS','THERMAL',2,1,'Model-COLD-A','科达','SN000119','深圳研发中心-可靠性实验室的低温箱设备',22,3.8955,5,'AVAILABLE',NULL,NULL,89,NULL,NULL,187,1,NULL,NULL,'2026-02-01 23:42:16','2026-02-01 23:42:16'),(120,'低温箱-10','SZ-REL-COLD-10','AUTONOMOUS','THERMAL',2,1,'Model-COLD-A','岛津','SN000120','深圳研发中心-可靠性实验室的低温箱设备',47,3.83398,4,'AVAILABLE',NULL,NULL,53,NULL,NULL,236,1,NULL,NULL,'2026-02-01 23:42:16','2026-02-01 23:42:16'),(121,'温湿度箱-01','SZ-REL-THC-01','AUTONOMOUS','ENVIRONMENTAL',2,1,'Model-THC-B','赛默飞','SN000121','深圳研发中心-可靠性实验室的温湿度箱设备',38,4.25401,4,'AVAILABLE',NULL,NULL,88,NULL,NULL,237,1,NULL,NULL,'2026-02-01 23:42:16','2026-02-01 23:42:16'),(122,'温湿度箱-02','SZ-REL-THC-02','AUTONOMOUS','ENVIRONMENTAL',2,1,'Model-THC-A','蔡司','SN000122','深圳研发中心-可靠性实验室的温湿度箱设备',48,1.38472,5,'AVAILABLE',NULL,NULL,62,NULL,NULL,252,1,NULL,NULL,'2026-02-01 23:42:16','2026-02-01 23:42:16'),(123,'温湿度箱-03','SZ-REL-THC-03','AUTONOMOUS','ENVIRONMENTAL',2,1,'Model-THC-A','科达','SN000123','深圳研发中心-可靠性实验室的温湿度箱设备',45,3.14189,2,'AVAILABLE',NULL,NULL,59,NULL,NULL,349,1,NULL,NULL,'2026-02-01 23:42:16','2026-02-01 23:42:16'),(124,'温湿度箱-04','SZ-REL-THC-04','AUTONOMOUS','ENVIRONMENTAL',2,1,'Model-THC-C','华测','SN000124','深圳研发中心-可靠性实验室的温湿度箱设备',44,4.22258,1,'AVAILABLE',NULL,NULL,32,NULL,NULL,307,1,NULL,NULL,'2026-02-01 23:42:16','2026-02-01 23:42:16'),(125,'温湿度箱-05','SZ-REL-THC-05','AUTONOMOUS','ENVIRONMENTAL',2,1,'Model-THC-A','蔡司','SN000125','深圳研发中心-可靠性实验室的温湿度箱设备',13,2.46543,4,'AVAILABLE',NULL,NULL,64,NULL,NULL,214,1,NULL,NULL,'2026-02-01 23:42:16','2026-02-01 23:42:16'),(126,'温湿度箱-06','SZ-REL-THC-06','AUTONOMOUS','ENVIRONMENTAL',2,1,'Model-THC-C','日立','SN000126','深圳研发中心-可靠性实验室的温湿度箱设备',35,4.15743,2,'AVAILABLE',NULL,NULL,58,NULL,NULL,350,1,NULL,NULL,'2026-02-01 23:42:16','2026-02-01 23:42:16'),(127,'温湿度箱-07','SZ-REL-THC-07','AUTONOMOUS','ENVIRONMENTAL',2,1,'Model-THC-A','华测','SN000127','深圳研发中心-可靠性实验室的温湿度箱设备',50,4.53401,3,'MAINTENANCE',NULL,NULL,51,NULL,NULL,321,1,NULL,NULL,'2026-02-01 23:42:16','2026-02-01 23:42:16'),(128,'温湿度箱-08','SZ-REL-THC-08','AUTONOMOUS','ENVIRONMENTAL',2,1,'Model-THC-A','科达','SN000128','深圳研发中心-可靠性实验室的温湿度箱设备',23,4.2378,5,'AVAILABLE',NULL,NULL,37,NULL,NULL,294,1,NULL,NULL,'2026-02-01 23:42:16','2026-02-01 23:42:16'),(129,'温湿度箱-09','SZ-REL-THC-09','AUTONOMOUS','ENVIRONMENTAL',2,1,'Model-THC-C','赛默飞','SN000129','深圳研发中心-可靠性实验室的温湿度箱设备',29,4.77956,2,'AVAILABLE',NULL,NULL,42,NULL,NULL,329,1,NULL,NULL,'2026-02-01 23:42:16','2026-02-01 23:42:16'),(130,'温湿度箱-10','SZ-REL-THC-10','AUTONOMOUS','ENVIRONMENTAL',2,1,'Model-THC-B','科达','SN000130','深圳研发中心-可靠性实验室的温湿度箱设备',25,3.37266,1,'AVAILABLE',NULL,NULL,81,NULL,NULL,355,1,NULL,NULL,'2026-02-01 23:42:16','2026-02-01 23:42:16'),(131,'冷热冲击箱-01','SZ-REL-TSC-01','AUTONOMOUS','ENVIRONMENTAL',2,1,'Model-TSC-C','岛津','SN000131','深圳研发中心-可靠性实验室的冷热冲击箱设备',11,2.18023,2,'AVAILABLE',NULL,NULL,62,NULL,NULL,280,1,NULL,NULL,'2026-02-01 23:42:16','2026-02-01 23:42:16'),(132,'冷热冲击箱-02','SZ-REL-TSC-02','AUTONOMOUS','ENVIRONMENTAL',2,1,'Model-TSC-B','华测','SN000132','深圳研发中心-可靠性实验室的冷热冲击箱设备',25,3.69498,2,'AVAILABLE',NULL,NULL,58,NULL,NULL,328,1,NULL,NULL,'2026-02-01 23:42:16','2026-02-01 23:42:16'),(133,'冷热冲击箱-03','SZ-REL-TSC-03','AUTONOMOUS','ENVIRONMENTAL',2,1,'Model-TSC-A','岛津','SN000133','深圳研发中心-可靠性实验室的冷热冲击箱设备',27,2.31973,3,'AVAILABLE',NULL,NULL,85,NULL,NULL,339,1,NULL,NULL,'2026-02-01 23:42:16','2026-02-01 23:42:16'),(134,'冷热冲击箱-04','SZ-REL-TSC-04','AUTONOMOUS','ENVIRONMENTAL',2,1,'Model-TSC-C','日立','SN000134','深圳研发中心-可靠性实验室的冷热冲击箱设备',21,2.47965,5,'AVAILABLE',NULL,NULL,55,NULL,NULL,325,1,NULL,NULL,'2026-02-01 23:42:16','2026-02-01 23:42:16'),(135,'冷热冲击箱-05','SZ-REL-TSC-05','AUTONOMOUS','ENVIRONMENTAL',2,1,'Model-TSC-A','华测','SN000135','深圳研发中心-可靠性实验室的冷热冲击箱设备',19,2.8232,4,'MAINTENANCE',NULL,NULL,82,NULL,NULL,268,1,NULL,NULL,'2026-02-01 23:42:16','2026-02-01 23:42:16'),(136,'冷热冲击箱-06','SZ-REL-TSC-06','AUTONOMOUS','ENVIRONMENTAL',2,1,'Model-TSC-C','科达','SN000136','深圳研发中心-可靠性实验室的冷热冲击箱设备',11,4.05398,2,'AVAILABLE',NULL,NULL,53,NULL,NULL,243,1,NULL,NULL,'2026-02-01 23:42:16','2026-02-01 23:42:16'),(137,'冷热冲击箱-07','SZ-REL-TSC-07','AUTONOMOUS','ENVIRONMENTAL',2,1,'Model-TSC-B','华测','SN000137','深圳研发中心-可靠性实验室的冷热冲击箱设备',30,1.1568,1,'AVAILABLE',NULL,NULL,57,NULL,NULL,271,1,NULL,NULL,'2026-02-01 23:42:16','2026-02-01 23:42:16'),(138,'冷热冲击箱-08','SZ-REL-TSC-08','AUTONOMOUS','ENVIRONMENTAL',2,1,'Model-TSC-A','科达','SN000138','深圳研发中心-可靠性实验室的冷热冲击箱设备',46,4.29629,4,'AVAILABLE',NULL,NULL,50,NULL,NULL,257,1,NULL,NULL,'2026-02-01 23:42:16','2026-02-01 23:42:16'),(139,'冷热冲击箱-09','SZ-REL-TSC-09','AUTONOMOUS','ENVIRONMENTAL',2,1,'Model-TSC-B','华测','SN000139','深圳研发中心-可靠性实验室的冷热冲击箱设备',28,3.65368,2,'AVAILABLE',NULL,NULL,88,NULL,NULL,347,1,NULL,NULL,'2026-02-01 23:42:16','2026-02-01 23:42:16'),(140,'冷热冲击箱-10','SZ-REL-TSC-10','AUTONOMOUS','ENVIRONMENTAL',2,1,'Model-TSC-A','华测','SN000140','深圳研发中心-可靠性实验室的冷热冲击箱设备',17,1.91785,1,'AVAILABLE',NULL,NULL,89,NULL,NULL,203,1,NULL,NULL,'2026-02-01 23:42:16','2026-02-01 23:42:16'),(141,'盐雾箱-01','SZ-REL-SSC-01','AUTONOMOUS','ENVIRONMENTAL',2,1,'Model-SSC-A','蔡司','SN000141','深圳研发中心-可靠性实验室的盐雾箱设备',42,3.44964,1,'AVAILABLE',NULL,NULL,59,NULL,NULL,319,1,NULL,NULL,'2026-02-01 23:42:16','2026-02-01 23:42:16'),(142,'盐雾箱-02','SZ-REL-SSC-02','AUTONOMOUS','ENVIRONMENTAL',2,1,'Model-SSC-C','科达','SN000142','深圳研发中心-可靠性实验室的盐雾箱设备',13,3.2034,1,'AVAILABLE',NULL,NULL,37,NULL,NULL,186,1,NULL,NULL,'2026-02-01 23:42:16','2026-02-01 23:42:16'),(143,'盐雾箱-03','SZ-REL-SSC-03','AUTONOMOUS','ENVIRONMENTAL',2,1,'Model-SSC-A','华测','SN000143','深圳研发中心-可靠性实验室的盐雾箱设备',27,1.01024,3,'AVAILABLE',NULL,NULL,75,NULL,NULL,186,1,NULL,NULL,'2026-02-01 23:42:16','2026-02-01 23:42:16'),(144,'盐雾箱-04','SZ-REL-SSC-04','AUTONOMOUS','ENVIRONMENTAL',2,1,'Model-SSC-C','赛默飞','SN000144','深圳研发中心-可靠性实验室的盐雾箱设备',38,1.64967,5,'MAINTENANCE',NULL,NULL,68,NULL,NULL,304,1,NULL,NULL,'2026-02-01 23:42:16','2026-02-01 23:42:16'),(145,'盐雾箱-05','SZ-REL-SSC-05','AUTONOMOUS','ENVIRONMENTAL',2,1,'Model-SSC-B','岛津','SN000145','深圳研发中心-可靠性实验室的盐雾箱设备',30,4.96922,3,'AVAILABLE',NULL,NULL,77,NULL,NULL,191,1,NULL,NULL,'2026-02-01 23:42:16','2026-02-01 23:42:16'),(146,'盐雾箱-06','SZ-REL-SSC-06','AUTONOMOUS','ENVIRONMENTAL',2,1,'Model-SSC-C','日立','SN000146','深圳研发中心-可靠性实验室的盐雾箱设备',39,4.33176,2,'AVAILABLE',NULL,NULL,74,NULL,NULL,325,1,NULL,NULL,'2026-02-01 23:42:16','2026-02-01 23:42:16'),(147,'盐雾箱-07','SZ-REL-SSC-07','AUTONOMOUS','ENVIRONMENTAL',2,1,'Model-SSC-B','华测','SN000147','深圳研发中心-可靠性实验室的盐雾箱设备',19,1.46978,5,'AVAILABLE',NULL,NULL,57,NULL,NULL,246,1,NULL,NULL,'2026-02-01 23:42:16','2026-02-01 23:42:16'),(148,'盐雾箱-08','SZ-REL-SSC-08','AUTONOMOUS','ENVIRONMENTAL',2,1,'Model-SSC-C','日立','SN000148','深圳研发中心-可靠性实验室的盐雾箱设备',35,3.30771,4,'AVAILABLE',NULL,NULL,84,NULL,NULL,287,1,NULL,NULL,'2026-02-01 23:42:16','2026-02-01 23:42:16'),(149,'盐雾箱-09','SZ-REL-SSC-09','AUTONOMOUS','ENVIRONMENTAL',2,1,'Model-SSC-B','科达','SN000149','深圳研发中心-可靠性实验室的盐雾箱设备',32,1.9697,2,'AVAILABLE',NULL,NULL,59,NULL,NULL,254,1,NULL,NULL,'2026-02-01 23:42:16','2026-02-01 23:42:16'),(150,'盐雾箱-10','SZ-REL-SSC-10','AUTONOMOUS','ENVIRONMENTAL',2,1,'Model-SSC-B','蔡司','SN000150','深圳研发中心-可靠性实验室的盐雾箱设备',37,3.63197,2,'AVAILABLE',NULL,NULL,46,NULL,NULL,294,1,NULL,NULL,'2026-02-01 23:42:16','2026-02-01 23:42:16'),(151,'振动台-01','SZ-REL-VIB-01','OPERATOR_DEPENDENT','MECHANICAL',2,1,'Model-VIB-A','蔡司','SN000151','深圳研发中心-可靠性实验室的振动台设备',1,4.96956,1,'AVAILABLE',NULL,NULL,70,NULL,NULL,182,1,NULL,NULL,'2026-02-01 23:42:16','2026-02-01 23:42:16'),(152,'振动台-02','SZ-REL-VIB-02','OPERATOR_DEPENDENT','MECHANICAL',2,1,'Model-VIB-A','赛默飞','SN000152','深圳研发中心-可靠性实验室的振动台设备',1,2.16221,1,'MAINTENANCE',NULL,NULL,41,NULL,NULL,298,1,NULL,NULL,'2026-02-01 23:42:16','2026-02-01 23:42:16'),(153,'振动台-03','SZ-REL-VIB-03','OPERATOR_DEPENDENT','MECHANICAL',2,1,'Model-VIB-C','岛津','SN000153','深圳研发中心-可靠性实验室的振动台设备',1,4.59985,1,'AVAILABLE',NULL,NULL,85,NULL,NULL,280,1,NULL,NULL,'2026-02-01 23:42:16','2026-02-01 23:42:16'),(154,'振动台-04','SZ-REL-VIB-04','OPERATOR_DEPENDENT','MECHANICAL',2,1,'Model-VIB-B','岛津','SN000154','深圳研发中心-可靠性实验室的振动台设备',1,3.56989,1,'AVAILABLE',NULL,NULL,89,NULL,NULL,272,1,NULL,NULL,'2026-02-01 23:42:16','2026-02-01 23:42:16'),(155,'振动台-05','SZ-REL-VIB-05','OPERATOR_DEPENDENT','MECHANICAL',2,1,'Model-VIB-B','科达','SN000155','深圳研发中心-可靠性实验室的振动台设备',1,4.27153,1,'AVAILABLE',NULL,NULL,71,NULL,NULL,290,1,NULL,NULL,'2026-02-01 23:42:16','2026-02-01 23:42:16'),(156,'振动台-06','SZ-REL-VIB-06','OPERATOR_DEPENDENT','MECHANICAL',2,1,'Model-VIB-B','赛默飞','SN000156','深圳研发中心-可靠性实验室的振动台设备',1,3.59441,1,'AVAILABLE',NULL,NULL,41,NULL,NULL,305,1,NULL,NULL,'2026-02-01 23:42:16','2026-02-01 23:42:16'),(157,'振动台-07','SZ-REL-VIB-07','OPERATOR_DEPENDENT','MECHANICAL',2,1,'Model-VIB-C','蔡司','SN000157','深圳研发中心-可靠性实验室的振动台设备',1,2.59757,1,'AVAILABLE',NULL,NULL,32,NULL,NULL,224,1,NULL,NULL,'2026-02-01 23:42:16','2026-02-01 23:42:16'),(158,'振动台-08','SZ-REL-VIB-08','OPERATOR_DEPENDENT','MECHANICAL',2,1,'Model-VIB-B','赛默飞','SN000158','深圳研发中心-可靠性实验室的振动台设备',1,2.02276,1,'AVAILABLE',NULL,NULL,60,NULL,NULL,278,1,NULL,NULL,'2026-02-01 23:42:16','2026-02-01 23:42:16'),(159,'振动台-09','SZ-REL-VIB-09','OPERATOR_DEPENDENT','MECHANICAL',2,1,'Model-VIB-B','华测','SN000159','深圳研发中心-可靠性实验室的振动台设备',1,4.84036,1,'AVAILABLE',NULL,NULL,75,NULL,NULL,347,1,NULL,NULL,'2026-02-01 23:42:16','2026-02-01 23:42:16'),(160,'振动台-10','SZ-REL-VIB-10','OPERATOR_DEPENDENT','MECHANICAL',2,1,'Model-VIB-C','日立','SN000160','深圳研发中心-可靠性实验室的振动台设备',1,1.517,1,'AVAILABLE',NULL,NULL,39,NULL,NULL,239,1,NULL,NULL,'2026-02-01 23:42:16','2026-02-01 23:42:16'),(161,'冲击台-01','SZ-REL-SHK-01','OPERATOR_DEPENDENT','MECHANICAL',2,1,'Model-SHK-C','日立','SN000161','深圳研发中心-可靠性实验室的冲击台设备',1,3.79434,1,'AVAILABLE',NULL,NULL,30,NULL,NULL,204,1,NULL,NULL,'2026-02-01 23:42:16','2026-02-01 23:42:16'),(162,'冲击台-02','SZ-REL-SHK-02','OPERATOR_DEPENDENT','MECHANICAL',2,1,'Model-SHK-C','蔡司','SN000162','深圳研发中心-可靠性实验室的冲击台设备',1,3.75041,1,'AVAILABLE',NULL,NULL,68,NULL,NULL,194,1,NULL,NULL,'2026-02-01 23:42:16','2026-02-01 23:42:16'),(163,'冲击台-03','SZ-REL-SHK-03','OPERATOR_DEPENDENT','MECHANICAL',2,1,'Model-SHK-A','岛津','SN000163','深圳研发中心-可靠性实验室的冲击台设备',1,2.15412,1,'AVAILABLE',NULL,NULL,86,NULL,NULL,320,1,NULL,NULL,'2026-02-01 23:42:16','2026-02-01 23:42:16'),(164,'冲击台-04','SZ-REL-SHK-04','OPERATOR_DEPENDENT','MECHANICAL',2,1,'Model-SHK-B','华测','SN000164','深圳研发中心-可靠性实验室的冲击台设备',1,2.11835,1,'AVAILABLE',NULL,NULL,59,NULL,NULL,225,1,NULL,NULL,'2026-02-01 23:42:16','2026-02-01 23:42:16'),(165,'冲击台-05','SZ-REL-SHK-05','OPERATOR_DEPENDENT','MECHANICAL',2,1,'Model-SHK-B','日立','SN000165','深圳研发中心-可靠性实验室的冲击台设备',1,2.7549,1,'AVAILABLE',NULL,NULL,73,NULL,NULL,345,1,NULL,NULL,'2026-02-01 23:42:16','2026-02-01 23:42:16'),(166,'冲击台-06','SZ-REL-SHK-06','OPERATOR_DEPENDENT','MECHANICAL',2,1,'Model-SHK-B','日立','SN000166','深圳研发中心-可靠性实验室的冲击台设备',1,3.40524,1,'AVAILABLE',NULL,NULL,39,NULL,NULL,330,1,NULL,NULL,'2026-02-01 23:42:16','2026-02-01 23:42:16'),(167,'冲击台-07','SZ-REL-SHK-07','OPERATOR_DEPENDENT','MECHANICAL',2,1,'Model-SHK-A','日立','SN000167','深圳研发中心-可靠性实验室的冲击台设备',1,3.69736,1,'AVAILABLE',NULL,NULL,64,NULL,NULL,289,1,NULL,NULL,'2026-02-01 23:42:16','2026-02-01 23:42:16'),(168,'冲击台-08','SZ-REL-SHK-08','OPERATOR_DEPENDENT','MECHANICAL',2,1,'Model-SHK-C','日立','SN000168','深圳研发中心-可靠性实验室的冲击台设备',1,3.86495,1,'AVAILABLE',NULL,NULL,37,NULL,NULL,278,1,NULL,NULL,'2026-02-01 23:42:16','2026-02-01 23:42:16'),(169,'冲击台-09','SZ-REL-SHK-09','OPERATOR_DEPENDENT','MECHANICAL',2,1,'Model-SHK-C','日立','SN000169','深圳研发中心-可靠性实验室的冲击台设备',1,1.40726,1,'AVAILABLE',NULL,NULL,77,NULL,NULL,197,1,NULL,NULL,'2026-02-01 23:42:16','2026-02-01 23:42:16'),(170,'冲击台-10','SZ-REL-SHK-10','OPERATOR_DEPENDENT','MECHANICAL',2,1,'Model-SHK-C','赛默飞','SN000170','深圳研发中心-可靠性实验室的冲击台设备',1,1.82344,1,'AVAILABLE',NULL,NULL,46,NULL,NULL,261,1,NULL,NULL,'2026-02-01 23:42:16','2026-02-01 23:42:16'),(171,'绝缘电阻测试仪-01','SZ-REL-IR-01','OPERATOR_DEPENDENT','ELECTRICAL',2,1,'Model-IR-C','赛默飞','SN000171','深圳研发中心-可靠性实验室的绝缘电阻测试仪设备',1,4.81216,1,'AVAILABLE',NULL,NULL,57,NULL,NULL,231,1,NULL,NULL,'2026-02-01 23:42:16','2026-02-01 23:42:16'),(172,'绝缘电阻测试仪-02','SZ-REL-IR-02','OPERATOR_DEPENDENT','ELECTRICAL',2,1,'Model-IR-A','岛津','SN000172','深圳研发中心-可靠性实验室的绝缘电阻测试仪设备',1,1.22334,1,'AVAILABLE',NULL,NULL,34,NULL,NULL,191,1,NULL,NULL,'2026-02-01 23:42:16','2026-02-01 23:42:16'),(173,'绝缘电阻测试仪-03','SZ-REL-IR-03','OPERATOR_DEPENDENT','ELECTRICAL',2,1,'Model-IR-B','赛默飞','SN000173','深圳研发中心-可靠性实验室的绝缘电阻测试仪设备',1,1.73017,1,'AVAILABLE',NULL,NULL,74,NULL,NULL,201,1,NULL,NULL,'2026-02-01 23:42:16','2026-02-01 23:42:16'),(174,'绝缘电阻测试仪-04','SZ-REL-IR-04','OPERATOR_DEPENDENT','ELECTRICAL',2,1,'Model-IR-A','蔡司','SN000174','深圳研发中心-可靠性实验室的绝缘电阻测试仪设备',1,4.74653,1,'AVAILABLE',NULL,NULL,53,NULL,NULL,230,1,NULL,NULL,'2026-02-01 23:42:16','2026-02-01 23:42:16'),(175,'绝缘电阻测试仪-05','SZ-REL-IR-05','OPERATOR_DEPENDENT','ELECTRICAL',2,1,'Model-IR-C','岛津','SN000175','深圳研发中心-可靠性实验室的绝缘电阻测试仪设备',1,2.68393,1,'AVAILABLE',NULL,NULL,58,NULL,NULL,214,1,NULL,NULL,'2026-02-01 23:42:16','2026-02-01 23:42:16'),(176,'绝缘电阻测试仪-06','SZ-REL-IR-06','OPERATOR_DEPENDENT','ELECTRICAL',2,1,'Model-IR-A','科达','SN000176','深圳研发中心-可靠性实验室的绝缘电阻测试仪设备',1,2.55804,1,'AVAILABLE',NULL,NULL,74,NULL,NULL,272,1,NULL,NULL,'2026-02-01 23:42:16','2026-02-01 23:42:16'),(177,'绝缘电阻测试仪-07','SZ-REL-IR-07','OPERATOR_DEPENDENT','ELECTRICAL',2,1,'Model-IR-C','岛津','SN000177','深圳研发中心-可靠性实验室的绝缘电阻测试仪设备',1,2.66227,1,'AVAILABLE',NULL,NULL,39,NULL,NULL,273,1,NULL,NULL,'2026-02-01 23:42:16','2026-02-01 23:42:16'),(178,'绝缘电阻测试仪-08','SZ-REL-IR-08','OPERATOR_DEPENDENT','ELECTRICAL',2,1,'Model-IR-A','科达','SN000178','深圳研发中心-可靠性实验室的绝缘电阻测试仪设备',1,2.39721,1,'MAINTENANCE',NULL,NULL,31,NULL,NULL,335,1,NULL,NULL,'2026-02-01 23:42:16','2026-02-01 23:42:16'),(179,'绝缘电阻测试仪-09','SZ-REL-IR-09','OPERATOR_DEPENDENT','ELECTRICAL',2,1,'Model-IR-B','蔡司','SN000179','深圳研发中心-可靠性实验室的绝缘电阻测试仪设备',1,1.09023,1,'AVAILABLE',NULL,NULL,37,NULL,NULL,210,1,NULL,NULL,'2026-02-01 23:42:16','2026-02-01 23:42:16'),(180,'绝缘电阻测试仪-10','SZ-REL-IR-10','OPERATOR_DEPENDENT','ELECTRICAL',2,1,'Model-IR-B','日立','SN000180','深圳研发中心-可靠性实验室的绝缘电阻测试仪设备',1,3.14086,1,'AVAILABLE',NULL,NULL,42,NULL,NULL,222,1,NULL,NULL,'2026-02-01 23:42:16','2026-02-01 23:42:16'),(181,'电源循环仪-01','SZ-REL-PC-01','AUTONOMOUS','ELECTRICAL',2,1,'Model-PC-B','蔡司','SN000181','深圳研发中心-可靠性实验室的电源循环仪设备',40,4.15362,3,'AVAILABLE',NULL,NULL,33,NULL,NULL,349,1,NULL,NULL,'2026-02-01 23:42:16','2026-02-01 23:42:16'),(182,'电源循环仪-02','SZ-REL-PC-02','AUTONOMOUS','ELECTRICAL',2,1,'Model-PC-C','赛默飞','SN000182','深圳研发中心-可靠性实验室的电源循环仪设备',23,3.97262,2,'AVAILABLE',NULL,NULL,30,NULL,NULL,338,1,NULL,NULL,'2026-02-01 23:42:16','2026-02-01 23:42:16'),(183,'电源循环仪-03','SZ-REL-PC-03','AUTONOMOUS','ELECTRICAL',2,1,'Model-PC-A','华测','SN000183','深圳研发中心-可靠性实验室的电源循环仪设备',30,3.02773,2,'AVAILABLE',NULL,NULL,56,NULL,NULL,283,1,NULL,NULL,'2026-02-01 23:42:16','2026-02-01 23:42:16'),(184,'电源循环仪-04','SZ-REL-PC-04','AUTONOMOUS','ELECTRICAL',2,1,'Model-PC-C','赛默飞','SN000184','深圳研发中心-可靠性实验室的电源循环仪设备',27,1.72647,2,'AVAILABLE',NULL,NULL,68,NULL,NULL,236,1,NULL,NULL,'2026-02-01 23:42:16','2026-02-01 23:42:16'),(185,'电源循环仪-05','SZ-REL-PC-05','AUTONOMOUS','ELECTRICAL',2,1,'Model-PC-C','华测','SN000185','深圳研发中心-可靠性实验室的电源循环仪设备',25,1.08736,3,'AVAILABLE',NULL,NULL,43,NULL,NULL,204,1,NULL,NULL,'2026-02-01 23:42:16','2026-02-01 23:42:16'),(186,'电源循环仪-06','SZ-REL-PC-06','AUTONOMOUS','ELECTRICAL',2,1,'Model-PC-B','日立','SN000186','深圳研发中心-可靠性实验室的电源循环仪设备',20,4.88199,3,'AVAILABLE',NULL,NULL,34,NULL,NULL,358,1,NULL,NULL,'2026-02-01 23:42:16','2026-02-01 23:42:16'),(187,'电源循环仪-07','SZ-REL-PC-07','AUTONOMOUS','ELECTRICAL',2,1,'Model-PC-C','华测','SN000187','深圳研发中心-可靠性实验室的电源循环仪设备',15,1.93943,3,'AVAILABLE',NULL,NULL,50,NULL,NULL,217,1,NULL,NULL,'2026-02-01 23:42:16','2026-02-01 23:42:16'),(188,'电源循环仪-08','SZ-REL-PC-08','AUTONOMOUS','ELECTRICAL',2,1,'Model-PC-B','科达','SN000188','深圳研发中心-可靠性实验室的电源循环仪设备',29,3.70491,1,'AVAILABLE',NULL,NULL,70,NULL,NULL,202,1,NULL,NULL,'2026-02-01 23:42:16','2026-02-01 23:42:16'),(189,'电源循环仪-09','SZ-REL-PC-09','AUTONOMOUS','ELECTRICAL',2,1,'Model-PC-A','日立','SN000189','深圳研发中心-可靠性实验室的电源循环仪设备',16,2.05965,3,'AVAILABLE',NULL,NULL,63,NULL,NULL,287,1,NULL,NULL,'2026-02-01 23:42:16','2026-02-01 23:42:16'),(190,'电源循环仪-10','SZ-REL-PC-10','AUTONOMOUS','ELECTRICAL',2,1,'Model-PC-B','岛津','SN000190','深圳研发中心-可靠性实验室的电源循环仪设备',12,2.87547,4,'AVAILABLE',NULL,NULL,61,NULL,NULL,345,1,NULL,NULL,'2026-02-01 23:42:16','2026-02-01 23:42:16'),(191,'精密电源-01','SZ-REL-PS-01','OPERATOR_DEPENDENT','MEASUREMENT',2,1,'Model-PS-B','华测','SN000191','深圳研发中心-可靠性实验室的精密电源设备',1,4.82337,1,'AVAILABLE',NULL,NULL,68,NULL,NULL,250,1,NULL,NULL,'2026-02-01 23:42:16','2026-02-01 23:42:16'),(192,'精密电源-02','SZ-REL-PS-02','OPERATOR_DEPENDENT','MEASUREMENT',2,1,'Model-PS-B','蔡司','SN000192','深圳研发中心-可靠性实验室的精密电源设备',1,3.16125,1,'AVAILABLE',NULL,NULL,51,NULL,NULL,337,1,NULL,NULL,'2026-02-01 23:42:16','2026-02-01 23:42:16'),(193,'精密电源-03','SZ-REL-PS-03','OPERATOR_DEPENDENT','MEASUREMENT',2,1,'Model-PS-B','日立','SN000193','深圳研发中心-可靠性实验室的精密电源设备',1,2.43078,1,'AVAILABLE',NULL,NULL,65,NULL,NULL,332,1,NULL,NULL,'2026-02-01 23:42:16','2026-02-01 23:42:16'),(194,'精密电源-04','SZ-REL-PS-04','OPERATOR_DEPENDENT','MEASUREMENT',2,1,'Model-PS-A','赛默飞','SN000194','深圳研发中心-可靠性实验室的精密电源设备',1,2.08705,1,'AVAILABLE',NULL,NULL,40,NULL,NULL,244,1,NULL,NULL,'2026-02-01 23:42:16','2026-02-01 23:42:16'),(195,'精密电源-05','SZ-REL-PS-05','OPERATOR_DEPENDENT','MEASUREMENT',2,1,'Model-PS-A','科达','SN000195','深圳研发中心-可靠性实验室的精密电源设备',1,1.1978,1,'AVAILABLE',NULL,NULL,61,NULL,NULL,362,1,NULL,NULL,'2026-02-01 23:42:16','2026-02-01 23:42:16'),(196,'精密电源-06','SZ-REL-PS-06','OPERATOR_DEPENDENT','MEASUREMENT',2,1,'Model-PS-B','科达','SN000196','深圳研发中心-可靠性实验室的精密电源设备',1,2.04827,1,'AVAILABLE',NULL,NULL,56,NULL,NULL,222,1,NULL,NULL,'2026-02-01 23:42:16','2026-02-01 23:42:16'),(197,'精密电源-07','SZ-REL-PS-07','OPERATOR_DEPENDENT','MEASUREMENT',2,1,'Model-PS-B','岛津','SN000197','深圳研发中心-可靠性实验室的精密电源设备',1,4.61188,1,'AVAILABLE',NULL,NULL,55,NULL,NULL,304,1,NULL,NULL,'2026-02-01 23:42:16','2026-02-01 23:42:16'),(198,'精密电源-08','SZ-REL-PS-08','OPERATOR_DEPENDENT','MEASUREMENT',2,1,'Model-PS-B','蔡司','SN000198','深圳研发中心-可靠性实验室的精密电源设备',1,2.79259,1,'AVAILABLE',NULL,NULL,86,NULL,NULL,314,1,NULL,NULL,'2026-02-01 23:42:16','2026-02-01 23:42:16'),(199,'精密电源-09','SZ-REL-PS-09','OPERATOR_DEPENDENT','MEASUREMENT',2,1,'Model-PS-B','蔡司','SN000199','深圳研发中心-可靠性实验室的精密电源设备',1,4.08377,1,'AVAILABLE',NULL,NULL,56,NULL,NULL,344,1,NULL,NULL,'2026-02-01 23:42:16','2026-02-01 23:42:16'),(200,'精密电源-10','SZ-REL-PS-10','OPERATOR_DEPENDENT','MEASUREMENT',2,1,'Model-PS-B','科达','SN000200','深圳研发中心-可靠性实验室的精密电源设备',1,1.64834,1,'AVAILABLE',NULL,NULL,71,NULL,NULL,214,1,NULL,NULL,'2026-02-01 23:42:16','2026-02-01 23:42:16'),(201,'扫描电子显微镜-01','SH-FA-SEM-01','OPERATOR_DEPENDENT','ANALYTICAL',3,2,'Model-SEM-A','华测','SN000201','上海测试中心-失效分析实验室的扫描电子显微镜设备',1,3.58465,1,'AVAILABLE',NULL,NULL,61,NULL,NULL,185,1,NULL,NULL,'2026-02-01 23:42:16','2026-02-01 23:42:16'),(202,'扫描电子显微镜-02','SH-FA-SEM-02','OPERATOR_DEPENDENT','ANALYTICAL',3,2,'Model-SEM-B','赛默飞','SN000202','上海测试中心-失效分析实验室的扫描电子显微镜设备',1,3.46815,1,'AVAILABLE',NULL,NULL,90,NULL,NULL,322,1,NULL,NULL,'2026-02-01 23:42:16','2026-02-01 23:42:16'),(203,'扫描电子显微镜-03','SH-FA-SEM-03','OPERATOR_DEPENDENT','ANALYTICAL',3,2,'Model-SEM-A','蔡司','SN000203','上海测试中心-失效分析实验室的扫描电子显微镜设备',1,2.8016,1,'AVAILABLE',NULL,NULL,85,NULL,NULL,276,1,NULL,NULL,'2026-02-01 23:42:16','2026-02-01 23:42:16'),(204,'扫描电子显微镜-04','SH-FA-SEM-04','OPERATOR_DEPENDENT','ANALYTICAL',3,2,'Model-SEM-A','岛津','SN000204','上海测试中心-失效分析实验室的扫描电子显微镜设备',1,2.8402,1,'AVAILABLE',NULL,NULL,30,NULL,NULL,324,1,NULL,NULL,'2026-02-01 23:42:16','2026-02-01 23:42:16'),(205,'扫描电子显微镜-05','SH-FA-SEM-05','OPERATOR_DEPENDENT','ANALYTICAL',3,2,'Model-SEM-C','岛津','SN000205','上海测试中心-失效分析实验室的扫描电子显微镜设备',1,2.38368,1,'AVAILABLE',NULL,NULL,65,NULL,NULL,297,1,NULL,NULL,'2026-02-01 23:42:16','2026-02-01 23:42:16'),(206,'扫描电子显微镜-06','SH-FA-SEM-06','OPERATOR_DEPENDENT','ANALYTICAL',3,2,'Model-SEM-B','赛默飞','SN000206','上海测试中心-失效分析实验室的扫描电子显微镜设备',1,4.37885,1,'AVAILABLE',NULL,NULL,56,NULL,NULL,288,1,NULL,NULL,'2026-02-01 23:42:16','2026-02-01 23:42:16'),(207,'扫描电子显微镜-07','SH-FA-SEM-07','OPERATOR_DEPENDENT','ANALYTICAL',3,2,'Model-SEM-C','华测','SN000207','上海测试中心-失效分析实验室的扫描电子显微镜设备',1,3.33967,1,'AVAILABLE',NULL,NULL,68,NULL,NULL,272,1,NULL,NULL,'2026-02-01 23:42:16','2026-02-01 23:42:16'),(208,'扫描电子显微镜-08','SH-FA-SEM-08','OPERATOR_DEPENDENT','ANALYTICAL',3,2,'Model-SEM-A','赛默飞','SN000208','上海测试中心-失效分析实验室的扫描电子显微镜设备',1,2.47738,1,'MAINTENANCE',NULL,NULL,87,NULL,NULL,339,1,NULL,NULL,'2026-02-01 23:42:16','2026-02-01 23:42:16'),(209,'扫描电子显微镜-09','SH-FA-SEM-09','OPERATOR_DEPENDENT','ANALYTICAL',3,2,'Model-SEM-B','华测','SN000209','上海测试中心-失效分析实验室的扫描电子显微镜设备',1,1.33496,1,'AVAILABLE',NULL,NULL,68,NULL,NULL,365,1,NULL,NULL,'2026-02-01 23:42:16','2026-02-01 23:42:16'),(210,'扫描电子显微镜-10','SH-FA-SEM-10','OPERATOR_DEPENDENT','ANALYTICAL',3,2,'Model-SEM-C','华测','SN000210','上海测试中心-失效分析实验室的扫描电子显微镜设备',1,2.01436,1,'AVAILABLE',NULL,NULL,59,NULL,NULL,225,1,NULL,NULL,'2026-02-01 23:42:16','2026-02-01 23:42:16'),(211,'聚焦离子束-01','SH-FA-FIB-01','OPERATOR_DEPENDENT','ANALYTICAL',3,2,'Model-FIB-C','岛津','SN000211','上海测试中心-失效分析实验室的聚焦离子束设备',1,4.69971,1,'AVAILABLE',NULL,NULL,67,NULL,NULL,252,1,NULL,NULL,'2026-02-01 23:42:16','2026-02-01 23:42:16'),(212,'聚焦离子束-02','SH-FA-FIB-02','OPERATOR_DEPENDENT','ANALYTICAL',3,2,'Model-FIB-A','华测','SN000212','上海测试中心-失效分析实验室的聚焦离子束设备',1,4.24456,1,'MAINTENANCE',NULL,NULL,31,NULL,NULL,200,1,NULL,NULL,'2026-02-01 23:42:16','2026-02-01 23:42:16'),(213,'聚焦离子束-03','SH-FA-FIB-03','OPERATOR_DEPENDENT','ANALYTICAL',3,2,'Model-FIB-A','赛默飞','SN000213','上海测试中心-失效分析实验室的聚焦离子束设备',1,2.62898,1,'AVAILABLE',NULL,NULL,72,NULL,NULL,337,1,NULL,NULL,'2026-02-01 23:42:16','2026-02-01 23:42:16'),(214,'聚焦离子束-04','SH-FA-FIB-04','OPERATOR_DEPENDENT','ANALYTICAL',3,2,'Model-FIB-C','赛默飞','SN000214','上海测试中心-失效分析实验室的聚焦离子束设备',1,4.44931,1,'AVAILABLE',NULL,NULL,39,NULL,NULL,214,1,NULL,NULL,'2026-02-01 23:42:16','2026-02-01 23:42:16'),(215,'聚焦离子束-05','SH-FA-FIB-05','OPERATOR_DEPENDENT','ANALYTICAL',3,2,'Model-FIB-B','赛默飞','SN000215','上海测试中心-失效分析实验室的聚焦离子束设备',1,3.95748,1,'AVAILABLE',NULL,NULL,81,NULL,NULL,255,1,NULL,NULL,'2026-02-01 23:42:16','2026-02-01 23:42:16'),(216,'聚焦离子束-06','SH-FA-FIB-06','OPERATOR_DEPENDENT','ANALYTICAL',3,2,'Model-FIB-B','岛津','SN000216','上海测试中心-失效分析实验室的聚焦离子束设备',1,4.48099,1,'MAINTENANCE',NULL,NULL,64,NULL,NULL,335,1,NULL,NULL,'2026-02-01 23:42:16','2026-02-01 23:42:16'),(217,'聚焦离子束-07','SH-FA-FIB-07','OPERATOR_DEPENDENT','ANALYTICAL',3,2,'Model-FIB-B','蔡司','SN000217','上海测试中心-失效分析实验室的聚焦离子束设备',1,3.49119,1,'AVAILABLE',NULL,NULL,81,NULL,NULL,212,1,NULL,NULL,'2026-02-01 23:42:16','2026-02-01 23:42:16'),(218,'聚焦离子束-08','SH-FA-FIB-08','OPERATOR_DEPENDENT','ANALYTICAL',3,2,'Model-FIB-A','科达','SN000218','上海测试中心-失效分析实验室的聚焦离子束设备',1,1.31111,1,'AVAILABLE',NULL,NULL,40,NULL,NULL,359,1,NULL,NULL,'2026-02-01 23:42:16','2026-02-01 23:42:16'),(219,'聚焦离子束-09','SH-FA-FIB-09','OPERATOR_DEPENDENT','ANALYTICAL',3,2,'Model-FIB-B','科达','SN000219','上海测试中心-失效分析实验室的聚焦离子束设备',1,2.0496,1,'AVAILABLE',NULL,NULL,45,NULL,NULL,314,1,NULL,NULL,'2026-02-01 23:42:16','2026-02-01 23:42:16'),(220,'聚焦离子束-10','SH-FA-FIB-10','OPERATOR_DEPENDENT','ANALYTICAL',3,2,'Model-FIB-C','日立','SN000220','上海测试中心-失效分析实验室的聚焦离子束设备',1,3.38643,1,'AVAILABLE',NULL,NULL,35,NULL,NULL,333,1,NULL,NULL,'2026-02-01 23:42:16','2026-02-01 23:42:16'),(221,'X射线检测仪-01','SH-FA-XRAY-01','OPERATOR_DEPENDENT','ANALYTICAL',3,2,'Model-XRAY-B','日立','SN000221','上海测试中心-失效分析实验室的X射线检测仪设备',1,1.07687,1,'AVAILABLE',NULL,NULL,75,NULL,NULL,181,1,NULL,NULL,'2026-02-01 23:42:16','2026-02-01 23:42:16'),(222,'X射线检测仪-02','SH-FA-XRAY-02','OPERATOR_DEPENDENT','ANALYTICAL',3,2,'Model-XRAY-C','日立','SN000222','上海测试中心-失效分析实验室的X射线检测仪设备',1,3.43615,1,'AVAILABLE',NULL,NULL,73,NULL,NULL,356,1,NULL,NULL,'2026-02-01 23:42:16','2026-02-01 23:42:16'),(223,'X射线检测仪-03','SH-FA-XRAY-03','OPERATOR_DEPENDENT','ANALYTICAL',3,2,'Model-XRAY-C','科达','SN000223','上海测试中心-失效分析实验室的X射线检测仪设备',1,4.45343,1,'AVAILABLE',NULL,NULL,64,NULL,NULL,269,1,NULL,NULL,'2026-02-01 23:42:16','2026-02-01 23:42:16'),(224,'X射线检测仪-04','SH-FA-XRAY-04','OPERATOR_DEPENDENT','ANALYTICAL',3,2,'Model-XRAY-A','蔡司','SN000224','上海测试中心-失效分析实验室的X射线检测仪设备',1,4.27174,1,'AVAILABLE',NULL,NULL,77,NULL,NULL,208,1,NULL,NULL,'2026-02-01 23:42:16','2026-02-01 23:42:16'),(225,'X射线检测仪-05','SH-FA-XRAY-05','OPERATOR_DEPENDENT','ANALYTICAL',3,2,'Model-XRAY-B','日立','SN000225','上海测试中心-失效分析实验室的X射线检测仪设备',1,1.95963,1,'AVAILABLE',NULL,NULL,89,NULL,NULL,327,1,NULL,NULL,'2026-02-01 23:42:16','2026-02-01 23:42:16'),(226,'X射线检测仪-06','SH-FA-XRAY-06','OPERATOR_DEPENDENT','ANALYTICAL',3,2,'Model-XRAY-C','日立','SN000226','上海测试中心-失效分析实验室的X射线检测仪设备',1,4.05595,1,'AVAILABLE',NULL,NULL,32,NULL,NULL,314,1,NULL,NULL,'2026-02-01 23:42:16','2026-02-01 23:42:16'),(227,'X射线检测仪-07','SH-FA-XRAY-07','OPERATOR_DEPENDENT','ANALYTICAL',3,2,'Model-XRAY-C','岛津','SN000227','上海测试中心-失效分析实验室的X射线检测仪设备',1,3.43147,1,'AVAILABLE',NULL,NULL,36,NULL,NULL,232,1,NULL,NULL,'2026-02-01 23:42:16','2026-02-01 23:42:16'),(228,'X射线检测仪-08','SH-FA-XRAY-08','OPERATOR_DEPENDENT','ANALYTICAL',3,2,'Model-XRAY-B','华测','SN000228','上海测试中心-失效分析实验室的X射线检测仪设备',1,3.96264,1,'MAINTENANCE',NULL,NULL,60,NULL,NULL,232,1,NULL,NULL,'2026-02-01 23:42:16','2026-02-01 23:42:16'),(229,'X射线检测仪-09','SH-FA-XRAY-09','OPERATOR_DEPENDENT','ANALYTICAL',3,2,'Model-XRAY-B','蔡司','SN000229','上海测试中心-失效分析实验室的X射线检测仪设备',1,2.8653,1,'MAINTENANCE',NULL,NULL,80,NULL,NULL,291,1,NULL,NULL,'2026-02-01 23:42:16','2026-02-01 23:42:16'),(230,'X射线检测仪-10','SH-FA-XRAY-10','OPERATOR_DEPENDENT','ANALYTICAL',3,2,'Model-XRAY-B','岛津','SN000230','上海测试中心-失效分析实验室的X射线检测仪设备',1,1.61565,1,'AVAILABLE',NULL,NULL,30,NULL,NULL,217,1,NULL,NULL,'2026-02-01 23:42:16','2026-02-01 23:42:16'),(231,'光学显微镜-01','SH-FA-OM-01','OPERATOR_DEPENDENT','OPTICAL',3,2,'Model-OM-C','科达','SN000231','上海测试中心-失效分析实验室的光学显微镜设备',1,1.25483,1,'AVAILABLE',NULL,NULL,34,NULL,NULL,253,1,NULL,NULL,'2026-02-01 23:42:16','2026-02-01 23:42:16'),(232,'光学显微镜-02','SH-FA-OM-02','OPERATOR_DEPENDENT','OPTICAL',3,2,'Model-OM-C','华测','SN000232','上海测试中心-失效分析实验室的光学显微镜设备',1,3.01283,1,'AVAILABLE',NULL,NULL,33,NULL,NULL,355,1,NULL,NULL,'2026-02-01 23:42:16','2026-02-01 23:42:16'),(233,'光学显微镜-03','SH-FA-OM-03','OPERATOR_DEPENDENT','OPTICAL',3,2,'Model-OM-A','蔡司','SN000233','上海测试中心-失效分析实验室的光学显微镜设备',1,2.96103,1,'AVAILABLE',NULL,NULL,42,NULL,NULL,317,1,NULL,NULL,'2026-02-01 23:42:16','2026-02-01 23:42:16'),(234,'光学显微镜-04','SH-FA-OM-04','OPERATOR_DEPENDENT','OPTICAL',3,2,'Model-OM-C','日立','SN000234','上海测试中心-失效分析实验室的光学显微镜设备',1,2.02535,1,'AVAILABLE',NULL,NULL,46,NULL,NULL,360,1,NULL,NULL,'2026-02-01 23:42:16','2026-02-01 23:42:16'),(235,'光学显微镜-05','SH-FA-OM-05','OPERATOR_DEPENDENT','OPTICAL',3,2,'Model-OM-C','科达','SN000235','上海测试中心-失效分析实验室的光学显微镜设备',1,2.72233,1,'AVAILABLE',NULL,NULL,33,NULL,NULL,324,1,NULL,NULL,'2026-02-01 23:42:16','2026-02-01 23:42:16'),(236,'光学显微镜-06','SH-FA-OM-06','OPERATOR_DEPENDENT','OPTICAL',3,2,'Model-OM-A','蔡司','SN000236','上海测试中心-失效分析实验室的光学显微镜设备',1,3.92797,1,'AVAILABLE',NULL,NULL,81,NULL,NULL,268,1,NULL,NULL,'2026-02-01 23:42:16','2026-02-01 23:42:16'),(237,'光学显微镜-07','SH-FA-OM-07','OPERATOR_DEPENDENT','OPTICAL',3,2,'Model-OM-B','岛津','SN000237','上海测试中心-失效分析实验室的光学显微镜设备',1,1.08578,1,'AVAILABLE',NULL,NULL,71,NULL,NULL,310,1,NULL,NULL,'2026-02-01 23:42:16','2026-02-01 23:42:16'),(238,'光学显微镜-08','SH-FA-OM-08','OPERATOR_DEPENDENT','OPTICAL',3,2,'Model-OM-A','科达','SN000238','上海测试中心-失效分析实验室的光学显微镜设备',1,3.10734,1,'AVAILABLE',NULL,NULL,80,NULL,NULL,362,1,NULL,NULL,'2026-02-01 23:42:16','2026-02-01 23:42:16'),(239,'光学显微镜-09','SH-FA-OM-09','OPERATOR_DEPENDENT','OPTICAL',3,2,'Model-OM-B','华测','SN000239','上海测试中心-失效分析实验室的光学显微镜设备',1,1.85824,1,'AVAILABLE',NULL,NULL,35,NULL,NULL,348,1,NULL,NULL,'2026-02-01 23:42:16','2026-02-01 23:42:16'),(240,'光学显微镜-10','SH-FA-OM-10','OPERATOR_DEPENDENT','OPTICAL',3,2,'Model-OM-B','蔡司','SN000240','上海测试中心-失效分析实验室的光学显微镜设备',1,1.94219,1,'AVAILABLE',NULL,NULL,74,NULL,NULL,253,1,NULL,NULL,'2026-02-01 23:42:16','2026-02-01 23:42:16'),(241,'红外显微镜-01','SH-FA-IR-M-01','OPERATOR_DEPENDENT','OPTICAL',3,2,'Model-IR-M-A','岛津','SN000241','上海测试中心-失效分析实验室的红外显微镜设备',1,4.52979,1,'AVAILABLE',NULL,NULL,51,NULL,NULL,270,1,NULL,NULL,'2026-02-01 23:42:16','2026-02-01 23:42:16'),(242,'红外显微镜-02','SH-FA-IR-M-02','OPERATOR_DEPENDENT','OPTICAL',3,2,'Model-IR-M-C','日立','SN000242','上海测试中心-失效分析实验室的红外显微镜设备',1,3.1808,1,'AVAILABLE',NULL,NULL,68,NULL,NULL,199,1,NULL,NULL,'2026-02-01 23:42:16','2026-02-01 23:42:16'),(243,'红外显微镜-03','SH-FA-IR-M-03','OPERATOR_DEPENDENT','OPTICAL',3,2,'Model-IR-M-B','蔡司','SN000243','上海测试中心-失效分析实验室的红外显微镜设备',1,1.71715,1,'AVAILABLE',NULL,NULL,82,NULL,NULL,291,1,NULL,NULL,'2026-02-01 23:42:16','2026-02-01 23:42:16'),(244,'红外显微镜-04','SH-FA-IR-M-04','OPERATOR_DEPENDENT','OPTICAL',3,2,'Model-IR-M-B','岛津','SN000244','上海测试中心-失效分析实验室的红外显微镜设备',1,4.94448,1,'AVAILABLE',NULL,NULL,35,NULL,NULL,332,1,NULL,NULL,'2026-02-01 23:42:16','2026-02-01 23:42:16'),(245,'红外显微镜-05','SH-FA-IR-M-05','OPERATOR_DEPENDENT','OPTICAL',3,2,'Model-IR-M-C','日立','SN000245','上海测试中心-失效分析实验室的红外显微镜设备',1,1.42961,1,'AVAILABLE',NULL,NULL,78,NULL,NULL,208,1,NULL,NULL,'2026-02-01 23:42:16','2026-02-01 23:42:16'),(246,'红外显微镜-06','SH-FA-IR-M-06','OPERATOR_DEPENDENT','OPTICAL',3,2,'Model-IR-M-A','华测','SN000246','上海测试中心-失效分析实验室的红外显微镜设备',1,2.01524,1,'AVAILABLE',NULL,NULL,47,NULL,NULL,284,1,NULL,NULL,'2026-02-01 23:42:16','2026-02-01 23:42:16'),(247,'红外显微镜-07','SH-FA-IR-M-07','OPERATOR_DEPENDENT','OPTICAL',3,2,'Model-IR-M-B','蔡司','SN000247','上海测试中心-失效分析实验室的红外显微镜设备',1,4.33291,1,'AVAILABLE',NULL,NULL,68,NULL,NULL,316,1,NULL,NULL,'2026-02-01 23:42:16','2026-02-01 23:42:16'),(248,'红外显微镜-08','SH-FA-IR-M-08','OPERATOR_DEPENDENT','OPTICAL',3,2,'Model-IR-M-B','岛津','SN000248','上海测试中心-失效分析实验室的红外显微镜设备',1,4.80095,1,'AVAILABLE',NULL,NULL,33,NULL,NULL,203,1,NULL,NULL,'2026-02-01 23:42:16','2026-02-01 23:42:16'),(249,'红外显微镜-09','SH-FA-IR-M-09','OPERATOR_DEPENDENT','OPTICAL',3,2,'Model-IR-M-B','科达','SN000249','上海测试中心-失效分析实验室的红外显微镜设备',1,2.40077,1,'AVAILABLE',NULL,NULL,49,NULL,NULL,265,1,NULL,NULL,'2026-02-01 23:42:16','2026-02-01 23:42:16'),(250,'红外显微镜-10','SH-FA-IR-M-10','OPERATOR_DEPENDENT','OPTICAL',3,2,'Model-IR-M-A','赛默飞','SN000250','上海测试中心-失效分析实验室的红外显微镜设备',1,4.31633,1,'AVAILABLE',NULL,NULL,69,NULL,NULL,308,1,NULL,NULL,'2026-02-01 23:42:16','2026-02-01 23:42:16'),(251,'曲线追踪仪-01','SH-FA-CT-01','OPERATOR_DEPENDENT','MEASUREMENT',3,2,'Model-CT-C','赛默飞','SN000251','上海测试中心-失效分析实验室的曲线追踪仪设备',1,1.34889,1,'AVAILABLE',NULL,NULL,75,NULL,NULL,283,1,NULL,NULL,'2026-02-01 23:42:16','2026-02-01 23:42:16'),(252,'曲线追踪仪-02','SH-FA-CT-02','OPERATOR_DEPENDENT','MEASUREMENT',3,2,'Model-CT-B','岛津','SN000252','上海测试中心-失效分析实验室的曲线追踪仪设备',1,4.94231,1,'AVAILABLE',NULL,NULL,49,NULL,NULL,355,1,NULL,NULL,'2026-02-01 23:42:16','2026-02-01 23:42:16'),(253,'曲线追踪仪-03','SH-FA-CT-03','OPERATOR_DEPENDENT','MEASUREMENT',3,2,'Model-CT-B','日立','SN000253','上海测试中心-失效分析实验室的曲线追踪仪设备',1,1.7493,1,'AVAILABLE',NULL,NULL,52,NULL,NULL,203,1,NULL,NULL,'2026-02-01 23:42:16','2026-02-01 23:42:16'),(254,'曲线追踪仪-04','SH-FA-CT-04','OPERATOR_DEPENDENT','MEASUREMENT',3,2,'Model-CT-C','岛津','SN000254','上海测试中心-失效分析实验室的曲线追踪仪设备',1,3.91192,1,'AVAILABLE',NULL,NULL,50,NULL,NULL,224,1,NULL,NULL,'2026-02-01 23:42:16','2026-02-01 23:42:16'),(255,'曲线追踪仪-05','SH-FA-CT-05','OPERATOR_DEPENDENT','MEASUREMENT',3,2,'Model-CT-C','日立','SN000255','上海测试中心-失效分析实验室的曲线追踪仪设备',1,4.15622,1,'MAINTENANCE',NULL,NULL,88,NULL,NULL,206,1,NULL,NULL,'2026-02-01 23:42:16','2026-02-01 23:42:16'),(256,'曲线追踪仪-06','SH-FA-CT-06','OPERATOR_DEPENDENT','MEASUREMENT',3,2,'Model-CT-B','日立','SN000256','上海测试中心-失效分析实验室的曲线追踪仪设备',1,3.55854,1,'AVAILABLE',NULL,NULL,59,NULL,NULL,310,1,NULL,NULL,'2026-02-01 23:42:16','2026-02-01 23:42:16'),(257,'曲线追踪仪-07','SH-FA-CT-07','OPERATOR_DEPENDENT','MEASUREMENT',3,2,'Model-CT-A','赛默飞','SN000257','上海测试中心-失效分析实验室的曲线追踪仪设备',1,2.34955,1,'AVAILABLE',NULL,NULL,65,NULL,NULL,256,1,NULL,NULL,'2026-02-01 23:42:16','2026-02-01 23:42:16'),(258,'曲线追踪仪-08','SH-FA-CT-08','OPERATOR_DEPENDENT','MEASUREMENT',3,2,'Model-CT-B','华测','SN000258','上海测试中心-失效分析实验室的曲线追踪仪设备',1,4.35133,1,'AVAILABLE',NULL,NULL,69,NULL,NULL,295,1,NULL,NULL,'2026-02-01 23:42:16','2026-02-01 23:42:16'),(259,'曲线追踪仪-09','SH-FA-CT-09','OPERATOR_DEPENDENT','MEASUREMENT',3,2,'Model-CT-A','蔡司','SN000259','上海测试中心-失效分析实验室的曲线追踪仪设备',1,2.85408,1,'AVAILABLE',NULL,NULL,72,NULL,NULL,217,1,NULL,NULL,'2026-02-01 23:42:16','2026-02-01 23:42:16'),(260,'曲线追踪仪-10','SH-FA-CT-10','OPERATOR_DEPENDENT','MEASUREMENT',3,2,'Model-CT-A','科达','SN000260','上海测试中心-失效分析实验室的曲线追踪仪设备',1,1.07819,1,'MAINTENANCE',NULL,NULL,77,NULL,NULL,365,1,NULL,NULL,'2026-02-01 23:42:16','2026-02-01 23:42:16'),(261,'万用表-01','SH-FA-DMM-01','OPERATOR_DEPENDENT','MEASUREMENT',3,2,'Model-DMM-B','华测','SN000261','上海测试中心-失效分析实验室的万用表设备',1,1.93619,1,'AVAILABLE',NULL,NULL,55,NULL,NULL,324,1,NULL,NULL,'2026-02-01 23:42:16','2026-02-01 23:42:16'),(262,'万用表-02','SH-FA-DMM-02','OPERATOR_DEPENDENT','MEASUREMENT',3,2,'Model-DMM-C','科达','SN000262','上海测试中心-失效分析实验室的万用表设备',1,4.47966,1,'AVAILABLE',NULL,NULL,87,NULL,NULL,329,1,NULL,NULL,'2026-02-01 23:42:16','2026-02-01 23:42:16'),(263,'万用表-03','SH-FA-DMM-03','OPERATOR_DEPENDENT','MEASUREMENT',3,2,'Model-DMM-A','华测','SN000263','上海测试中心-失效分析实验室的万用表设备',1,4.83872,1,'AVAILABLE',NULL,NULL,31,NULL,NULL,211,1,NULL,NULL,'2026-02-01 23:42:16','2026-02-01 23:42:16'),(264,'万用表-04','SH-FA-DMM-04','OPERATOR_DEPENDENT','MEASUREMENT',3,2,'Model-DMM-A','岛津','SN000264','上海测试中心-失效分析实验室的万用表设备',1,2.0063,1,'AVAILABLE',NULL,NULL,56,NULL,NULL,226,1,NULL,NULL,'2026-02-01 23:42:16','2026-02-01 23:42:16'),(265,'万用表-05','SH-FA-DMM-05','OPERATOR_DEPENDENT','MEASUREMENT',3,2,'Model-DMM-A','岛津','SN000265','上海测试中心-失效分析实验室的万用表设备',1,4.73856,1,'AVAILABLE',NULL,NULL,52,NULL,NULL,322,1,NULL,NULL,'2026-02-01 23:42:16','2026-02-01 23:42:16'),(266,'万用表-06','SH-FA-DMM-06','OPERATOR_DEPENDENT','MEASUREMENT',3,2,'Model-DMM-A','岛津','SN000266','上海测试中心-失效分析实验室的万用表设备',1,3.82916,1,'AVAILABLE',NULL,NULL,37,NULL,NULL,316,1,NULL,NULL,'2026-02-01 23:42:16','2026-02-01 23:42:16'),(267,'万用表-07','SH-FA-DMM-07','OPERATOR_DEPENDENT','MEASUREMENT',3,2,'Model-DMM-A','岛津','SN000267','上海测试中心-失效分析实验室的万用表设备',1,3.63158,1,'MAINTENANCE',NULL,NULL,90,NULL,NULL,349,1,NULL,NULL,'2026-02-01 23:42:16','2026-02-01 23:42:16'),(268,'万用表-08','SH-FA-DMM-08','OPERATOR_DEPENDENT','MEASUREMENT',3,2,'Model-DMM-C','日立','SN000268','上海测试中心-失效分析实验室的万用表设备',1,2.14473,1,'AVAILABLE',NULL,NULL,34,NULL,NULL,310,1,NULL,NULL,'2026-02-01 23:42:16','2026-02-01 23:42:16'),(269,'万用表-09','SH-FA-DMM-09','OPERATOR_DEPENDENT','MEASUREMENT',3,2,'Model-DMM-B','岛津','SN000269','上海测试中心-失效分析实验室的万用表设备',1,3.83266,1,'AVAILABLE',NULL,NULL,57,NULL,NULL,249,1,NULL,NULL,'2026-02-01 23:42:16','2026-02-01 23:42:16'),(270,'万用表-10','SH-FA-DMM-10','OPERATOR_DEPENDENT','MEASUREMENT',3,2,'Model-DMM-B','赛默飞','SN000270','上海测试中心-失效分析实验室的万用表设备',1,1.62615,1,'AVAILABLE',NULL,NULL,87,NULL,NULL,355,1,NULL,NULL,'2026-02-01 23:42:16','2026-02-01 23:42:16'),(271,'研磨抛光机-01','SH-FA-GP-01','OPERATOR_DEPENDENT','MECHANICAL',3,2,'Model-GP-C','华测','SN000271','上海测试中心-失效分析实验室的研磨抛光机设备',1,1.26965,1,'AVAILABLE',NULL,NULL,52,NULL,NULL,365,1,NULL,NULL,'2026-02-01 23:42:16','2026-02-01 23:42:16'),(272,'研磨抛光机-02','SH-FA-GP-02','OPERATOR_DEPENDENT','MECHANICAL',3,2,'Model-GP-B','日立','SN000272','上海测试中心-失效分析实验室的研磨抛光机设备',1,2.92636,1,'AVAILABLE',NULL,NULL,65,NULL,NULL,200,1,NULL,NULL,'2026-02-01 23:42:16','2026-02-01 23:42:16'),(273,'研磨抛光机-03','SH-FA-GP-03','OPERATOR_DEPENDENT','MECHANICAL',3,2,'Model-GP-A','科达','SN000273','上海测试中心-失效分析实验室的研磨抛光机设备',1,3.88267,1,'AVAILABLE',NULL,NULL,72,NULL,NULL,291,1,NULL,NULL,'2026-02-01 23:42:16','2026-02-01 23:42:16'),(274,'研磨抛光机-04','SH-FA-GP-04','OPERATOR_DEPENDENT','MECHANICAL',3,2,'Model-GP-A','岛津','SN000274','上海测试中心-失效分析实验室的研磨抛光机设备',1,2.97918,1,'AVAILABLE',NULL,NULL,74,NULL,NULL,265,1,NULL,NULL,'2026-02-01 23:42:16','2026-02-01 23:42:16'),(275,'研磨抛光机-05','SH-FA-GP-05','OPERATOR_DEPENDENT','MECHANICAL',3,2,'Model-GP-A','蔡司','SN000275','上海测试中心-失效分析实验室的研磨抛光机设备',1,2.32267,1,'AVAILABLE',NULL,NULL,73,NULL,NULL,292,1,NULL,NULL,'2026-02-01 23:42:16','2026-02-01 23:42:16'),(276,'研磨抛光机-06','SH-FA-GP-06','OPERATOR_DEPENDENT','MECHANICAL',3,2,'Model-GP-A','岛津','SN000276','上海测试中心-失效分析实验室的研磨抛光机设备',1,3.96577,1,'AVAILABLE',NULL,NULL,37,NULL,NULL,294,1,NULL,NULL,'2026-02-01 23:42:16','2026-02-01 23:42:16'),(277,'研磨抛光机-07','SH-FA-GP-07','OPERATOR_DEPENDENT','MECHANICAL',3,2,'Model-GP-C','科达','SN000277','上海测试中心-失效分析实验室的研磨抛光机设备',1,1.50319,1,'AVAILABLE',NULL,NULL,35,NULL,NULL,222,1,NULL,NULL,'2026-02-01 23:42:16','2026-02-01 23:42:16'),(278,'研磨抛光机-08','SH-FA-GP-08','OPERATOR_DEPENDENT','MECHANICAL',3,2,'Model-GP-A','岛津','SN000278','上海测试中心-失效分析实验室的研磨抛光机设备',1,1.83424,1,'AVAILABLE',NULL,NULL,73,NULL,NULL,289,1,NULL,NULL,'2026-02-01 23:42:16','2026-02-01 23:42:16'),(279,'研磨抛光机-09','SH-FA-GP-09','OPERATOR_DEPENDENT','MECHANICAL',3,2,'Model-GP-B','蔡司','SN000279','上海测试中心-失效分析实验室的研磨抛光机设备',1,1.87983,1,'AVAILABLE',NULL,NULL,74,NULL,NULL,239,1,NULL,NULL,'2026-02-01 23:42:16','2026-02-01 23:42:16'),(280,'研磨抛光机-10','SH-FA-GP-10','OPERATOR_DEPENDENT','MECHANICAL',3,2,'Model-GP-A','日立','SN000280','上海测试中心-失效分析实验室的研磨抛光机设备',1,4.29645,1,'AVAILABLE',NULL,NULL,45,NULL,NULL,322,1,NULL,NULL,'2026-02-01 23:42:16','2026-02-01 23:42:16'),(281,'切割机-01','SH-FA-SAW-01','OPERATOR_DEPENDENT','MECHANICAL',3,2,'Model-SAW-C','蔡司','SN000281','上海测试中心-失效分析实验室的切割机设备',1,1.60143,1,'AVAILABLE',NULL,NULL,48,NULL,NULL,340,1,NULL,NULL,'2026-02-01 23:42:16','2026-02-01 23:42:16'),(282,'切割机-02','SH-FA-SAW-02','OPERATOR_DEPENDENT','MECHANICAL',3,2,'Model-SAW-A','赛默飞','SN000282','上海测试中心-失效分析实验室的切割机设备',1,4.43448,1,'AVAILABLE',NULL,NULL,37,NULL,NULL,276,1,NULL,NULL,'2026-02-01 23:42:16','2026-02-01 23:42:16'),(283,'切割机-03','SH-FA-SAW-03','OPERATOR_DEPENDENT','MECHANICAL',3,2,'Model-SAW-A','蔡司','SN000283','上海测试中心-失效分析实验室的切割机设备',1,3.82854,1,'AVAILABLE',NULL,NULL,42,NULL,NULL,230,1,NULL,NULL,'2026-02-01 23:42:16','2026-02-01 23:42:16'),(284,'切割机-04','SH-FA-SAW-04','OPERATOR_DEPENDENT','MECHANICAL',3,2,'Model-SAW-C','华测','SN000284','上海测试中心-失效分析实验室的切割机设备',1,2.20318,1,'MAINTENANCE',NULL,NULL,46,NULL,NULL,214,1,NULL,NULL,'2026-02-01 23:42:16','2026-02-01 23:42:16'),(285,'切割机-05','SH-FA-SAW-05','OPERATOR_DEPENDENT','MECHANICAL',3,2,'Model-SAW-C','赛默飞','SN000285','上海测试中心-失效分析实验室的切割机设备',1,2.24836,1,'AVAILABLE',NULL,NULL,48,NULL,NULL,346,1,NULL,NULL,'2026-02-01 23:42:16','2026-02-01 23:42:16'),(286,'切割机-06','SH-FA-SAW-06','OPERATOR_DEPENDENT','MECHANICAL',3,2,'Model-SAW-A','赛默飞','SN000286','上海测试中心-失效分析实验室的切割机设备',1,2.76793,1,'AVAILABLE',NULL,NULL,68,NULL,NULL,336,1,NULL,NULL,'2026-02-01 23:42:16','2026-02-01 23:42:16'),(287,'切割机-07','SH-FA-SAW-07','OPERATOR_DEPENDENT','MECHANICAL',3,2,'Model-SAW-C','科达','SN000287','上海测试中心-失效分析实验室的切割机设备',1,1.74201,1,'AVAILABLE',NULL,NULL,56,NULL,NULL,309,1,NULL,NULL,'2026-02-01 23:42:16','2026-02-01 23:42:16'),(288,'切割机-08','SH-FA-SAW-08','OPERATOR_DEPENDENT','MECHANICAL',3,2,'Model-SAW-B','赛默飞','SN000288','上海测试中心-失效分析实验室的切割机设备',1,3.75459,1,'AVAILABLE',NULL,NULL,37,NULL,NULL,324,1,NULL,NULL,'2026-02-01 23:42:16','2026-02-01 23:42:16'),(289,'切割机-09','SH-FA-SAW-09','OPERATOR_DEPENDENT','MECHANICAL',3,2,'Model-SAW-B','岛津','SN000289','上海测试中心-失效分析实验室的切割机设备',1,4.31895,1,'AVAILABLE',NULL,NULL,33,NULL,NULL,249,1,NULL,NULL,'2026-02-01 23:42:16','2026-02-01 23:42:16'),(290,'切割机-10','SH-FA-SAW-10','OPERATOR_DEPENDENT','MECHANICAL',3,2,'Model-SAW-C','华测','SN000290','上海测试中心-失效分析实验室的切割机设备',1,2.80281,1,'AVAILABLE',NULL,NULL,33,NULL,NULL,311,1,NULL,NULL,'2026-02-01 23:42:16','2026-02-01 23:42:16'),(291,'超声波清洗机-01','SH-FA-USC-01','AUTONOMOUS','OTHER',3,2,'Model-USC-B','蔡司','SN000291','上海测试中心-失效分析实验室的超声波清洗机设备',13,2.53472,4,'AVAILABLE',NULL,NULL,71,NULL,NULL,286,1,NULL,NULL,'2026-02-01 23:42:16','2026-02-01 23:42:16'),(292,'超声波清洗机-02','SH-FA-USC-02','AUTONOMOUS','OTHER',3,2,'Model-USC-C','华测','SN000292','上海测试中心-失效分析实验室的超声波清洗机设备',41,1.45063,5,'AVAILABLE',NULL,NULL,74,NULL,NULL,221,1,NULL,NULL,'2026-02-01 23:42:16','2026-02-01 23:42:16'),(293,'超声波清洗机-03','SH-FA-USC-03','AUTONOMOUS','OTHER',3,2,'Model-USC-B','科达','SN000293','上海测试中心-失效分析实验室的超声波清洗机设备',33,4.23528,4,'AVAILABLE',NULL,NULL,73,NULL,NULL,353,1,NULL,NULL,'2026-02-01 23:42:16','2026-02-01 23:42:16'),(294,'超声波清洗机-04','SH-FA-USC-04','AUTONOMOUS','OTHER',3,2,'Model-USC-C','科达','SN000294','上海测试中心-失效分析实验室的超声波清洗机设备',34,3.42814,5,'AVAILABLE',NULL,NULL,52,NULL,NULL,203,1,NULL,NULL,'2026-02-01 23:42:16','2026-02-01 23:42:16'),(295,'超声波清洗机-05','SH-FA-USC-05','AUTONOMOUS','OTHER',3,2,'Model-USC-C','蔡司','SN000295','上海测试中心-失效分析实验室的超声波清洗机设备',39,4.2193,4,'AVAILABLE',NULL,NULL,75,NULL,NULL,241,1,NULL,NULL,'2026-02-01 23:42:16','2026-02-01 23:42:16'),(296,'超声波清洗机-06','SH-FA-USC-06','AUTONOMOUS','OTHER',3,2,'Model-USC-B','岛津','SN000296','上海测试中心-失效分析实验室的超声波清洗机设备',34,3.79177,3,'AVAILABLE',NULL,NULL,35,NULL,NULL,255,1,NULL,NULL,'2026-02-01 23:42:16','2026-02-01 23:42:16'),(297,'超声波清洗机-07','SH-FA-USC-07','AUTONOMOUS','OTHER',3,2,'Model-USC-B','蔡司','SN000297','上海测试中心-失效分析实验室的超声波清洗机设备',17,4.34919,1,'AVAILABLE',NULL,NULL,38,NULL,NULL,284,1,NULL,NULL,'2026-02-01 23:42:16','2026-02-01 23:42:16'),(298,'超声波清洗机-08','SH-FA-USC-08','AUTONOMOUS','OTHER',3,2,'Model-USC-A','岛津','SN000298','上海测试中心-失效分析实验室的超声波清洗机设备',36,1.54131,4,'AVAILABLE',NULL,NULL,31,NULL,NULL,298,1,NULL,NULL,'2026-02-01 23:42:16','2026-02-01 23:42:16'),(299,'超声波清洗机-09','SH-FA-USC-09','AUTONOMOUS','OTHER',3,2,'Model-USC-B','科达','SN000299','上海测试中心-失效分析实验室的超声波清洗机设备',50,4.21849,5,'MAINTENANCE',NULL,NULL,30,NULL,NULL,314,1,NULL,NULL,'2026-02-01 23:42:16','2026-02-01 23:42:16'),(300,'超声波清洗机-10','SH-FA-USC-10','AUTONOMOUS','OTHER',3,2,'Model-USC-A','岛津','SN000300','上海测试中心-失效分析实验室的超声波清洗机设备',24,4.87512,3,'AVAILABLE',NULL,NULL,83,NULL,NULL,274,1,NULL,NULL,'2026-02-01 23:42:16','2026-02-01 23:42:16'),(301,'高温烤箱-01','SH-REL-OVEN-01','AUTONOMOUS','THERMAL',4,2,'Model-OVEN-B','蔡司','SN000301','上海测试中心-可靠性实验室的高温烤箱设备',38,1.92932,5,'AVAILABLE',NULL,NULL,41,NULL,NULL,283,1,NULL,NULL,'2026-02-01 23:42:16','2026-02-01 23:42:16'),(302,'高温烤箱-02','SH-REL-OVEN-02','AUTONOMOUS','THERMAL',4,2,'Model-OVEN-A','赛默飞','SN000302','上海测试中心-可靠性实验室的高温烤箱设备',20,1.77846,5,'AVAILABLE',NULL,NULL,70,NULL,NULL,183,1,NULL,NULL,'2026-02-01 23:42:16','2026-02-01 23:42:16'),(303,'高温烤箱-03','SH-REL-OVEN-03','AUTONOMOUS','THERMAL',4,2,'Model-OVEN-C','科达','SN000303','上海测试中心-可靠性实验室的高温烤箱设备',18,3.8098,1,'AVAILABLE',NULL,NULL,78,NULL,NULL,257,1,NULL,NULL,'2026-02-01 23:42:16','2026-02-01 23:42:16'),(304,'高温烤箱-04','SH-REL-OVEN-04','AUTONOMOUS','THERMAL',4,2,'Model-OVEN-C','华测','SN000304','上海测试中心-可靠性实验室的高温烤箱设备',33,3.21439,1,'AVAILABLE',NULL,NULL,78,NULL,NULL,264,1,NULL,NULL,'2026-02-01 23:42:16','2026-02-01 23:42:16'),(305,'高温烤箱-05','SH-REL-OVEN-05','AUTONOMOUS','THERMAL',4,2,'Model-OVEN-A','岛津','SN000305','上海测试中心-可靠性实验室的高温烤箱设备',30,1.01622,2,'AVAILABLE',NULL,NULL,82,NULL,NULL,210,1,NULL,NULL,'2026-02-01 23:42:16','2026-02-01 23:42:16'),(306,'高温烤箱-06','SH-REL-OVEN-06','AUTONOMOUS','THERMAL',4,2,'Model-OVEN-C','蔡司','SN000306','上海测试中心-可靠性实验室的高温烤箱设备',24,1.8704,2,'AVAILABLE',NULL,NULL,57,NULL,NULL,321,1,NULL,NULL,'2026-02-01 23:42:16','2026-02-01 23:42:16'),(307,'高温烤箱-07','SH-REL-OVEN-07','AUTONOMOUS','THERMAL',4,2,'Model-OVEN-B','蔡司','SN000307','上海测试中心-可靠性实验室的高温烤箱设备',50,1.00866,4,'AVAILABLE',NULL,NULL,66,NULL,NULL,324,1,NULL,NULL,'2026-02-01 23:42:16','2026-02-01 23:42:16'),(308,'高温烤箱-08','SH-REL-OVEN-08','AUTONOMOUS','THERMAL',4,2,'Model-OVEN-B','蔡司','SN000308','上海测试中心-可靠性实验室的高温烤箱设备',19,4.14037,3,'AVAILABLE',NULL,NULL,65,NULL,NULL,363,1,NULL,NULL,'2026-02-01 23:42:16','2026-02-01 23:42:16'),(309,'高温烤箱-09','SH-REL-OVEN-09','AUTONOMOUS','THERMAL',4,2,'Model-OVEN-C','华测','SN000309','上海测试中心-可靠性实验室的高温烤箱设备',39,4.59302,5,'AVAILABLE',NULL,NULL,64,NULL,NULL,209,1,NULL,NULL,'2026-02-01 23:42:16','2026-02-01 23:42:16'),(310,'高温烤箱-10','SH-REL-OVEN-10','AUTONOMOUS','THERMAL',4,2,'Model-OVEN-B','日立','SN000310','上海测试中心-可靠性实验室的高温烤箱设备',27,4.25375,2,'AVAILABLE',NULL,NULL,79,NULL,NULL,230,1,NULL,NULL,'2026-02-01 23:42:16','2026-02-01 23:42:16'),(311,'低温箱-01','SH-REL-COLD-01','AUTONOMOUS','THERMAL',4,2,'Model-COLD-C','岛津','SN000311','上海测试中心-可靠性实验室的低温箱设备',43,1.58635,2,'MAINTENANCE',NULL,NULL,83,NULL,NULL,300,1,NULL,NULL,'2026-02-01 23:42:16','2026-02-01 23:42:16'),(312,'低温箱-02','SH-REL-COLD-02','AUTONOMOUS','THERMAL',4,2,'Model-COLD-B','岛津','SN000312','上海测试中心-可靠性实验室的低温箱设备',26,2.62211,1,'AVAILABLE',NULL,NULL,78,NULL,NULL,264,1,NULL,NULL,'2026-02-01 23:42:16','2026-02-01 23:42:16'),(313,'低温箱-03','SH-REL-COLD-03','AUTONOMOUS','THERMAL',4,2,'Model-COLD-B','赛默飞','SN000313','上海测试中心-可靠性实验室的低温箱设备',50,3.40696,5,'AVAILABLE',NULL,NULL,39,NULL,NULL,309,1,NULL,NULL,'2026-02-01 23:42:16','2026-02-01 23:42:16'),(314,'低温箱-04','SH-REL-COLD-04','AUTONOMOUS','THERMAL',4,2,'Model-COLD-C','蔡司','SN000314','上海测试中心-可靠性实验室的低温箱设备',24,2.65221,2,'AVAILABLE',NULL,NULL,61,NULL,NULL,285,1,NULL,NULL,'2026-02-01 23:42:16','2026-02-01 23:42:16'),(315,'低温箱-05','SH-REL-COLD-05','AUTONOMOUS','THERMAL',4,2,'Model-COLD-A','华测','SN000315','上海测试中心-可靠性实验室的低温箱设备',22,3.66289,1,'MAINTENANCE',NULL,NULL,59,NULL,NULL,264,1,NULL,NULL,'2026-02-01 23:42:16','2026-02-01 23:42:16'),(316,'低温箱-06','SH-REL-COLD-06','AUTONOMOUS','THERMAL',4,2,'Model-COLD-C','岛津','SN000316','上海测试中心-可靠性实验室的低温箱设备',40,2.1476,1,'AVAILABLE',NULL,NULL,65,NULL,NULL,356,1,NULL,NULL,'2026-02-01 23:42:16','2026-02-01 23:42:16'),(317,'低温箱-07','SH-REL-COLD-07','AUTONOMOUS','THERMAL',4,2,'Model-COLD-B','蔡司','SN000317','上海测试中心-可靠性实验室的低温箱设备',38,3.0227,4,'AVAILABLE',NULL,NULL,90,NULL,NULL,351,1,NULL,NULL,'2026-02-01 23:42:16','2026-02-01 23:42:16'),(318,'低温箱-08','SH-REL-COLD-08','AUTONOMOUS','THERMAL',4,2,'Model-COLD-C','华测','SN000318','上海测试中心-可靠性实验室的低温箱设备',11,3.92335,1,'AVAILABLE',NULL,NULL,48,NULL,NULL,362,1,NULL,NULL,'2026-02-01 23:42:16','2026-02-01 23:42:16'),(319,'低温箱-09','SH-REL-COLD-09','AUTONOMOUS','THERMAL',4,2,'Model-COLD-C','科达','SN000319','上海测试中心-可靠性实验室的低温箱设备',16,2.00003,4,'AVAILABLE',NULL,NULL,43,NULL,NULL,295,1,NULL,NULL,'2026-02-01 23:42:16','2026-02-01 23:42:16'),(320,'低温箱-10','SH-REL-COLD-10','AUTONOMOUS','THERMAL',4,2,'Model-COLD-C','日立','SN000320','上海测试中心-可靠性实验室的低温箱设备',39,2.64424,4,'MAINTENANCE',NULL,NULL,73,NULL,NULL,194,1,NULL,NULL,'2026-02-01 23:42:16','2026-02-01 23:42:16'),(321,'温湿度箱-01','SH-REL-THC-01','AUTONOMOUS','ENVIRONMENTAL',4,2,'Model-THC-B','蔡司','SN000321','上海测试中心-可靠性实验室的温湿度箱设备',17,2.13503,2,'AVAILABLE',NULL,NULL,62,NULL,NULL,219,1,NULL,NULL,'2026-02-01 23:42:16','2026-02-01 23:42:16'),(322,'温湿度箱-02','SH-REL-THC-02','AUTONOMOUS','ENVIRONMENTAL',4,2,'Model-THC-C','华测','SN000322','上海测试中心-可靠性实验室的温湿度箱设备',19,1.38342,2,'AVAILABLE',NULL,NULL,72,NULL,NULL,217,1,NULL,NULL,'2026-02-01 23:42:16','2026-02-01 23:42:16'),(323,'温湿度箱-03','SH-REL-THC-03','AUTONOMOUS','ENVIRONMENTAL',4,2,'Model-THC-A','岛津','SN000323','上海测试中心-可靠性实验室的温湿度箱设备',31,2.18014,5,'AVAILABLE',NULL,NULL,86,NULL,NULL,218,1,NULL,NULL,'2026-02-01 23:42:16','2026-02-01 23:42:16'),(324,'温湿度箱-04','SH-REL-THC-04','AUTONOMOUS','ENVIRONMENTAL',4,2,'Model-THC-A','蔡司','SN000324','上海测试中心-可靠性实验室的温湿度箱设备',16,3.50325,3,'MAINTENANCE',NULL,NULL,34,NULL,NULL,206,1,NULL,NULL,'2026-02-01 23:42:16','2026-02-01 23:42:16'),(325,'温湿度箱-05','SH-REL-THC-05','AUTONOMOUS','ENVIRONMENTAL',4,2,'Model-THC-B','科达','SN000325','上海测试中心-可靠性实验室的温湿度箱设备',10,4.70897,4,'AVAILABLE',NULL,NULL,47,NULL,NULL,339,1,NULL,NULL,'2026-02-01 23:42:16','2026-02-01 23:42:16'),(326,'温湿度箱-06','SH-REL-THC-06','AUTONOMOUS','ENVIRONMENTAL',4,2,'Model-THC-B','日立','SN000326','上海测试中心-可靠性实验室的温湿度箱设备',22,2.86346,1,'AVAILABLE',NULL,NULL,31,NULL,NULL,203,1,NULL,NULL,'2026-02-01 23:42:16','2026-02-01 23:42:16'),(327,'温湿度箱-07','SH-REL-THC-07','AUTONOMOUS','ENVIRONMENTAL',4,2,'Model-THC-C','岛津','SN000327','上海测试中心-可靠性实验室的温湿度箱设备',46,3.4614,4,'AVAILABLE',NULL,NULL,59,NULL,NULL,185,1,NULL,NULL,'2026-02-01 23:42:16','2026-02-01 23:42:16'),(328,'温湿度箱-08','SH-REL-THC-08','AUTONOMOUS','ENVIRONMENTAL',4,2,'Model-THC-A','日立','SN000328','上海测试中心-可靠性实验室的温湿度箱设备',41,3.52073,5,'AVAILABLE',NULL,NULL,35,NULL,NULL,205,1,NULL,NULL,'2026-02-01 23:42:16','2026-02-01 23:42:16'),(329,'温湿度箱-09','SH-REL-THC-09','AUTONOMOUS','ENVIRONMENTAL',4,2,'Model-THC-B','岛津','SN000329','上海测试中心-可靠性实验室的温湿度箱设备',33,2.1535,4,'AVAILABLE',NULL,NULL,83,NULL,NULL,319,1,NULL,NULL,'2026-02-01 23:42:16','2026-02-01 23:42:16'),(330,'温湿度箱-10','SH-REL-THC-10','AUTONOMOUS','ENVIRONMENTAL',4,2,'Model-THC-A','赛默飞','SN000330','上海测试中心-可靠性实验室的温湿度箱设备',34,4.32516,1,'AVAILABLE',NULL,NULL,32,NULL,NULL,245,1,NULL,NULL,'2026-02-01 23:42:16','2026-02-01 23:42:16'),(331,'冷热冲击箱-01','SH-REL-TSC-01','AUTONOMOUS','ENVIRONMENTAL',4,2,'Model-TSC-C','岛津','SN000331','上海测试中心-可靠性实验室的冷热冲击箱设备',36,1.63185,3,'AVAILABLE',NULL,NULL,58,NULL,NULL,223,1,NULL,NULL,'2026-02-01 23:42:16','2026-02-01 23:42:16'),(332,'冷热冲击箱-02','SH-REL-TSC-02','AUTONOMOUS','ENVIRONMENTAL',4,2,'Model-TSC-B','岛津','SN000332','上海测试中心-可靠性实验室的冷热冲击箱设备',49,3.18256,2,'AVAILABLE',NULL,NULL,74,NULL,NULL,353,1,NULL,NULL,'2026-02-01 23:42:16','2026-02-01 23:42:16'),(333,'冷热冲击箱-03','SH-REL-TSC-03','AUTONOMOUS','ENVIRONMENTAL',4,2,'Model-TSC-C','科达','SN000333','上海测试中心-可靠性实验室的冷热冲击箱设备',29,3.98802,4,'AVAILABLE',NULL,NULL,60,NULL,NULL,243,1,NULL,NULL,'2026-02-01 23:42:16','2026-02-01 23:42:16'),(334,'冷热冲击箱-04','SH-REL-TSC-04','AUTONOMOUS','ENVIRONMENTAL',4,2,'Model-TSC-B','科达','SN000334','上海测试中心-可靠性实验室的冷热冲击箱设备',47,4.00649,1,'AVAILABLE',NULL,NULL,66,NULL,NULL,278,1,NULL,NULL,'2026-02-01 23:42:16','2026-02-01 23:42:16'),(335,'冷热冲击箱-05','SH-REL-TSC-05','AUTONOMOUS','ENVIRONMENTAL',4,2,'Model-TSC-B','科达','SN000335','上海测试中心-可靠性实验室的冷热冲击箱设备',14,3.29584,5,'AVAILABLE',NULL,NULL,60,NULL,NULL,238,1,NULL,NULL,'2026-02-01 23:42:16','2026-02-01 23:42:16'),(336,'冷热冲击箱-06','SH-REL-TSC-06','AUTONOMOUS','ENVIRONMENTAL',4,2,'Model-TSC-B','赛默飞','SN000336','上海测试中心-可靠性实验室的冷热冲击箱设备',12,3.48206,5,'AVAILABLE',NULL,NULL,75,NULL,NULL,359,1,NULL,NULL,'2026-02-01 23:42:16','2026-02-01 23:42:16'),(337,'冷热冲击箱-07','SH-REL-TSC-07','AUTONOMOUS','ENVIRONMENTAL',4,2,'Model-TSC-A','日立','SN000337','上海测试中心-可靠性实验室的冷热冲击箱设备',31,3.26243,3,'AVAILABLE',NULL,NULL,45,NULL,NULL,305,1,NULL,NULL,'2026-02-01 23:42:16','2026-02-01 23:42:16'),(338,'冷热冲击箱-08','SH-REL-TSC-08','AUTONOMOUS','ENVIRONMENTAL',4,2,'Model-TSC-B','赛默飞','SN000338','上海测试中心-可靠性实验室的冷热冲击箱设备',50,3.32001,4,'MAINTENANCE',NULL,NULL,60,NULL,NULL,272,1,NULL,NULL,'2026-02-01 23:42:16','2026-02-01 23:42:16'),(339,'冷热冲击箱-09','SH-REL-TSC-09','AUTONOMOUS','ENVIRONMENTAL',4,2,'Model-TSC-A','赛默飞','SN000339','上海测试中心-可靠性实验室的冷热冲击箱设备',10,4.89956,1,'AVAILABLE',NULL,NULL,67,NULL,NULL,345,1,NULL,NULL,'2026-02-01 23:42:16','2026-02-01 23:42:16'),(340,'冷热冲击箱-10','SH-REL-TSC-10','AUTONOMOUS','ENVIRONMENTAL',4,2,'Model-TSC-C','岛津','SN000340','上海测试中心-可靠性实验室的冷热冲击箱设备',13,4.38889,3,'AVAILABLE',NULL,NULL,80,NULL,NULL,261,1,NULL,NULL,'2026-02-01 23:42:16','2026-02-01 23:42:16'),(341,'盐雾箱-01','SH-REL-SSC-01','AUTONOMOUS','ENVIRONMENTAL',4,2,'Model-SSC-A','日立','SN000341','上海测试中心-可靠性实验室的盐雾箱设备',24,1.36317,4,'AVAILABLE',NULL,NULL,32,NULL,NULL,190,1,NULL,NULL,'2026-02-01 23:42:16','2026-02-01 23:42:16'),(342,'盐雾箱-02','SH-REL-SSC-02','AUTONOMOUS','ENVIRONMENTAL',4,2,'Model-SSC-C','赛默飞','SN000342','上海测试中心-可靠性实验室的盐雾箱设备',22,2.47163,5,'AVAILABLE',NULL,NULL,49,NULL,NULL,202,1,NULL,NULL,'2026-02-01 23:42:16','2026-02-01 23:42:16'),(343,'盐雾箱-03','SH-REL-SSC-03','AUTONOMOUS','ENVIRONMENTAL',4,2,'Model-SSC-B','科达','SN000343','上海测试中心-可靠性实验室的盐雾箱设备',35,4.48401,1,'AVAILABLE',NULL,NULL,70,NULL,NULL,221,1,NULL,NULL,'2026-02-01 23:42:16','2026-02-01 23:42:16'),(344,'盐雾箱-04','SH-REL-SSC-04','AUTONOMOUS','ENVIRONMENTAL',4,2,'Model-SSC-C','华测','SN000344','上海测试中心-可靠性实验室的盐雾箱设备',22,1.31443,5,'AVAILABLE',NULL,NULL,64,NULL,NULL,358,1,NULL,NULL,'2026-02-01 23:42:16','2026-02-01 23:42:16'),(345,'盐雾箱-05','SH-REL-SSC-05','AUTONOMOUS','ENVIRONMENTAL',4,2,'Model-SSC-C','日立','SN000345','上海测试中心-可靠性实验室的盐雾箱设备',11,3.50245,4,'AVAILABLE',NULL,NULL,73,NULL,NULL,211,1,NULL,NULL,'2026-02-01 23:42:16','2026-02-01 23:42:16'),(346,'盐雾箱-06','SH-REL-SSC-06','AUTONOMOUS','ENVIRONMENTAL',4,2,'Model-SSC-C','日立','SN000346','上海测试中心-可靠性实验室的盐雾箱设备',11,3.18731,4,'AVAILABLE',NULL,NULL,79,NULL,NULL,319,1,NULL,NULL,'2026-02-01 23:42:16','2026-02-01 23:42:16'),(347,'盐雾箱-07','SH-REL-SSC-07','AUTONOMOUS','ENVIRONMENTAL',4,2,'Model-SSC-A','蔡司','SN000347','上海测试中心-可靠性实验室的盐雾箱设备',45,4.6908,5,'AVAILABLE',NULL,NULL,65,NULL,NULL,217,1,NULL,NULL,'2026-02-01 23:42:16','2026-02-01 23:42:16'),(348,'盐雾箱-08','SH-REL-SSC-08','AUTONOMOUS','ENVIRONMENTAL',4,2,'Model-SSC-B','蔡司','SN000348','上海测试中心-可靠性实验室的盐雾箱设备',29,4.80564,4,'AVAILABLE',NULL,NULL,45,NULL,NULL,201,1,NULL,NULL,'2026-02-01 23:42:16','2026-02-01 23:42:16'),(349,'盐雾箱-09','SH-REL-SSC-09','AUTONOMOUS','ENVIRONMENTAL',4,2,'Model-SSC-B','蔡司','SN000349','上海测试中心-可靠性实验室的盐雾箱设备',14,2.26817,5,'AVAILABLE',NULL,NULL,83,NULL,NULL,317,1,NULL,NULL,'2026-02-01 23:42:16','2026-02-01 23:42:16'),(350,'盐雾箱-10','SH-REL-SSC-10','AUTONOMOUS','ENVIRONMENTAL',4,2,'Model-SSC-A','科达','SN000350','上海测试中心-可靠性实验室的盐雾箱设备',13,2.40449,4,'AVAILABLE',NULL,NULL,51,NULL,NULL,245,1,NULL,NULL,'2026-02-01 23:42:16','2026-02-01 23:42:16'),(351,'振动台-01','SH-REL-VIB-01','OPERATOR_DEPENDENT','MECHANICAL',4,2,'Model-VIB-A','华测','SN000351','上海测试中心-可靠性实验室的振动台设备',1,3.59504,1,'AVAILABLE',NULL,NULL,78,NULL,NULL,260,1,NULL,NULL,'2026-02-01 23:42:16','2026-02-01 23:42:16'),(352,'振动台-02','SH-REL-VIB-02','OPERATOR_DEPENDENT','MECHANICAL',4,2,'Model-VIB-A','华测','SN000352','上海测试中心-可靠性实验室的振动台设备',1,2.52483,1,'MAINTENANCE',NULL,NULL,53,NULL,NULL,361,1,NULL,NULL,'2026-02-01 23:42:16','2026-02-01 23:42:16'),(353,'振动台-03','SH-REL-VIB-03','OPERATOR_DEPENDENT','MECHANICAL',4,2,'Model-VIB-C','科达','SN000353','上海测试中心-可靠性实验室的振动台设备',1,4.46899,1,'AVAILABLE',NULL,NULL,80,NULL,NULL,343,1,NULL,NULL,'2026-02-01 23:42:16','2026-02-01 23:42:16'),(354,'振动台-04','SH-REL-VIB-04','OPERATOR_DEPENDENT','MECHANICAL',4,2,'Model-VIB-A','日立','SN000354','上海测试中心-可靠性实验室的振动台设备',1,2.547,1,'AVAILABLE',NULL,NULL,71,NULL,NULL,193,1,NULL,NULL,'2026-02-01 23:42:16','2026-02-01 23:42:16'),(355,'振动台-05','SH-REL-VIB-05','OPERATOR_DEPENDENT','MECHANICAL',4,2,'Model-VIB-C','华测','SN000355','上海测试中心-可靠性实验室的振动台设备',1,3.50756,1,'AVAILABLE',NULL,NULL,82,NULL,NULL,351,1,NULL,NULL,'2026-02-01 23:42:16','2026-02-01 23:42:16'),(356,'振动台-06','SH-REL-VIB-06','OPERATOR_DEPENDENT','MECHANICAL',4,2,'Model-VIB-B','岛津','SN000356','上海测试中心-可靠性实验室的振动台设备',1,2.79048,1,'AVAILABLE',NULL,NULL,85,NULL,NULL,209,1,NULL,NULL,'2026-02-01 23:42:16','2026-02-01 23:42:16'),(357,'振动台-07','SH-REL-VIB-07','OPERATOR_DEPENDENT','MECHANICAL',4,2,'Model-VIB-C','日立','SN000357','上海测试中心-可靠性实验室的振动台设备',1,1.11124,1,'AVAILABLE',NULL,NULL,89,NULL,NULL,309,1,NULL,NULL,'2026-02-01 23:42:16','2026-02-01 23:42:16'),(358,'振动台-08','SH-REL-VIB-08','OPERATOR_DEPENDENT','MECHANICAL',4,2,'Model-VIB-C','岛津','SN000358','上海测试中心-可靠性实验室的振动台设备',1,2.70853,1,'AVAILABLE',NULL,NULL,53,NULL,NULL,220,1,NULL,NULL,'2026-02-01 23:42:16','2026-02-01 23:42:16'),(359,'振动台-09','SH-REL-VIB-09','OPERATOR_DEPENDENT','MECHANICAL',4,2,'Model-VIB-B','赛默飞','SN000359','上海测试中心-可靠性实验室的振动台设备',1,3.3293,1,'AVAILABLE',NULL,NULL,52,NULL,NULL,311,1,NULL,NULL,'2026-02-01 23:42:16','2026-02-01 23:42:16'),(360,'振动台-10','SH-REL-VIB-10','OPERATOR_DEPENDENT','MECHANICAL',4,2,'Model-VIB-C','赛默飞','SN000360','上海测试中心-可靠性实验室的振动台设备',1,2.97665,1,'AVAILABLE',NULL,NULL,69,NULL,NULL,285,1,NULL,NULL,'2026-02-01 23:42:16','2026-02-01 23:42:16'),(361,'冲击台-01','SH-REL-SHK-01','OPERATOR_DEPENDENT','MECHANICAL',4,2,'Model-SHK-B','日立','SN000361','上海测试中心-可靠性实验室的冲击台设备',1,2.01713,1,'AVAILABLE',NULL,NULL,54,NULL,NULL,226,1,NULL,NULL,'2026-02-01 23:42:16','2026-02-01 23:42:16'),(362,'冲击台-02','SH-REL-SHK-02','OPERATOR_DEPENDENT','MECHANICAL',4,2,'Model-SHK-A','蔡司','SN000362','上海测试中心-可靠性实验室的冲击台设备',1,4.34811,1,'AVAILABLE',NULL,NULL,78,NULL,NULL,237,1,NULL,NULL,'2026-02-01 23:42:16','2026-02-01 23:42:16'),(363,'冲击台-03','SH-REL-SHK-03','OPERATOR_DEPENDENT','MECHANICAL',4,2,'Model-SHK-B','日立','SN000363','上海测试中心-可靠性实验室的冲击台设备',1,3.01835,1,'AVAILABLE',NULL,NULL,77,NULL,NULL,196,1,NULL,NULL,'2026-02-01 23:42:16','2026-02-01 23:42:16'),(364,'冲击台-04','SH-REL-SHK-04','OPERATOR_DEPENDENT','MECHANICAL',4,2,'Model-SHK-A','华测','SN000364','上海测试中心-可靠性实验室的冲击台设备',1,1.61658,1,'AVAILABLE',NULL,NULL,40,NULL,NULL,283,1,NULL,NULL,'2026-02-01 23:42:16','2026-02-01 23:42:16'),(365,'冲击台-05','SH-REL-SHK-05','OPERATOR_DEPENDENT','MECHANICAL',4,2,'Model-SHK-A','科达','SN000365','上海测试中心-可靠性实验室的冲击台设备',1,3.29492,1,'AVAILABLE',NULL,NULL,71,NULL,NULL,223,1,NULL,NULL,'2026-02-01 23:42:16','2026-02-01 23:42:16'),(366,'冲击台-06','SH-REL-SHK-06','OPERATOR_DEPENDENT','MECHANICAL',4,2,'Model-SHK-A','日立','SN000366','上海测试中心-可靠性实验室的冲击台设备',1,2.38286,1,'AVAILABLE',NULL,NULL,80,NULL,NULL,216,1,NULL,NULL,'2026-02-01 23:42:16','2026-02-01 23:42:16'),(367,'冲击台-07','SH-REL-SHK-07','OPERATOR_DEPENDENT','MECHANICAL',4,2,'Model-SHK-A','蔡司','SN000367','上海测试中心-可靠性实验室的冲击台设备',1,2.9925,1,'AVAILABLE',NULL,NULL,69,NULL,NULL,293,1,NULL,NULL,'2026-02-01 23:42:16','2026-02-01 23:42:16'),(368,'冲击台-08','SH-REL-SHK-08','OPERATOR_DEPENDENT','MECHANICAL',4,2,'Model-SHK-C','蔡司','SN000368','上海测试中心-可靠性实验室的冲击台设备',1,3.12288,1,'AVAILABLE',NULL,NULL,32,NULL,NULL,327,1,NULL,NULL,'2026-02-01 23:42:16','2026-02-01 23:42:16'),(369,'冲击台-09','SH-REL-SHK-09','OPERATOR_DEPENDENT','MECHANICAL',4,2,'Model-SHK-B','岛津','SN000369','上海测试中心-可靠性实验室的冲击台设备',1,2.81408,1,'AVAILABLE',NULL,NULL,32,NULL,NULL,298,1,NULL,NULL,'2026-02-01 23:42:16','2026-02-01 23:42:16'),(370,'冲击台-10','SH-REL-SHK-10','OPERATOR_DEPENDENT','MECHANICAL',4,2,'Model-SHK-A','赛默飞','SN000370','上海测试中心-可靠性实验室的冲击台设备',1,1.78082,1,'AVAILABLE',NULL,NULL,39,NULL,NULL,280,1,NULL,NULL,'2026-02-01 23:42:16','2026-02-01 23:42:16'),(371,'绝缘电阻测试仪-01','SH-REL-IR-01','OPERATOR_DEPENDENT','ELECTRICAL',4,2,'Model-IR-A','科达','SN000371','上海测试中心-可靠性实验室的绝缘电阻测试仪设备',1,1.83132,1,'AVAILABLE',NULL,NULL,38,NULL,NULL,251,1,NULL,NULL,'2026-02-01 23:42:16','2026-02-01 23:42:16'),(372,'绝缘电阻测试仪-02','SH-REL-IR-02','OPERATOR_DEPENDENT','ELECTRICAL',4,2,'Model-IR-C','日立','SN000372','上海测试中心-可靠性实验室的绝缘电阻测试仪设备',1,1.23854,1,'AVAILABLE',NULL,NULL,68,NULL,NULL,278,1,NULL,NULL,'2026-02-01 23:42:16','2026-02-01 23:42:16'),(373,'绝缘电阻测试仪-03','SH-REL-IR-03','OPERATOR_DEPENDENT','ELECTRICAL',4,2,'Model-IR-C','赛默飞','SN000373','上海测试中心-可靠性实验室的绝缘电阻测试仪设备',1,2.31479,1,'AVAILABLE',NULL,NULL,48,NULL,NULL,256,1,NULL,NULL,'2026-02-01 23:42:16','2026-02-01 23:42:16'),(374,'绝缘电阻测试仪-04','SH-REL-IR-04','OPERATOR_DEPENDENT','ELECTRICAL',4,2,'Model-IR-C','岛津','SN000374','上海测试中心-可靠性实验室的绝缘电阻测试仪设备',1,3.91617,1,'AVAILABLE',NULL,NULL,44,NULL,NULL,363,1,NULL,NULL,'2026-02-01 23:42:16','2026-02-01 23:42:16'),(375,'绝缘电阻测试仪-05','SH-REL-IR-05','OPERATOR_DEPENDENT','ELECTRICAL',4,2,'Model-IR-A','日立','SN000375','上海测试中心-可靠性实验室的绝缘电阻测试仪设备',1,3.56008,1,'AVAILABLE',NULL,NULL,36,NULL,NULL,360,1,NULL,NULL,'2026-02-01 23:42:16','2026-02-01 23:42:16'),(376,'绝缘电阻测试仪-06','SH-REL-IR-06','OPERATOR_DEPENDENT','ELECTRICAL',4,2,'Model-IR-A','科达','SN000376','上海测试中心-可靠性实验室的绝缘电阻测试仪设备',1,1.20023,1,'AVAILABLE',NULL,NULL,54,NULL,NULL,353,1,NULL,NULL,'2026-02-01 23:42:16','2026-02-01 23:42:16'),(377,'绝缘电阻测试仪-07','SH-REL-IR-07','OPERATOR_DEPENDENT','ELECTRICAL',4,2,'Model-IR-B','蔡司','SN000377','上海测试中心-可靠性实验室的绝缘电阻测试仪设备',1,4.7845,1,'AVAILABLE',NULL,NULL,67,NULL,NULL,234,1,NULL,NULL,'2026-02-01 23:42:16','2026-02-01 23:42:16'),(378,'绝缘电阻测试仪-08','SH-REL-IR-08','OPERATOR_DEPENDENT','ELECTRICAL',4,2,'Model-IR-C','赛默飞','SN000378','上海测试中心-可靠性实验室的绝缘电阻测试仪设备',1,3.5073,1,'AVAILABLE',NULL,NULL,69,NULL,NULL,235,1,NULL,NULL,'2026-02-01 23:42:16','2026-02-01 23:42:16'),(379,'绝缘电阻测试仪-09','SH-REL-IR-09','OPERATOR_DEPENDENT','ELECTRICAL',4,2,'Model-IR-A','赛默飞','SN000379','上海测试中心-可靠性实验室的绝缘电阻测试仪设备',1,1.21551,1,'AVAILABLE',NULL,NULL,69,NULL,NULL,355,1,NULL,NULL,'2026-02-01 23:42:16','2026-02-01 23:42:16'),(380,'绝缘电阻测试仪-10','SH-REL-IR-10','OPERATOR_DEPENDENT','ELECTRICAL',4,2,'Model-IR-A','蔡司','SN000380','上海测试中心-可靠性实验室的绝缘电阻测试仪设备',1,1.00917,1,'AVAILABLE',NULL,NULL,44,NULL,NULL,281,1,NULL,NULL,'2026-02-01 23:42:16','2026-02-01 23:42:16'),(381,'电源循环仪-01','SH-REL-PC-01','AUTONOMOUS','ELECTRICAL',4,2,'Model-PC-A','华测','SN000381','上海测试中心-可靠性实验室的电源循环仪设备',43,1.21176,3,'AVAILABLE',NULL,NULL,46,NULL,NULL,261,1,NULL,NULL,'2026-02-01 23:42:16','2026-02-01 23:42:16'),(382,'电源循环仪-02','SH-REL-PC-02','AUTONOMOUS','ELECTRICAL',4,2,'Model-PC-A','日立','SN000382','上海测试中心-可靠性实验室的电源循环仪设备',31,1.51067,1,'AVAILABLE',NULL,NULL,59,NULL,NULL,256,1,NULL,NULL,'2026-02-01 23:42:16','2026-02-01 23:42:16'),(383,'电源循环仪-03','SH-REL-PC-03','AUTONOMOUS','ELECTRICAL',4,2,'Model-PC-A','日立','SN000383','上海测试中心-可靠性实验室的电源循环仪设备',12,4.04506,2,'MAINTENANCE',NULL,NULL,70,NULL,NULL,260,1,NULL,NULL,'2026-02-01 23:42:16','2026-02-01 23:42:16'),(384,'电源循环仪-04','SH-REL-PC-04','AUTONOMOUS','ELECTRICAL',4,2,'Model-PC-B','科达','SN000384','上海测试中心-可靠性实验室的电源循环仪设备',36,3.72832,3,'MAINTENANCE',NULL,NULL,81,NULL,NULL,343,1,NULL,NULL,'2026-02-01 23:42:16','2026-02-01 23:42:16'),(385,'电源循环仪-05','SH-REL-PC-05','AUTONOMOUS','ELECTRICAL',4,2,'Model-PC-C','赛默飞','SN000385','上海测试中心-可靠性实验室的电源循环仪设备',20,1.1224,5,'AVAILABLE',NULL,NULL,84,NULL,NULL,275,1,NULL,NULL,'2026-02-01 23:42:16','2026-02-01 23:42:16'),(386,'电源循环仪-06','SH-REL-PC-06','AUTONOMOUS','ELECTRICAL',4,2,'Model-PC-B','日立','SN000386','上海测试中心-可靠性实验室的电源循环仪设备',49,2.45471,3,'AVAILABLE',NULL,NULL,67,NULL,NULL,302,1,NULL,NULL,'2026-02-01 23:42:16','2026-02-01 23:42:16'),(387,'电源循环仪-07','SH-REL-PC-07','AUTONOMOUS','ELECTRICAL',4,2,'Model-PC-A','科达','SN000387','上海测试中心-可靠性实验室的电源循环仪设备',38,3.62787,3,'AVAILABLE',NULL,NULL,70,NULL,NULL,213,1,NULL,NULL,'2026-02-01 23:42:16','2026-02-01 23:42:16'),(388,'电源循环仪-08','SH-REL-PC-08','AUTONOMOUS','ELECTRICAL',4,2,'Model-PC-A','赛默飞','SN000388','上海测试中心-可靠性实验室的电源循环仪设备',31,1.66315,4,'AVAILABLE',NULL,NULL,31,NULL,NULL,335,1,NULL,NULL,'2026-02-01 23:42:16','2026-02-01 23:42:16'),(389,'电源循环仪-09','SH-REL-PC-09','AUTONOMOUS','ELECTRICAL',4,2,'Model-PC-C','华测','SN000389','上海测试中心-可靠性实验室的电源循环仪设备',10,1.08039,5,'MAINTENANCE',NULL,NULL,74,NULL,NULL,193,1,NULL,NULL,'2026-02-01 23:42:16','2026-02-01 23:42:16'),(390,'电源循环仪-10','SH-REL-PC-10','AUTONOMOUS','ELECTRICAL',4,2,'Model-PC-A','蔡司','SN000390','上海测试中心-可靠性实验室的电源循环仪设备',33,4.16343,2,'AVAILABLE',NULL,NULL,61,NULL,NULL,340,1,NULL,NULL,'2026-02-01 23:42:16','2026-02-01 23:42:16'),(391,'精密电源-01','SH-REL-PS-01','OPERATOR_DEPENDENT','MEASUREMENT',4,2,'Model-PS-B','科达','SN000391','上海测试中心-可靠性实验室的精密电源设备',1,4.07539,1,'AVAILABLE',NULL,NULL,42,NULL,NULL,220,1,NULL,NULL,'2026-02-01 23:42:16','2026-02-01 23:42:16'),(392,'精密电源-02','SH-REL-PS-02','OPERATOR_DEPENDENT','MEASUREMENT',4,2,'Model-PS-B','赛默飞','SN000392','上海测试中心-可靠性实验室的精密电源设备',1,4.84437,1,'AVAILABLE',NULL,NULL,66,NULL,NULL,204,1,NULL,NULL,'2026-02-01 23:42:16','2026-02-01 23:42:16'),(393,'精密电源-03','SH-REL-PS-03','OPERATOR_DEPENDENT','MEASUREMENT',4,2,'Model-PS-A','华测','SN000393','上海测试中心-可靠性实验室的精密电源设备',1,3.38406,1,'AVAILABLE',NULL,NULL,63,NULL,NULL,202,1,NULL,NULL,'2026-02-01 23:42:16','2026-02-01 23:42:16'),(394,'精密电源-04','SH-REL-PS-04','OPERATOR_DEPENDENT','MEASUREMENT',4,2,'Model-PS-A','赛默飞','SN000394','上海测试中心-可靠性实验室的精密电源设备',1,2.85572,1,'MAINTENANCE',NULL,NULL,65,NULL,NULL,263,1,NULL,NULL,'2026-02-01 23:42:16','2026-02-01 23:42:16'),(395,'精密电源-05','SH-REL-PS-05','OPERATOR_DEPENDENT','MEASUREMENT',4,2,'Model-PS-C','科达','SN000395','上海测试中心-可靠性实验室的精密电源设备',1,3.62073,1,'AVAILABLE',NULL,NULL,80,NULL,NULL,184,1,NULL,NULL,'2026-02-01 23:42:16','2026-02-01 23:42:16'),(396,'精密电源-06','SH-REL-PS-06','OPERATOR_DEPENDENT','MEASUREMENT',4,2,'Model-PS-B','赛默飞','SN000396','上海测试中心-可靠性实验室的精密电源设备',1,1.52704,1,'AVAILABLE',NULL,NULL,63,NULL,NULL,274,1,NULL,NULL,'2026-02-01 23:42:16','2026-02-01 23:42:16'),(397,'精密电源-07','SH-REL-PS-07','OPERATOR_DEPENDENT','MEASUREMENT',4,2,'Model-PS-A','蔡司','SN000397','上海测试中心-可靠性实验室的精密电源设备',1,3.43428,1,'AVAILABLE',NULL,NULL,54,NULL,NULL,365,1,NULL,NULL,'2026-02-01 23:42:16','2026-02-01 23:42:16'),(398,'精密电源-08','SH-REL-PS-08','OPERATOR_DEPENDENT','MEASUREMENT',4,2,'Model-PS-C','蔡司','SN000398','上海测试中心-可靠性实验室的精密电源设备',1,1.07288,1,'AVAILABLE',NULL,NULL,74,NULL,NULL,202,1,NULL,NULL,'2026-02-01 23:42:16','2026-02-01 23:42:16'),(399,'精密电源-09','SH-REL-PS-09','OPERATOR_DEPENDENT','MEASUREMENT',4,2,'Model-PS-A','赛默飞','SN000399','上海测试中心-可靠性实验室的精密电源设备',1,3.37125,1,'AVAILABLE',NULL,NULL,71,NULL,NULL,201,1,NULL,NULL,'2026-02-01 23:42:16','2026-02-01 23:42:16'),(400,'精密电源-10','SH-REL-PS-10','OPERATOR_DEPENDENT','MEASUREMENT',4,2,'Model-PS-B','岛津','SN000400','上海测试中心-可靠性实验室的精密电源设备',1,4.62481,1,'AVAILABLE',NULL,NULL,73,NULL,NULL,247,1,NULL,NULL,'2026-02-01 23:42:16','2026-02-01 23:42:16');
/*!40000 ALTER TABLE `equipment` ENABLE KEYS */;
UNLOCK TABLES;

--
-- Table structure for table `equipment_schedules`
--

DROP TABLE IF EXISTS `equipment_schedules`;
/*!40101 SET @saved_cs_client     = @@character_set_client */;
/*!40101 SET character_set_client = utf8 */;
CREATE TABLE `equipment_schedules` (
  `id` int NOT NULL AUTO_INCREMENT,
  `equipment_id` int NOT NULL,
  `start_time` datetime NOT NULL,
  `end_time` datetime NOT NULL,
  `work_order_id` int DEFAULT NULL,
  `task_id` int DEFAULT NULL,
  `operator_id` int DEFAULT NULL,
  `title` varchar(200) COLLATE utf8mb4_unicode_ci DEFAULT NULL,
  `notes` text COLLATE utf8mb4_unicode_ci,
  `status` varchar(20) COLLATE utf8mb4_unicode_ci DEFAULT NULL,
  `created_at` datetime DEFAULT NULL,
  `updated_at` datetime DEFAULT NULL,
  PRIMARY KEY (`id`),
  KEY `equipment_id` (`equipment_id`),
  KEY `work_order_id` (`work_order_id`),
  KEY `task_id` (`task_id`),
  KEY `operator_id` (`operator_id`),
  KEY `ix_equipment_schedules_start_time` (`start_time`),
  KEY `ix_equipment_schedules_end_time` (`end_time`),
  KEY `ix_equipment_schedules_id` (`id`),
  CONSTRAINT `equipment_schedules_ibfk_1` FOREIGN KEY (`equipment_id`) REFERENCES `equipment` (`id`),
  CONSTRAINT `equipment_schedules_ibfk_2` FOREIGN KEY (`work_order_id`) REFERENCES `work_orders` (`id`),
  CONSTRAINT `equipment_schedules_ibfk_3` FOREIGN KEY (`task_id`) REFERENCES `work_order_tasks` (`id`),
  CONSTRAINT `equipment_schedules_ibfk_4` FOREIGN KEY (`operator_id`) REFERENCES `personnel` (`id`)
) ENGINE=InnoDB AUTO_INCREMENT=489 DEFAULT CHARSET=utf8mb4 COLLATE=utf8mb4_unicode_ci;
/*!40101 SET character_set_client = @saved_cs_client */;

--
-- Dumping data for table `equipment_schedules`
--

LOCK TABLES `equipment_schedules` WRITE;
/*!40000 ALTER TABLE `equipment_schedules` DISABLE KEYS */;
INSERT INTO `equipment_schedules` VALUES (1,298,'2026-01-02 03:45:00','2026-01-02 04:54:00',1,1,24,'WO-20260101-0001 - 样品接收登记',NULL,'completed','2026-02-01 23:42:17','2026-02-01 23:42:17'),(2,233,'2026-01-02 06:20:00','2026-01-02 07:18:36',1,2,23,'WO-20260101-0001 - 外观检查',NULL,'completed','2026-02-01 23:42:17','2026-02-01 23:42:17'),(3,225,'2026-01-02 09:07:36','2026-01-02 11:12:10',1,3,21,'WO-20260101-0001 - X射线检测',NULL,'completed','2026-02-01 23:42:17','2026-02-01 23:42:17'),(4,290,'2026-01-02 13:04:10','2026-01-02 16:27:57',1,4,23,'WO-20260101-0001 - 开封处理',NULL,'completed','2026-02-01 23:42:17','2026-02-01 23:42:17'),(5,206,'2026-01-02 18:38:57','2026-01-02 21:26:47',1,5,23,'WO-20260101-0001 - SEM分析',NULL,'completed','2026-02-01 23:42:17','2026-02-01 23:42:17'),(6,290,'2026-01-02 23:11:47','2026-01-03 05:34:48',1,6,24,'WO-20260101-0001 - 横截面制备',NULL,'completed','2026-02-01 23:42:17','2026-02-01 23:42:17'),(7,213,'2026-01-03 07:56:48','2026-01-03 12:27:15',1,7,21,'WO-20260101-0001 - 失效定位',NULL,'completed','2026-02-01 23:42:17','2026-02-01 23:42:17'),(8,291,'2026-01-02 18:25:00','2026-01-02 19:20:13',2,9,24,'WO-20260101-0002 - 样品接收登记',NULL,'completed','2026-02-01 23:42:17','2026-02-01 23:42:17'),(9,233,'2026-01-02 21:53:13','2026-01-02 22:42:01',2,10,21,'WO-20260101-0002 - 外观检查',NULL,'completed','2026-02-01 23:42:17','2026-02-01 23:42:17'),(10,227,'2026-01-03 00:43:01','2026-01-03 02:19:35',2,11,24,'WO-20260101-0002 - X射线检测',NULL,'completed','2026-02-01 23:42:17','2026-02-01 23:42:17'),(11,272,'2026-01-03 04:05:35','2026-01-03 07:55:38',2,12,21,'WO-20260101-0002 - 开封处理',NULL,'completed','2026-02-01 23:42:17','2026-02-01 23:42:17'),(12,218,'2026-01-03 09:48:38','2026-01-03 12:39:11',2,13,20,'WO-20260101-0002 - SEM分析',NULL,'completed','2026-02-01 23:42:17','2026-02-01 23:42:17'),(13,274,'2026-01-03 13:46:11','2026-01-03 20:01:22',2,14,23,'WO-20260101-0002 - 横截面制备',NULL,'completed','2026-02-01 23:42:17','2026-02-01 23:42:17'),(14,221,'2026-01-03 22:01:22','2026-01-04 01:42:15',2,15,23,'WO-20260101-0002 - 失效定位',NULL,'completed','2026-02-01 23:42:17','2026-02-01 23:42:17'),(15,97,'2026-01-02 17:21:00','2026-01-02 18:12:09',3,17,6,'WO-20260101-0003 - 样品接收登记',NULL,'completed','2026-02-01 23:42:17','2026-02-01 23:42:17'),(16,41,'2026-01-02 20:21:09','2026-01-02 21:29:58',3,18,5,'WO-20260101-0003 - 外观检查',NULL,'completed','2026-02-01 23:42:17','2026-02-01 23:42:17'),(17,14,'2026-01-02 23:11:58','2026-01-03 01:13:13',3,19,4,'WO-20260101-0003 - X射线检测',NULL,'completed','2026-02-01 23:42:17','2026-02-01 23:42:17'),(18,79,'2026-01-03 03:01:13','2026-01-03 07:18:41',3,20,6,'WO-20260101-0003 - 开封处理',NULL,'completed','2026-02-01 23:42:17','2026-02-01 23:42:17'),(19,29,'2026-01-03 08:54:41','2026-01-03 12:01:59',3,21,5,'WO-20260101-0003 - SEM分析',NULL,'completed','2026-02-01 23:42:17','2026-02-01 23:42:17'),(20,78,'2026-01-03 13:21:59','2026-01-03 19:01:17',3,22,6,'WO-20260101-0003 - 横截面制备',NULL,'completed','2026-02-01 23:42:17','2026-02-01 23:42:17'),(21,23,'2026-01-03 21:17:17','2026-01-04 00:47:35',3,23,5,'WO-20260101-0003 - 失效定位',NULL,'completed','2026-02-01 23:42:17','2026-02-01 23:42:17'),(22,291,'2026-01-02 03:41:00','2026-01-02 04:46:18',4,25,20,'WO-20260101-0004 - 样品接收登记',NULL,'completed','2026-02-01 23:42:17','2026-02-01 23:42:17'),(23,240,'2026-01-02 06:53:18','2026-01-02 07:56:47',4,26,20,'WO-20260101-0004 - 外观检查',NULL,'completed','2026-02-01 23:42:17','2026-02-01 23:42:17'),(24,214,'2026-01-02 09:01:47','2026-01-02 10:44:06',4,27,21,'WO-20260101-0004 - X射线检测',NULL,'completed','2026-02-01 23:42:17','2026-02-01 23:42:17'),(25,274,'2026-01-02 12:18:06','2026-01-02 15:35:04',4,28,22,'WO-20260101-0004 - 开封处理',NULL,'completed','2026-02-01 23:42:17','2026-02-01 23:42:17'),(26,224,'2026-01-02 17:46:04','2026-01-02 20:38:19',4,29,24,'WO-20260101-0004 - SEM分析',NULL,'completed','2026-02-01 23:42:17','2026-02-01 23:42:17'),(27,278,'2026-01-02 22:33:19','2026-01-03 05:14:16',4,30,23,'WO-20260101-0004 - 横截面制备',NULL,'completed','2026-02-01 23:42:17','2026-02-01 23:42:17'),(28,224,'2026-01-03 06:54:16','2026-01-03 10:13:10',4,31,20,'WO-20260101-0004 - 失效定位',NULL,'completed','2026-02-01 23:42:17','2026-02-01 23:42:17'),(29,97,'2026-01-03 10:29:00','2026-01-03 11:17:11',5,33,6,'WO-20260102-0005 - 样品接收登记',NULL,'completed','2026-02-01 23:42:17','2026-02-01 23:42:17'),(30,42,'2026-01-03 13:18:11','2026-01-03 14:08:21',5,34,5,'WO-20260102-0005 - 外观检查',NULL,'completed','2026-02-01 23:42:17','2026-02-01 23:42:17'),(31,12,'2026-01-03 16:33:21','2026-01-03 18:35:51',5,35,7,'WO-20260102-0005 - X射线检测',NULL,'completed','2026-02-01 23:42:17','2026-02-01 23:42:17'),(32,74,'2026-01-03 20:53:51','2026-01-04 00:11:14',5,36,6,'WO-20260102-0005 - 开封处理',NULL,'completed','2026-02-01 23:42:17','2026-02-01 23:42:17'),(33,26,'2026-01-04 02:20:14','2026-01-04 04:47:13',5,37,8,'WO-20260102-0005 - SEM分析',NULL,'completed','2026-02-01 23:42:17','2026-02-01 23:42:17'),(34,72,'2026-01-04 06:09:13','2026-01-04 13:20:45',5,38,8,'WO-20260102-0005 - 横截面制备',NULL,'completed','2026-02-01 23:42:17','2026-02-01 23:42:17'),(35,23,'2026-01-04 15:36:45','2026-01-04 19:30:41',5,39,5,'WO-20260102-0005 - 失效定位',NULL,'completed','2026-02-01 23:42:17','2026-02-01 23:42:17'),(36,291,'2026-01-03 03:15:00','2026-01-03 04:16:47',6,41,20,'WO-20260102-0006 - 样品接收登记',NULL,'completed','2026-02-01 23:42:17','2026-02-01 23:42:17'),(37,250,'2026-01-03 06:20:47','2026-01-03 07:30:14',6,42,23,'WO-20260102-0006 - 外观检查',NULL,'completed','2026-02-01 23:42:17','2026-02-01 23:42:17'),(38,223,'2026-01-03 09:55:14','2026-01-03 11:44:30',6,43,20,'WO-20260102-0006 - X射线检测',NULL,'completed','2026-02-01 23:42:17','2026-02-01 23:42:17'),(39,280,'2026-01-03 13:53:30','2026-01-03 17:49:32',6,44,21,'WO-20260102-0006 - 开封处理',NULL,'completed','2026-02-01 23:42:17','2026-02-01 23:42:17'),(40,205,'2026-01-03 20:05:32','2026-01-03 23:18:58',6,45,21,'WO-20260102-0006 - SEM分析',NULL,'completed','2026-02-01 23:42:17','2026-02-01 23:42:17'),(41,285,'2026-01-04 00:10:58','2026-01-04 05:06:49',6,46,21,'WO-20260102-0006 - 横截面制备',NULL,'completed','2026-02-01 23:42:17','2026-02-01 23:42:17'),(42,217,'2026-01-04 06:51:49','2026-01-04 11:29:46',6,47,23,'WO-20260102-0006 - 失效定位',NULL,'completed','2026-02-01 23:42:17','2026-02-01 23:42:17'),(43,100,'2026-01-03 14:52:00','2026-01-03 15:48:46',7,49,7,'WO-20260102-0007 - 样品接收登记',NULL,'completed','2026-02-01 23:42:17','2026-02-01 23:42:17'),(44,31,'2026-01-03 18:32:46','2026-01-03 19:31:46',7,50,6,'WO-20260102-0007 - 外观检查',NULL,'completed','2026-02-01 23:42:17','2026-02-01 23:42:17'),(45,3,'2026-01-03 20:36:46','2026-01-03 22:21:37',7,51,8,'WO-20260102-0007 - X射线检测',NULL,'completed','2026-02-01 23:42:17','2026-02-01 23:42:17'),(46,81,'2026-01-03 23:30:37','2026-01-04 03:40:56',7,52,4,'WO-20260102-0007 - 开封处理',NULL,'completed','2026-02-01 23:42:17','2026-02-01 23:42:17'),(47,13,'2026-01-04 05:05:56','2026-01-04 08:13:43',7,53,5,'WO-20260102-0007 - SEM分析',NULL,'completed','2026-02-01 23:42:17','2026-02-01 23:42:17'),(48,76,'2026-01-04 10:34:43','2026-01-04 16:11:35',7,54,8,'WO-20260102-0007 - 横截面制备',NULL,'completed','2026-02-01 23:42:17','2026-02-01 23:42:17'),(49,29,'2026-01-04 17:44:35','2026-01-04 22:16:28',7,55,5,'WO-20260102-0007 - 失效定位',NULL,'completed','2026-02-01 23:42:17','2026-02-01 23:42:17'),(50,192,'2026-01-04 16:42:43','2026-01-04 20:06:01',8,58,15,'WO-20260103-0008 - 初始电气测试',NULL,'completed','2026-02-01 23:42:17','2026-02-01 23:42:17'),(51,129,'2026-01-04 22:57:01','2026-01-12 02:17:45',8,59,13,'WO-20260103-0008 - 环境应力测试',NULL,'completed','2026-02-01 23:42:17','2026-02-01 23:42:17'),(52,195,'2026-01-12 03:23:45','2026-01-12 08:06:28',8,60,16,'WO-20260103-0008 - 中间读数',NULL,'completed','2026-02-01 23:42:17','2026-02-01 23:42:17'),(53,102,'2026-01-12 10:21:28','2026-01-15 00:42:27',8,61,13,'WO-20260103-0008 - 应力循环',NULL,'completed','2026-02-01 23:42:17','2026-02-01 23:42:17'),(54,191,'2026-01-15 02:17:27','2026-01-15 05:31:07',8,62,16,'WO-20260103-0008 - 最终电气测试',NULL,'completed','2026-02-01 23:42:17','2026-02-01 23:42:17'),(55,91,'2026-01-04 10:20:00','2026-01-04 11:21:22',9,65,8,'WO-20260103-0009 - 样品接收登记',NULL,'completed','2026-02-01 23:42:17','2026-02-01 23:42:17'),(56,41,'2026-01-04 13:16:22','2026-01-04 14:18:20',9,66,8,'WO-20260103-0009 - 外观检查',NULL,'completed','2026-02-01 23:42:17','2026-02-01 23:42:17'),(57,17,'2026-01-04 15:56:20','2026-01-04 17:49:03',9,67,4,'WO-20260103-0009 - X射线检测',NULL,'completed','2026-02-01 23:42:17','2026-02-01 23:42:17'),(58,89,'2026-01-04 19:43:03','2026-01-05 00:20:49',9,68,7,'WO-20260103-0009 - 开封处理',NULL,'completed','2026-02-01 23:42:17','2026-02-01 23:42:17'),(59,7,'2026-01-05 01:42:49','2026-01-05 05:17:01',9,69,8,'WO-20260103-0009 - SEM分析',NULL,'completed','2026-02-01 23:42:17','2026-02-01 23:42:17'),(60,89,'2026-01-05 07:31:01','2026-01-05 12:50:20',9,70,6,'WO-20260103-0009 - 横截面制备',NULL,'completed','2026-02-01 23:42:17','2026-02-01 23:42:17'),(61,17,'2026-01-05 15:40:20','2026-01-05 19:19:08',9,71,5,'WO-20260103-0009 - 失效定位',NULL,'completed','2026-02-01 23:42:17','2026-02-01 23:42:17'),(62,98,'2026-01-04 02:54:00','2026-01-04 04:04:57',10,73,5,'WO-20260103-0010 - 样品接收登记',NULL,'completed','2026-02-01 23:42:17','2026-02-01 23:42:17'),(63,41,'2026-01-04 06:00:57','2026-01-04 07:07:42',10,74,4,'WO-20260103-0010 - 外观检查',NULL,'completed','2026-02-01 23:42:17','2026-02-01 23:42:17'),(64,5,'2026-01-04 09:40:42','2026-01-04 11:29:30',10,75,7,'WO-20260103-0010 - X射线检测',NULL,'completed','2026-02-01 23:42:17','2026-02-01 23:42:17'),(65,90,'2026-01-04 13:24:30','2026-01-04 17:50:41',10,76,7,'WO-20260103-0010 - 开封处理',NULL,'completed','2026-02-01 23:42:17','2026-02-01 23:42:17'),(66,17,'2026-01-04 19:15:41','2026-01-04 22:05:58',10,77,5,'WO-20260103-0010 - SEM分析',NULL,'completed','2026-02-01 23:42:17','2026-02-01 23:42:17'),(67,71,'2026-01-05 00:56:58','2026-01-05 07:34:59',10,78,4,'WO-20260103-0010 - 横截面制备',NULL,'completed','2026-02-01 23:42:17','2026-02-01 23:42:17'),(68,10,'2026-01-05 10:20:59','2026-01-05 14:13:20',10,79,5,'WO-20260103-0010 - 失效定位',NULL,'completed','2026-02-01 23:42:17','2026-02-01 23:42:17'),(69,98,'2026-01-05 18:44:00','2026-01-05 19:45:50',11,81,6,'WO-20260104-0011 - 样品接收登记',NULL,'completed','2026-02-01 23:42:17','2026-02-01 23:42:17'),(70,46,'2026-01-05 21:05:50','2026-01-05 21:55:17',11,82,6,'WO-20260104-0011 - 外观检查',NULL,'completed','2026-02-01 23:42:17','2026-02-01 23:42:17'),(71,16,'2026-01-05 23:34:17','2026-01-06 01:55:52',11,83,6,'WO-20260104-0011 - X射线检测',NULL,'completed','2026-02-01 23:42:17','2026-02-01 23:42:17'),(72,88,'2026-01-06 03:12:52','2026-01-06 07:23:59',11,84,7,'WO-20260104-0011 - 开封处理',NULL,'completed','2026-02-01 23:42:17','2026-02-01 23:42:17'),(73,19,'2026-01-06 09:06:59','2026-01-06 12:37:26',11,85,7,'WO-20260104-0011 - SEM分析',NULL,'completed','2026-02-01 23:42:17','2026-02-01 23:42:17'),(74,71,'2026-01-06 14:50:26','2026-01-06 21:24:28',11,86,5,'WO-20260104-0011 - 横截面制备',NULL,'completed','2026-02-01 23:42:17','2026-02-01 23:42:17'),(75,1,'2026-01-06 23:30:28','2026-01-07 03:34:57',11,87,5,'WO-20260104-0011 - 失效定位',NULL,'completed','2026-02-01 23:42:17','2026-02-01 23:42:17'),(76,396,'2026-01-05 11:40:13','2026-01-05 15:24:44',12,90,29,'WO-20260104-0012 - 初始电气测试',NULL,'completed','2026-02-01 23:42:17','2026-02-01 23:42:17'),(77,326,'2026-01-05 17:13:44','2026-01-11 08:34:47',12,91,30,'WO-20260104-0012 - 环境应力测试',NULL,'completed','2026-02-01 23:42:17','2026-02-01 23:42:17'),(78,393,'2026-01-11 10:33:47','2026-01-11 14:35:40',12,92,32,'WO-20260104-0012 - 中间读数',NULL,'completed','2026-02-01 23:42:17','2026-02-01 23:42:17'),(79,308,'2026-01-11 17:09:40','2026-01-14 11:48:58',12,93,28,'WO-20260104-0012 - 应力循环',NULL,'completed','2026-02-01 23:42:17','2026-02-01 23:42:17'),(80,391,'2026-01-14 12:50:58','2026-01-14 16:37:40',12,94,31,'WO-20260104-0012 - 最终电气测试',NULL,'completed','2026-02-01 23:42:17','2026-02-01 23:42:17'),(81,392,'2026-01-05 05:00:56','2026-01-05 09:20:48',13,98,29,'WO-20260104-0013 - 初始电气测试',NULL,'completed','2026-02-01 23:42:17','2026-02-01 23:42:17'),(82,335,'2026-01-05 10:40:48','2026-01-12 17:49:51',13,99,28,'WO-20260104-0013 - 环境应力测试',NULL,'completed','2026-02-01 23:42:17','2026-02-01 23:42:17'),(83,391,'2026-01-12 19:37:51','2026-01-12 22:49:55',13,100,30,'WO-20260104-0013 - 中间读数',NULL,'completed','2026-02-01 23:42:17','2026-02-01 23:42:17'),(84,302,'2026-01-13 00:04:55','2026-01-16 01:12:20',13,101,28,'WO-20260104-0013 - 应力循环',NULL,'completed','2026-02-01 23:42:17','2026-02-01 23:42:17'),(85,392,'2026-01-16 02:49:20','2026-01-16 06:07:16',13,102,30,'WO-20260104-0013 - 最终电气测试',NULL,'completed','2026-02-01 23:42:17','2026-02-01 23:42:17'),(86,399,'2026-01-06 12:54:15','2026-01-06 17:15:19',14,106,32,'WO-20260105-0014 - 初始电气测试',NULL,'completed','2026-02-01 23:42:17','2026-02-01 23:42:17'),(87,331,'2026-01-06 18:52:19','2026-01-14 04:31:38',14,107,30,'WO-20260105-0014 - 环境应力测试',NULL,'completed','2026-02-01 23:42:17','2026-02-01 23:42:17'),(88,393,'2026-01-14 05:46:38','2026-01-14 10:12:08',14,108,32,'WO-20260105-0014 - 中间读数',NULL,'completed','2026-02-01 23:42:17','2026-02-01 23:42:17'),(89,308,'2026-01-14 12:44:08','2026-01-16 23:27:24',14,109,32,'WO-20260105-0014 - 应力循环',NULL,'completed','2026-02-01 23:42:17','2026-02-01 23:42:17'),(90,399,'2026-01-17 01:40:24','2026-01-17 05:57:26',14,110,30,'WO-20260105-0014 - 最终电气测试',NULL,'completed','2026-02-01 23:42:17','2026-02-01 23:42:17'),(91,93,'2026-01-06 18:40:00','2026-01-06 19:46:55',15,113,4,'WO-20260105-0015 - 样品接收登记',NULL,'completed','2026-02-01 23:42:17','2026-02-01 23:42:17'),(92,45,'2026-01-06 22:11:55','2026-01-06 23:19:28',15,114,6,'WO-20260105-0015 - 外观检查',NULL,'completed','2026-02-01 23:42:17','2026-02-01 23:42:17'),(93,2,'2026-01-07 02:02:28','2026-01-07 04:23:28',15,115,7,'WO-20260105-0015 - X射线检测',NULL,'completed','2026-02-01 23:42:17','2026-02-01 23:42:17'),(94,72,'2026-01-07 06:01:28','2026-01-07 10:23:10',15,116,4,'WO-20260105-0015 - 开封处理',NULL,'completed','2026-02-01 23:42:17','2026-02-01 23:42:17'),(95,23,'2026-01-07 11:42:10','2026-01-07 14:18:58',15,117,7,'WO-20260105-0015 - SEM分析',NULL,'completed','2026-02-01 23:42:17','2026-02-01 23:42:17'),(96,85,'2026-01-07 16:47:58','2026-01-07 23:18:31',15,118,5,'WO-20260105-0015 - 横截面制备',NULL,'completed','2026-02-01 23:42:17','2026-02-01 23:42:17'),(97,17,'2026-01-08 02:05:31','2026-01-08 05:58:37',15,119,5,'WO-20260105-0015 - 失效定位',NULL,'completed','2026-02-01 23:42:17','2026-02-01 23:42:17'),(98,91,'2026-01-06 07:22:00','2026-01-06 08:29:36',16,121,8,'WO-20260105-0016 - 样品接收登记',NULL,'completed','2026-02-01 23:42:17','2026-02-01 23:42:17'),(99,39,'2026-01-06 10:56:36','2026-01-06 12:00:10',16,122,6,'WO-20260105-0016 - 外观检查',NULL,'completed','2026-02-01 23:42:17','2026-02-01 23:42:17'),(100,14,'2026-01-06 13:39:10','2026-01-06 15:16:25',16,123,4,'WO-20260105-0016 - X射线检测',NULL,'completed','2026-02-01 23:42:17','2026-02-01 23:42:17'),(101,86,'2026-01-06 17:34:25','2026-01-06 22:01:15',16,124,5,'WO-20260105-0016 - 开封处理',NULL,'completed','2026-02-01 23:42:17','2026-02-01 23:42:17'),(102,8,'2026-01-06 23:44:15','2026-01-07 02:24:51',16,125,5,'WO-20260105-0016 - SEM分析',NULL,'completed','2026-02-01 23:42:17','2026-02-01 23:42:17'),(103,71,'2026-01-07 03:31:51','2026-01-07 09:10:29',16,126,7,'WO-20260105-0016 - 横截面制备',NULL,'completed','2026-02-01 23:42:17','2026-02-01 23:42:17'),(104,27,'2026-01-07 10:23:29','2026-01-07 14:17:56',16,127,4,'WO-20260105-0016 - 失效定位',NULL,'completed','2026-02-01 23:42:17','2026-02-01 23:42:17'),(105,399,'2026-01-06 04:45:35','2026-01-06 09:03:14',17,130,28,'WO-20260105-0017 - 初始电气测试',NULL,'completed','2026-02-01 23:42:17','2026-02-01 23:42:17'),(106,346,'2026-01-06 10:57:14','2026-01-12 21:54:26',17,131,29,'WO-20260105-0017 - 环境应力测试',NULL,'completed','2026-02-01 23:42:17','2026-02-01 23:42:17'),(107,395,'2026-01-13 00:05:26','2026-01-13 03:27:52',17,132,29,'WO-20260105-0017 - 中间读数',NULL,'completed','2026-02-01 23:42:17','2026-02-01 23:42:17'),(108,312,'2026-01-13 04:14:52','2026-01-16 08:19:16',17,133,28,'WO-20260105-0017 - 应力循环',NULL,'completed','2026-02-01 23:42:17','2026-02-01 23:42:17'),(109,398,'2026-01-16 10:28:16','2026-01-16 13:53:11',17,134,28,'WO-20260105-0017 - 最终电气测试',NULL,'completed','2026-02-01 23:42:17','2026-02-01 23:42:17'),(110,300,'2026-01-06 22:58:00','2026-01-06 23:58:49',18,137,23,'WO-20260106-0018 - 样品接收登记',NULL,'completed','2026-02-01 23:42:17','2026-02-01 23:42:17'),(111,237,'2026-01-07 00:49:49','2026-01-07 01:40:45',18,138,24,'WO-20260106-0018 - 外观检查',NULL,'completed','2026-02-01 23:42:17','2026-02-01 23:42:17'),(112,209,'2026-01-07 03:34:45','2026-01-07 05:50:30',18,139,20,'WO-20260106-0018 - X射线检测',NULL,'completed','2026-02-01 23:42:17','2026-02-01 23:42:17'),(113,289,'2026-01-07 07:39:30','2026-01-07 11:17:08',18,140,20,'WO-20260106-0018 - 开封处理',NULL,'completed','2026-02-01 23:42:17','2026-02-01 23:42:17'),(114,204,'2026-01-07 13:00:08','2026-01-07 16:08:03',18,141,23,'WO-20260106-0018 - SEM分析',NULL,'completed','2026-02-01 23:42:17','2026-02-01 23:42:17'),(115,282,'2026-01-07 17:32:03','2026-01-07 23:59:09',18,142,23,'WO-20260106-0018 - 横截面制备',NULL,'completed','2026-02-01 23:42:17','2026-02-01 23:42:17'),(116,221,'2026-01-08 01:37:09','2026-01-08 06:15:35',18,143,23,'WO-20260106-0018 - 失效定位',NULL,'completed','2026-02-01 23:42:17','2026-02-01 23:42:17'),(117,392,'2026-01-07 02:09:01','2026-01-07 06:12:24',19,146,29,'WO-20260106-0019 - 初始电气测试',NULL,'completed','2026-02-01 23:42:17','2026-02-01 23:42:17'),(118,330,'2026-01-07 07:30:24','2026-01-13 19:14:06',19,147,29,'WO-20260106-0019 - 环境应力测试',NULL,'completed','2026-02-01 23:42:17','2026-02-01 23:42:17'),(119,396,'2026-01-13 21:12:06','2026-01-14 01:52:50',19,148,28,'WO-20260106-0019 - 中间读数',NULL,'completed','2026-02-01 23:42:17','2026-02-01 23:42:17'),(120,318,'2026-01-14 03:07:50','2026-01-17 06:01:18',19,149,29,'WO-20260106-0019 - 应力循环',NULL,'completed','2026-02-01 23:42:17','2026-02-01 23:42:17'),(121,396,'2026-01-17 07:32:18','2026-01-17 12:10:34',19,150,31,'WO-20260106-0019 - 最终电气测试',NULL,'completed','2026-02-01 23:42:17','2026-02-01 23:42:17'),(122,291,'2026-01-08 10:43:00','2026-01-08 11:32:15',21,161,21,'WO-20260107-0021 - 样品接收登记',NULL,'completed','2026-02-01 23:42:17','2026-02-01 23:42:17'),(123,234,'2026-01-08 13:39:15','2026-01-08 14:35:51',21,162,21,'WO-20260107-0021 - 外观检查',NULL,'completed','2026-02-01 23:42:17','2026-02-01 23:42:17'),(124,226,'2026-01-08 15:34:51','2026-01-08 17:18:17',21,163,21,'WO-20260107-0021 - X射线检测',NULL,'completed','2026-02-01 23:42:17','2026-02-01 23:42:17'),(125,275,'2026-01-08 19:40:17','2026-01-08 23:34:24',21,164,23,'WO-20260107-0021 - 开封处理',NULL,'completed','2026-02-01 23:42:17','2026-02-01 23:42:17'),(126,205,'2026-01-09 01:00:24','2026-01-09 04:26:49',21,165,22,'WO-20260107-0021 - SEM分析',NULL,'completed','2026-02-01 23:42:17','2026-02-01 23:42:17'),(127,288,'2026-01-09 06:10:49','2026-01-09 12:55:48',21,166,23,'WO-20260107-0021 - 横截面制备',NULL,'completed','2026-02-01 23:42:17','2026-02-01 23:42:17'),(128,215,'2026-01-09 15:19:48','2026-01-09 18:37:14',21,167,24,'WO-20260107-0021 - 失效定位',NULL,'completed','2026-02-01 23:42:17','2026-02-01 23:42:17'),(129,397,'2026-01-08 20:50:35','2026-01-09 00:06:15',22,170,32,'WO-20260107-0022 - 初始电气测试',NULL,'completed','2026-02-01 23:42:17','2026-02-01 23:42:17'),(130,333,'2026-01-09 02:04:15','2026-01-14 19:33:04',22,171,29,'WO-20260107-0022 - 环境应力测试',NULL,'completed','2026-02-01 23:42:17','2026-02-01 23:42:17'),(131,399,'2026-01-14 21:52:04','2026-01-15 02:25:20',22,172,31,'WO-20260107-0022 - 中间读数',NULL,'completed','2026-02-01 23:42:17','2026-02-01 23:42:17'),(132,309,'2026-01-15 03:27:20','2026-01-17 16:05:30',22,173,29,'WO-20260107-0022 - 应力循环',NULL,'completed','2026-02-01 23:42:17','2026-02-01 23:42:17'),(133,392,'2026-01-17 17:49:30','2026-01-17 21:03:08',22,174,32,'WO-20260107-0022 - 最终电气测试',NULL,'completed','2026-02-01 23:42:17','2026-02-01 23:42:17'),(134,95,'2026-01-09 10:19:00','2026-01-09 11:19:41',24,185,4,'WO-20260108-0024 - 样品接收登记',NULL,'completed','2026-02-01 23:42:17','2026-02-01 23:42:17'),(135,39,'2026-01-09 13:31:41','2026-01-09 14:30:16',24,186,5,'WO-20260108-0024 - 外观检查',NULL,'completed','2026-02-01 23:42:17','2026-02-01 23:42:17'),(136,3,'2026-01-09 15:39:16','2026-01-09 17:23:04',24,187,8,'WO-20260108-0024 - X射线检测',NULL,'completed','2026-02-01 23:42:17','2026-02-01 23:42:17'),(137,76,'2026-01-09 19:46:04','2026-01-10 00:30:04',24,188,6,'WO-20260108-0024 - 开封处理',NULL,'completed','2026-02-01 23:42:17','2026-02-01 23:42:17'),(138,25,'2026-01-10 02:44:04','2026-01-10 05:36:03',24,189,8,'WO-20260108-0024 - SEM分析',NULL,'completed','2026-02-01 23:42:17','2026-02-01 23:42:17'),(139,72,'2026-01-10 07:59:03','2026-01-10 13:30:22',24,190,8,'WO-20260108-0024 - 横截面制备',NULL,'completed','2026-02-01 23:42:17','2026-02-01 23:42:17'),(140,1,'2026-01-10 15:01:22','2026-01-10 19:28:41',24,191,7,'WO-20260108-0024 - 失效定位',NULL,'completed','2026-02-01 23:42:17','2026-02-01 23:42:17'),(141,95,'2026-01-09 04:21:00','2026-01-09 05:09:20',25,193,7,'WO-20260108-0025 - 样品接收登记',NULL,'completed','2026-02-01 23:42:17','2026-02-01 23:42:17'),(142,37,'2026-01-09 06:47:20','2026-01-09 07:38:22',25,194,7,'WO-20260108-0025 - 外观检查',NULL,'completed','2026-02-01 23:42:17','2026-02-01 23:42:17'),(143,26,'2026-01-09 08:52:22','2026-01-09 10:47:10',25,195,6,'WO-20260108-0025 - X射线检测',NULL,'completed','2026-02-01 23:42:17','2026-02-01 23:42:17'),(144,78,'2026-01-09 13:29:10','2026-01-09 17:33:30',25,196,4,'WO-20260108-0025 - 开封处理',NULL,'completed','2026-02-01 23:42:17','2026-02-01 23:42:17'),(145,26,'2026-01-09 18:46:30','2026-01-09 21:35:23',25,197,6,'WO-20260108-0025 - SEM分析',NULL,'completed','2026-02-01 23:42:17','2026-02-01 23:42:17'),(146,18,'2026-01-10 07:37:30','2026-01-10 11:52:50',25,199,4,'WO-20260108-0025 - 失效定位',NULL,'completed','2026-02-01 23:42:17','2026-02-01 23:42:17'),(147,191,'2026-01-09 08:49:25','2026-01-09 13:05:50',26,202,12,'WO-20260108-0026 - 初始电气测试',NULL,'completed','2026-02-01 23:42:17','2026-02-01 23:42:17'),(148,141,'2026-01-09 15:07:50','2026-01-16 18:15:09',26,203,14,'WO-20260108-0026 - 环境应力测试',NULL,'completed','2026-02-01 23:42:17','2026-02-01 23:42:17'),(149,197,'2026-01-16 20:26:09','2026-01-16 23:50:59',26,204,13,'WO-20260108-0026 - 中间读数',NULL,'completed','2026-02-01 23:42:17','2026-02-01 23:42:17'),(150,102,'2026-01-17 01:18:59','2026-01-19 21:39:24',26,205,14,'WO-20260108-0026 - 应力循环',NULL,'completed','2026-02-01 23:42:17','2026-02-01 23:42:17'),(151,200,'2026-01-20 00:32:24','2026-01-20 05:14:58',26,206,16,'WO-20260108-0026 - 最终电气测试',NULL,'completed','2026-02-01 23:42:17','2026-02-01 23:42:17'),(152,196,'2026-01-10 03:34:53','2026-01-10 06:48:41',27,210,12,'WO-20260109-0027 - 初始电气测试',NULL,'completed','2026-02-01 23:42:17','2026-02-01 23:42:17'),(153,122,'2026-01-10 07:56:41','2026-01-18 13:44:02',27,211,15,'WO-20260109-0027 - 环境应力测试',NULL,'completed','2026-02-01 23:42:17','2026-02-01 23:42:17'),(154,199,'2026-01-18 15:20:02','2026-01-18 18:46:45',27,212,12,'WO-20260109-0027 - 中间读数',NULL,'completed','2026-02-01 23:42:17','2026-02-01 23:42:17'),(155,119,'2026-01-18 20:10:45','2026-01-21 11:41:19',27,213,15,'WO-20260109-0027 - 应力循环',NULL,'completed','2026-02-01 23:42:17','2026-02-01 23:42:17'),(156,197,'2026-01-21 13:48:19','2026-01-21 18:26:02',27,214,15,'WO-20260109-0027 - 最终电气测试',NULL,'completed','2026-02-01 23:42:17','2026-02-01 23:42:17'),(157,98,'2026-01-10 09:17:00','2026-01-10 10:21:01',28,217,5,'WO-20260109-0028 - 样品接收登记',NULL,'completed','2026-02-01 23:42:17','2026-02-01 23:42:17'),(158,37,'2026-01-10 13:20:01','2026-01-10 14:29:52',28,218,4,'WO-20260109-0028 - 外观检查',NULL,'completed','2026-02-01 23:42:17','2026-02-01 23:42:17'),(159,9,'2026-01-10 15:52:52','2026-01-10 17:32:24',28,219,4,'WO-20260109-0028 - X射线检测',NULL,'completed','2026-02-01 23:42:17','2026-02-01 23:42:17'),(160,73,'2026-01-10 19:19:24','2026-01-10 23:29:27',28,220,4,'WO-20260109-0028 - 开封处理',NULL,'completed','2026-02-01 23:42:17','2026-02-01 23:42:17'),(161,19,'2026-01-11 02:13:27','2026-01-11 05:47:27',28,221,8,'WO-20260109-0028 - SEM分析',NULL,'completed','2026-02-01 23:42:17','2026-02-01 23:42:17'),(162,87,'2026-01-11 07:23:27','2026-01-11 12:25:21',28,222,4,'WO-20260109-0028 - 横截面制备',NULL,'completed','2026-02-01 23:42:17','2026-02-01 23:42:17'),(163,16,'2026-01-11 14:00:21','2026-01-11 18:32:33',28,223,4,'WO-20260109-0028 - 失效定位',NULL,'completed','2026-02-01 23:42:17','2026-02-01 23:42:17'),(164,297,'2026-01-10 16:28:00','2026-01-10 17:28:02',29,225,24,'WO-20260109-0029 - 样品接收登记',NULL,'completed','2026-02-01 23:42:17','2026-02-01 23:42:17'),(165,246,'2026-01-10 18:26:02','2026-01-10 19:24:01',29,226,21,'WO-20260109-0029 - 外观检查',NULL,'completed','2026-02-01 23:42:17','2026-02-01 23:42:17'),(166,225,'2026-01-10 20:47:01','2026-01-10 22:28:27',29,227,20,'WO-20260109-0029 - X射线检测',NULL,'completed','2026-02-01 23:42:17','2026-02-01 23:42:17'),(167,273,'2026-01-11 01:01:27','2026-01-11 05:13:40',29,228,20,'WO-20260109-0029 - 开封处理',NULL,'completed','2026-02-01 23:42:17','2026-02-01 23:42:17'),(168,221,'2026-01-11 06:46:40','2026-01-11 10:19:06',29,229,21,'WO-20260109-0029 - SEM分析',NULL,'completed','2026-02-01 23:42:17','2026-02-01 23:42:17'),(169,289,'2026-01-11 11:43:06','2026-01-11 17:54:01',29,230,21,'WO-20260109-0029 - 横截面制备',NULL,'completed','2026-02-01 23:42:17','2026-02-01 23:42:17'),(170,223,'2026-01-11 19:40:01','2026-01-11 23:18:55',29,231,20,'WO-20260109-0029 - 失效定位',NULL,'completed','2026-02-01 23:42:17','2026-02-01 23:42:17'),(171,192,'2026-01-11 08:55:42','2026-01-11 13:18:41',31,242,15,'WO-20260110-0031 - 初始电气测试',NULL,'completed','2026-02-01 23:42:17','2026-02-01 23:42:17'),(172,145,'2026-01-11 15:54:41','2026-01-19 22:52:24',31,243,13,'WO-20260110-0031 - 环境应力测试',NULL,'completed','2026-02-01 23:42:17','2026-02-01 23:42:17'),(173,195,'2026-01-20 01:45:24','2026-01-20 05:47:37',31,244,13,'WO-20260110-0031 - 中间读数',NULL,'completed','2026-02-01 23:42:17','2026-02-01 23:42:17'),(174,106,'2026-01-20 06:36:37','2026-01-23 13:55:39',31,245,12,'WO-20260110-0031 - 应力循环',NULL,'completed','2026-02-01 23:42:17','2026-02-01 23:42:17'),(175,195,'2026-01-23 16:07:39','2026-01-23 19:27:45',31,246,13,'WO-20260110-0031 - 最终电气测试',NULL,'completed','2026-02-01 23:42:17','2026-02-01 23:42:17'),(176,99,'2026-01-11 09:27:00','2026-01-11 10:27:48',32,249,7,'WO-20260110-0032 - 样品接收登记',NULL,'completed','2026-02-01 23:42:17','2026-02-01 23:42:17'),(177,35,'2026-01-11 12:40:48','2026-01-11 13:38:35',32,250,7,'WO-20260110-0032 - 外观检查',NULL,'completed','2026-02-01 23:42:17','2026-02-01 23:42:17'),(178,3,'2026-01-11 15:04:35','2026-01-11 17:28:28',32,251,4,'WO-20260110-0032 - X射线检测',NULL,'completed','2026-02-01 23:42:17','2026-02-01 23:42:17'),(179,73,'2026-01-11 18:36:28','2026-01-11 23:03:32',32,252,8,'WO-20260110-0032 - 开封处理',NULL,'completed','2026-02-01 23:42:17','2026-02-01 23:42:17'),(180,29,'2026-01-12 00:56:32','2026-01-12 03:54:55',32,253,5,'WO-20260110-0032 - SEM分析',NULL,'completed','2026-02-01 23:42:17','2026-02-01 23:42:17'),(181,76,'2026-01-12 06:23:55','2026-01-12 11:16:28',32,254,7,'WO-20260110-0032 - 横截面制备',NULL,'completed','2026-02-01 23:42:17','2026-02-01 23:42:17'),(182,6,'2026-01-12 12:48:28','2026-01-12 17:36:12',32,255,4,'WO-20260110-0032 - 失效定位',NULL,'completed','2026-02-01 23:42:17','2026-02-01 23:42:17'),(183,391,'2026-01-11 18:02:57','2026-01-11 22:04:12',33,258,31,'WO-20260110-0033 - 初始电气测试',NULL,'completed','2026-02-01 23:42:17','2026-02-01 23:42:17'),(184,336,'2026-01-11 23:34:12','2026-01-19 11:05:52',33,259,32,'WO-20260110-0033 - 环境应力测试',NULL,'completed','2026-02-01 23:42:17','2026-02-01 23:42:17'),(185,391,'2026-01-19 12:35:52','2026-01-19 16:55:42',33,260,31,'WO-20260110-0033 - 中间读数',NULL,'completed','2026-02-01 23:42:17','2026-02-01 23:42:17'),(186,294,'2026-01-11 17:30:00','2026-01-11 18:34:45',34,265,23,'WO-20260111-0034 - 样品接收登记',NULL,'completed','2026-02-01 23:42:17','2026-02-01 23:42:17'),(187,231,'2026-01-11 20:04:45','2026-01-11 21:07:27',34,266,24,'WO-20260111-0034 - 外观检查',NULL,'completed','2026-02-01 23:42:17','2026-02-01 23:42:17'),(188,227,'2026-01-11 22:37:27','2026-01-12 00:44:43',34,267,22,'WO-20260111-0034 - X射线检测',NULL,'completed','2026-02-01 23:42:17','2026-02-01 23:42:17'),(189,272,'2026-01-12 02:14:43','2026-01-12 06:24:20',34,268,24,'WO-20260111-0034 - 开封处理',NULL,'completed','2026-02-01 23:42:17','2026-02-01 23:42:17'),(190,205,'2026-01-12 07:39:20','2026-01-12 10:39:20',34,269,24,'WO-20260111-0034 - SEM分析',NULL,'in_progress','2026-02-01 23:42:17','2026-02-01 23:42:17'),(191,275,'2026-01-12 07:39:20','2026-01-12 13:39:20',34,270,21,'WO-20260111-0034 - 横截面制备',NULL,'in_progress','2026-02-01 23:42:17','2026-02-01 23:42:17'),(192,97,'2026-01-11 21:53:00','2026-01-11 22:48:27',35,273,5,'WO-20260111-0035 - 样品接收登记',NULL,'completed','2026-02-01 23:42:17','2026-02-01 23:42:17'),(193,37,'2026-01-12 01:23:27','2026-01-12 02:12:00',35,274,6,'WO-20260111-0035 - 外观检查',NULL,'completed','2026-02-01 23:42:17','2026-02-01 23:42:17'),(194,16,'2026-01-12 04:44:00','2026-01-12 06:36:01',35,275,8,'WO-20260111-0035 - X射线检测',NULL,'completed','2026-02-01 23:42:17','2026-02-01 23:42:17'),(195,87,'2026-01-12 08:46:01','2026-01-12 12:13:08',35,276,8,'WO-20260111-0035 - 开封处理',NULL,'completed','2026-02-01 23:42:17','2026-02-01 23:42:17'),(196,17,'2026-01-12 13:53:08','2026-01-12 16:18:18',35,277,6,'WO-20260111-0035 - SEM分析',NULL,'completed','2026-02-01 23:42:17','2026-02-01 23:42:17'),(197,89,'2026-01-12 18:30:18','2026-01-13 00:56:14',35,278,8,'WO-20260111-0035 - 横截面制备',NULL,'completed','2026-02-01 23:42:17','2026-02-01 23:42:17'),(198,6,'2026-01-13 02:24:14','2026-01-13 06:19:47',35,279,4,'WO-20260111-0035 - 失效定位',NULL,'completed','2026-02-01 23:42:17','2026-02-01 23:42:17'),(199,294,'2026-01-12 00:56:00','2026-01-12 01:55:59',36,281,23,'WO-20260111-0036 - 样品接收登记',NULL,'completed','2026-02-01 23:42:17','2026-02-01 23:42:17'),(200,239,'2026-01-12 04:03:59','2026-01-12 05:02:10',36,282,24,'WO-20260111-0036 - 外观检查',NULL,'completed','2026-02-01 23:42:17','2026-02-01 23:42:17'),(201,204,'2026-01-12 07:03:10','2026-01-12 09:19:11',36,283,22,'WO-20260111-0036 - X射线检测',NULL,'completed','2026-02-01 23:42:17','2026-02-01 23:42:17'),(202,221,'2026-01-12 16:06:18','2026-01-12 19:40:55',36,285,23,'WO-20260111-0036 - SEM分析',NULL,'completed','2026-02-01 23:42:17','2026-02-01 23:42:17'),(203,290,'2026-01-12 21:18:55','2026-01-13 03:45:53',36,286,22,'WO-20260111-0036 - 横截面制备',NULL,'completed','2026-02-01 23:42:17','2026-02-01 23:42:17'),(204,205,'2026-01-13 04:54:53','2026-01-13 08:43:49',36,287,21,'WO-20260111-0036 - 失效定位',NULL,'completed','2026-02-01 23:42:17','2026-02-01 23:42:17'),(205,98,'2026-01-13 10:56:00','2026-01-13 11:54:10',37,289,4,'WO-20260112-0037 - 样品接收登记',NULL,'completed','2026-02-01 23:42:17','2026-02-01 23:42:17'),(206,35,'2026-01-13 13:47:10','2026-01-13 14:57:33',37,290,7,'WO-20260112-0037 - 外观检查',NULL,'completed','2026-02-01 23:42:17','2026-02-01 23:42:17'),(207,10,'2026-01-13 16:33:33','2026-01-13 18:14:19',37,291,6,'WO-20260112-0037 - X射线检测',NULL,'completed','2026-02-01 23:42:17','2026-02-01 23:42:17'),(208,79,'2026-01-13 20:29:19','2026-01-14 00:50:23',37,292,4,'WO-20260112-0037 - 开封处理',NULL,'completed','2026-02-01 23:42:17','2026-02-01 23:42:17'),(209,1,'2026-01-14 02:49:23','2026-01-14 05:21:49',37,293,5,'WO-20260112-0037 - SEM分析',NULL,'completed','2026-02-01 23:42:17','2026-02-01 23:42:17'),(210,76,'2026-01-14 06:38:49','2026-01-14 11:30:13',37,294,7,'WO-20260112-0037 - 横截面制备',NULL,'completed','2026-02-01 23:42:17','2026-02-01 23:42:17'),(211,26,'2026-01-14 13:40:13','2026-01-14 17:14:10',37,295,4,'WO-20260112-0037 - 失效定位',NULL,'completed','2026-02-01 23:42:17','2026-02-01 23:42:17'),(212,393,'2026-01-13 03:53:44','2026-01-13 07:49:32',38,298,30,'WO-20260112-0038 - 初始电气测试',NULL,'completed','2026-02-01 23:42:17','2026-02-01 23:42:17'),(213,397,'2026-01-20 16:41:42','2026-01-20 20:41:42',38,300,28,'WO-20260112-0038 - 中间读数',NULL,'in_progress','2026-02-01 23:42:17','2026-02-01 23:42:17'),(214,310,'2026-01-20 16:41:42','2026-01-23 16:41:42',38,301,30,'WO-20260112-0038 - 应力循环',NULL,'in_progress','2026-02-01 23:42:17','2026-02-01 23:42:17'),(215,91,'2026-01-13 01:59:00','2026-01-13 03:05:43',39,305,4,'WO-20260112-0039 - 样品接收登记',NULL,'completed','2026-02-01 23:42:17','2026-02-01 23:42:17'),(216,47,'2026-01-13 04:50:43','2026-01-13 05:38:57',39,306,5,'WO-20260112-0039 - 外观检查',NULL,'completed','2026-02-01 23:42:17','2026-02-01 23:42:17'),(217,4,'2026-01-13 07:16:57','2026-01-13 09:08:24',39,307,5,'WO-20260112-0039 - X射线检测',NULL,'completed','2026-02-01 23:42:17','2026-02-01 23:42:17'),(218,72,'2026-01-13 11:28:24','2026-01-13 15:06:59',39,308,5,'WO-20260112-0039 - 开封处理',NULL,'completed','2026-02-01 23:42:17','2026-02-01 23:42:17'),(219,14,'2026-01-13 17:48:59','2026-01-13 20:21:49',39,309,8,'WO-20260112-0039 - SEM分析',NULL,'completed','2026-02-01 23:42:17','2026-02-01 23:42:17'),(220,85,'2026-01-13 21:55:49','2026-01-14 03:19:14',39,310,8,'WO-20260112-0039 - 横截面制备',NULL,'completed','2026-02-01 23:42:17','2026-02-01 23:42:17'),(221,14,'2026-01-14 05:18:14','2026-01-14 08:33:15',39,311,6,'WO-20260112-0039 - 失效定位',NULL,'completed','2026-02-01 23:42:17','2026-02-01 23:42:17'),(222,195,'2026-01-14 13:55:54','2026-01-14 18:02:14',40,314,14,'WO-20260113-0040 - 初始电气测试',NULL,'completed','2026-02-01 23:42:17','2026-02-01 23:42:17'),(223,149,'2026-01-14 19:32:14','2026-01-22 00:46:10',40,315,15,'WO-20260113-0040 - 环境应力测试',NULL,'completed','2026-02-01 23:42:17','2026-02-01 23:42:17'),(224,191,'2026-01-22 02:01:10','2026-01-22 06:01:10',40,316,12,'WO-20260113-0040 - 中间读数',NULL,'in_progress','2026-02-01 23:42:17','2026-02-01 23:42:17'),(225,117,'2026-01-22 02:01:10','2026-01-25 02:01:10',40,317,15,'WO-20260113-0040 - 应力循环',NULL,'in_progress','2026-02-01 23:42:17','2026-02-01 23:42:17'),(226,98,'2026-01-14 12:30:00','2026-01-14 13:30:11',41,321,6,'WO-20260113-0041 - 样品接收登记',NULL,'completed','2026-02-01 23:42:17','2026-02-01 23:42:17'),(227,32,'2026-01-14 15:00:11','2026-01-14 16:04:54',41,322,6,'WO-20260113-0041 - 外观检查',NULL,'completed','2026-02-01 23:42:17','2026-02-01 23:42:17'),(228,28,'2026-01-14 17:34:54','2026-01-14 19:24:23',41,323,5,'WO-20260113-0041 - X射线检测',NULL,'completed','2026-02-01 23:42:17','2026-02-01 23:42:17'),(229,88,'2026-01-14 20:54:23','2026-01-15 00:45:07',41,324,5,'WO-20260113-0041 - 开封处理',NULL,'completed','2026-02-01 23:42:17','2026-02-01 23:42:17'),(230,14,'2026-01-15 02:15:07','2026-01-15 05:26:11',41,325,4,'WO-20260113-0041 - SEM分析',NULL,'completed','2026-02-01 23:42:17','2026-02-01 23:42:17'),(231,99,'2026-01-13 21:27:00','2026-01-13 22:23:22',42,329,7,'WO-20260113-0042 - 样品接收登记',NULL,'completed','2026-02-01 23:42:17','2026-02-01 23:42:17'),(232,46,'2026-01-14 00:26:22','2026-01-14 01:37:24',42,330,8,'WO-20260113-0042 - 外观检查',NULL,'completed','2026-02-01 23:42:17','2026-02-01 23:42:17'),(233,8,'2026-01-14 03:07:24','2026-01-14 04:57:53',42,331,7,'WO-20260113-0042 - X射线检测',NULL,'completed','2026-02-01 23:42:17','2026-02-01 23:42:17'),(234,72,'2026-01-14 06:24:53','2026-01-14 09:54:33',42,332,4,'WO-20260113-0042 - 开封处理',NULL,'completed','2026-02-01 23:42:17','2026-02-01 23:42:17'),(235,23,'2026-01-14 12:19:33','2026-01-14 15:30:21',42,333,6,'WO-20260113-0042 - SEM分析',NULL,'completed','2026-02-01 23:42:17','2026-02-01 23:42:17'),(236,89,'2026-01-14 16:18:21','2026-01-14 23:21:35',42,334,4,'WO-20260113-0042 - 横截面制备',NULL,'completed','2026-02-01 23:42:17','2026-02-01 23:42:17'),(237,1,'2026-01-15 01:34:35','2026-01-15 06:16:07',42,335,5,'WO-20260113-0042 - 失效定位',NULL,'completed','2026-02-01 23:42:17','2026-02-01 23:42:17'),(238,393,'2026-01-15 16:51:38','2026-01-15 20:31:40',43,338,28,'WO-20260114-0043 - 初始电气测试',NULL,'completed','2026-02-01 23:42:17','2026-02-01 23:42:17'),(239,330,'2026-01-15 22:01:40','2026-01-23 13:07:15',43,339,29,'WO-20260114-0043 - 环境应力测试',NULL,'completed','2026-02-01 23:42:17','2026-02-01 23:42:17'),(240,393,'2026-01-23 14:37:15','2026-01-23 18:40:54',43,340,32,'WO-20260114-0043 - 中间读数',NULL,'completed','2026-02-01 23:42:17','2026-02-01 23:42:17'),(241,312,'2026-01-23 20:10:54','2026-01-26 20:58:37',43,341,29,'WO-20260114-0043 - 应力循环',NULL,'completed','2026-02-01 23:42:17','2026-02-01 23:42:17'),(242,391,'2026-01-26 22:13:37','2026-01-27 02:13:37',43,342,29,'WO-20260114-0043 - 最终电气测试',NULL,'in_progress','2026-02-01 23:42:17','2026-02-01 23:42:17'),(243,297,'2026-01-15 20:33:00','2026-01-15 21:29:47',44,345,23,'WO-20260114-0044 - 样品接收登记',NULL,'completed','2026-02-01 23:42:17','2026-02-01 23:42:17'),(244,231,'2026-01-15 23:01:47','2026-01-16 00:10:14',44,346,22,'WO-20260114-0044 - 外观检查',NULL,'completed','2026-02-01 23:42:17','2026-02-01 23:42:17'),(245,214,'2026-01-16 02:14:14','2026-01-16 04:15:36',44,347,23,'WO-20260114-0044 - X射线检测',NULL,'completed','2026-02-01 23:42:17','2026-02-01 23:42:17'),(246,273,'2026-01-16 05:21:36','2026-01-16 08:53:06',44,348,23,'WO-20260114-0044 - 开封处理',NULL,'completed','2026-02-01 23:42:17','2026-02-01 23:42:17'),(247,209,'2026-01-16 11:15:06','2026-01-16 13:52:00',44,349,22,'WO-20260114-0044 - SEM分析',NULL,'completed','2026-02-01 23:42:17','2026-02-01 23:42:17'),(248,277,'2026-01-16 15:00:00','2026-01-16 21:00:28',44,350,23,'WO-20260114-0044 - 横截面制备',NULL,'completed','2026-02-01 23:42:17','2026-02-01 23:42:17'),(249,207,'2026-01-16 22:38:28','2026-01-17 02:30:45',44,351,20,'WO-20260114-0044 - 失效定位',NULL,'completed','2026-02-01 23:42:17','2026-02-01 23:42:17'),(250,398,'2026-01-15 08:46:27','2026-01-15 12:45:21',45,354,31,'WO-20260114-0045 - 初始电气测试',NULL,'completed','2026-02-01 23:42:17','2026-02-01 23:42:17'),(251,343,'2026-01-15 14:06:21','2026-01-22 21:25:58',45,355,30,'WO-20260114-0045 - 环境应力测试',NULL,'completed','2026-02-01 23:42:17','2026-02-01 23:42:17'),(252,400,'2026-01-22 23:25:58','2026-01-23 03:40:26',45,356,29,'WO-20260114-0045 - 中间读数',NULL,'completed','2026-02-01 23:42:17','2026-02-01 23:42:17'),(253,317,'2026-01-23 05:41:26','2026-01-25 17:45:59',45,357,29,'WO-20260114-0045 - 应力循环',NULL,'completed','2026-02-01 23:42:17','2026-02-01 23:42:17'),(254,393,'2026-01-25 19:37:59','2026-01-25 22:57:38',45,358,32,'WO-20260114-0045 - 最终电气测试',NULL,'completed','2026-02-01 23:42:17','2026-02-01 23:42:17'),(255,292,'2026-01-15 12:55:00','2026-01-15 13:46:18',46,361,23,'WO-20260114-0046 - 样品接收登记',NULL,'completed','2026-02-01 23:42:17','2026-02-01 23:42:17'),(256,234,'2026-01-15 16:07:18','2026-01-15 17:18:14',46,362,22,'WO-20260114-0046 - 外观检查',NULL,'completed','2026-02-01 23:42:17','2026-02-01 23:42:17'),(257,214,'2026-01-15 19:18:14','2026-01-15 21:01:07',46,363,22,'WO-20260114-0046 - X射线检测',NULL,'completed','2026-02-01 23:42:17','2026-02-01 23:42:17'),(258,281,'2026-01-15 23:47:07','2026-01-16 03:08:11',46,364,22,'WO-20260114-0046 - 开封处理',NULL,'completed','2026-02-01 23:42:17','2026-02-01 23:42:17'),(259,224,'2026-01-16 04:58:11','2026-01-16 08:21:01',46,365,20,'WO-20260114-0046 - SEM分析',NULL,'completed','2026-02-01 23:42:17','2026-02-01 23:42:17'),(260,288,'2026-01-16 11:01:01','2026-01-16 15:49:28',46,366,23,'WO-20260114-0046 - 横截面制备',NULL,'completed','2026-02-01 23:42:17','2026-02-01 23:42:17'),(261,214,'2026-01-16 17:35:28','2026-01-16 21:13:07',46,367,24,'WO-20260114-0046 - 失效定位',NULL,'completed','2026-02-01 23:42:17','2026-02-01 23:42:17'),(262,296,'2026-01-16 14:30:00','2026-01-16 15:34:23',47,369,22,'WO-20260115-0047 - 样品接收登记',NULL,'completed','2026-02-01 23:42:17','2026-02-01 23:42:17'),(263,243,'2026-01-16 17:04:23','2026-01-16 18:08:54',47,370,21,'WO-20260115-0047 - 外观检查',NULL,'completed','2026-02-01 23:42:17','2026-02-01 23:42:17'),(264,215,'2026-01-16 19:23:54','2026-01-16 21:23:54',47,371,20,'WO-20260115-0047 - X射线检测',NULL,'in_progress','2026-02-01 23:42:17','2026-02-01 23:42:17'),(265,230,'2026-01-16 19:23:54','2026-01-16 22:23:54',47,373,23,'WO-20260115-0047 - SEM分析',NULL,'in_progress','2026-02-01 23:42:17','2026-02-01 23:42:17'),(266,285,'2026-01-16 19:23:54','2026-01-17 01:23:54',47,374,23,'WO-20260115-0047 - 横截面制备',NULL,'in_progress','2026-02-01 23:42:17','2026-02-01 23:42:17'),(267,399,'2026-01-16 05:14:21','2026-01-16 08:37:33',49,386,31,'WO-20260115-0049 - 初始电气测试',NULL,'completed','2026-02-01 23:42:17','2026-02-01 23:42:17'),(268,337,'2026-01-16 11:29:33','2026-01-22 08:44:55',49,387,32,'WO-20260115-0049 - 环境应力测试',NULL,'completed','2026-02-01 23:42:17','2026-02-01 23:42:17'),(269,391,'2026-01-22 10:51:55','2026-01-22 14:53:11',49,388,32,'WO-20260115-0049 - 中间读数',NULL,'completed','2026-02-01 23:42:17','2026-02-01 23:42:17'),(270,314,'2026-01-22 17:18:11','2026-01-26 05:15:10',49,389,28,'WO-20260115-0049 - 应力循环',NULL,'completed','2026-02-01 23:42:17','2026-02-01 23:42:17'),(271,391,'2026-01-26 08:04:10','2026-01-26 12:22:32',49,390,29,'WO-20260115-0049 - 最终电气测试',NULL,'completed','2026-02-01 23:42:17','2026-02-01 23:42:17'),(272,96,'2026-01-17 09:30:00','2026-01-17 10:35:29',50,393,6,'WO-20260116-0050 - 样品接收登记',NULL,'completed','2026-02-01 23:42:17','2026-02-01 23:42:17'),(273,42,'2026-01-17 12:05:29','2026-01-17 13:09:28',50,394,5,'WO-20260116-0050 - 外观检查',NULL,'completed','2026-02-01 23:42:17','2026-02-01 23:42:17'),(274,30,'2026-01-17 14:39:28','2026-01-17 16:34:11',50,395,4,'WO-20260116-0050 - X射线检测',NULL,'completed','2026-02-01 23:42:17','2026-02-01 23:42:17'),(275,80,'2026-01-17 18:04:11','2026-01-17 22:25:23',50,396,5,'WO-20260116-0050 - 开封处理',NULL,'completed','2026-02-01 23:42:17','2026-02-01 23:42:17'),(276,97,'2026-01-16 21:31:00','2026-01-16 22:21:40',52,409,7,'WO-20260116-0052 - 样品接收登记',NULL,'completed','2026-02-01 23:42:17','2026-02-01 23:42:17'),(277,31,'2026-01-17 01:09:40','2026-01-17 02:04:00',52,410,4,'WO-20260116-0052 - 外观检查',NULL,'completed','2026-02-01 23:42:17','2026-02-01 23:42:17'),(278,27,'2026-01-17 03:37:00','2026-01-17 05:36:50',52,411,4,'WO-20260116-0052 - X射线检测',NULL,'completed','2026-02-01 23:42:17','2026-02-01 23:42:17'),(279,74,'2026-01-17 07:08:50','2026-01-17 11:30:34',52,412,5,'WO-20260116-0052 - 开封处理',NULL,'completed','2026-02-01 23:42:17','2026-02-01 23:42:17'),(280,1,'2026-01-17 13:37:34','2026-01-17 17:10:03',52,413,7,'WO-20260116-0052 - SEM分析',NULL,'completed','2026-02-01 23:42:17','2026-02-01 23:42:17'),(281,78,'2026-01-17 18:31:03','2026-01-17 23:42:50',52,414,6,'WO-20260116-0052 - 横截面制备',NULL,'completed','2026-02-01 23:42:17','2026-02-01 23:42:17'),(282,29,'2026-01-18 01:22:50','2026-01-18 06:00:13',52,415,5,'WO-20260116-0052 - 失效定位',NULL,'completed','2026-02-01 23:42:17','2026-02-01 23:42:17'),(283,197,'2026-01-18 10:07:35','2026-01-18 14:12:29',53,418,16,'WO-20260117-0053 - 初始电气测试',NULL,'completed','2026-02-01 23:42:17','2026-02-01 23:42:17'),(284,123,'2026-01-18 16:40:29','2026-01-24 16:12:53',53,419,15,'WO-20260117-0053 - 环境应力测试',NULL,'completed','2026-02-01 23:42:17','2026-02-01 23:42:17'),(285,193,'2026-01-24 18:08:53','2026-01-24 22:10:11',53,420,16,'WO-20260117-0053 - 中间读数',NULL,'completed','2026-02-01 23:42:17','2026-02-01 23:42:17'),(286,103,'2026-01-24 23:41:11','2026-01-28 05:43:37',53,421,14,'WO-20260117-0053 - 应力循环',NULL,'completed','2026-02-01 23:42:17','2026-02-01 23:42:17'),(287,193,'2026-01-28 07:50:37','2026-01-28 12:36:52',53,422,12,'WO-20260117-0053 - 最终电气测试',NULL,'completed','2026-02-01 23:42:17','2026-02-01 23:42:17'),(288,294,'2026-01-18 08:30:00','2026-01-18 09:41:47',54,425,24,'WO-20260117-0054 - 样品接收登记',NULL,'completed','2026-02-01 23:42:17','2026-02-01 23:42:17'),(289,245,'2026-01-18 11:10:47','2026-01-18 12:17:53',54,426,21,'WO-20260117-0054 - 外观检查',NULL,'completed','2026-02-01 23:42:17','2026-02-01 23:42:17'),(290,214,'2026-01-18 14:07:53','2026-01-18 16:24:12',54,427,21,'WO-20260117-0054 - X射线检测',NULL,'completed','2026-02-01 23:42:17','2026-02-01 23:42:17'),(291,287,'2026-01-18 17:28:12','2026-01-18 22:05:57',54,428,24,'WO-20260117-0054 - 开封处理',NULL,'completed','2026-02-01 23:42:17','2026-02-01 23:42:17'),(292,203,'2026-01-19 00:01:57','2026-01-19 02:48:09',54,429,22,'WO-20260117-0054 - SEM分析',NULL,'completed','2026-02-01 23:42:17','2026-02-01 23:42:17'),(293,272,'2026-01-19 04:50:09','2026-01-19 10:21:45',54,430,20,'WO-20260117-0054 - 横截面制备',NULL,'completed','2026-02-01 23:42:17','2026-02-01 23:42:17'),(294,226,'2026-01-19 12:30:45','2026-01-19 16:45:36',54,431,22,'WO-20260117-0054 - 失效定位',NULL,'completed','2026-02-01 23:42:17','2026-02-01 23:42:17'),(295,396,'2026-01-18 02:15:39','2026-01-18 06:30:05',55,434,32,'WO-20260117-0055 - 初始电气测试',NULL,'completed','2026-02-01 23:42:17','2026-02-01 23:42:17'),(296,395,'2026-01-26 16:34:53','2026-01-26 20:31:41',55,436,30,'WO-20260117-0055 - 中间读数',NULL,'completed','2026-02-01 23:42:17','2026-02-01 23:42:17'),(297,314,'2026-01-26 21:40:41','2026-01-30 02:39:24',55,437,28,'WO-20260117-0055 - 应力循环',NULL,'completed','2026-02-01 23:42:17','2026-02-01 23:42:17'),(298,395,'2026-01-30 05:07:24','2026-01-30 08:27:41',55,438,30,'WO-20260117-0055 - 最终电气测试',NULL,'completed','2026-02-01 23:42:17','2026-02-01 23:42:17'),(299,196,'2026-01-19 17:10:14','2026-01-19 20:33:21',56,442,13,'WO-20260118-0056 - 初始电气测试',NULL,'completed','2026-02-01 23:42:17','2026-02-01 23:42:17'),(300,194,'2026-01-27 08:03:20','2026-01-27 11:24:15',56,444,14,'WO-20260118-0056 - 中间读数',NULL,'completed','2026-02-01 23:42:17','2026-02-01 23:42:17'),(301,120,'2026-01-27 13:24:15','2026-01-31 03:33:30',56,445,14,'WO-20260118-0056 - 应力循环',NULL,'completed','2026-02-01 23:42:17','2026-02-01 23:42:17'),(302,192,'2026-01-31 05:35:30','2026-01-31 08:55:25',56,446,16,'WO-20260118-0056 - 最终电气测试',NULL,'completed','2026-02-01 23:42:17','2026-02-01 23:42:17'),(303,292,'2026-01-19 00:30:00','2026-01-19 01:32:04',57,449,22,'WO-20260118-0057 - 样品接收登记',NULL,'completed','2026-02-01 23:42:17','2026-02-01 23:42:17'),(304,233,'2026-01-19 03:02:04','2026-01-19 04:04:31',57,450,20,'WO-20260118-0057 - 外观检查',NULL,'completed','2026-02-01 23:42:17','2026-02-01 23:42:17'),(305,202,'2026-01-19 05:34:31','2026-01-19 07:31:40',57,451,21,'WO-20260118-0057 - X射线检测',NULL,'completed','2026-02-01 23:42:17','2026-02-01 23:42:17'),(306,278,'2026-01-19 08:46:40','2026-01-19 12:46:40',57,452,23,'WO-20260118-0057 - 开封处理',NULL,'in_progress','2026-02-01 23:42:17','2026-02-01 23:42:17'),(307,204,'2026-01-19 09:01:40','2026-01-19 12:14:37',57,453,20,'WO-20260118-0057 - SEM分析',NULL,'completed','2026-02-01 23:42:17','2026-02-01 23:42:17'),(308,93,'2026-01-18 22:50:00','2026-01-18 23:51:30',58,457,5,'WO-20260118-0058 - 样品接收登记',NULL,'completed','2026-02-01 23:42:17','2026-02-01 23:42:17'),(309,33,'2026-01-19 01:50:30','2026-01-19 02:43:05',58,458,6,'WO-20260118-0058 - 外观检查',NULL,'completed','2026-02-01 23:42:17','2026-02-01 23:42:17'),(310,11,'2026-01-19 04:29:05','2026-01-19 06:23:47',58,459,8,'WO-20260118-0058 - X射线检测',NULL,'completed','2026-02-01 23:42:17','2026-02-01 23:42:17'),(311,75,'2026-01-19 07:37:47','2026-01-19 10:52:51',58,460,6,'WO-20260118-0058 - 开封处理',NULL,'completed','2026-02-01 23:42:17','2026-02-01 23:42:17'),(312,8,'2026-01-19 12:36:51','2026-01-19 16:11:24',58,461,8,'WO-20260118-0058 - SEM分析',NULL,'completed','2026-02-01 23:42:17','2026-02-01 23:42:17'),(313,72,'2026-01-19 17:34:24','2026-01-19 22:49:02',58,462,4,'WO-20260118-0058 - 横截面制备',NULL,'completed','2026-02-01 23:42:17','2026-02-01 23:42:17'),(314,4,'2026-01-20 00:50:02','2026-01-20 04:24:26',58,463,4,'WO-20260118-0058 - 失效定位',NULL,'completed','2026-02-01 23:42:17','2026-02-01 23:42:17'),(315,292,'2026-01-19 09:30:00','2026-01-19 10:25:14',59,465,21,'WO-20260118-0059 - 样品接收登记',NULL,'completed','2026-02-01 23:42:17','2026-02-01 23:42:17'),(316,236,'2026-01-19 11:55:14','2026-01-19 12:50:24',59,466,23,'WO-20260118-0059 - 外观检查',NULL,'completed','2026-02-01 23:42:17','2026-02-01 23:42:17'),(317,227,'2026-01-19 14:20:24','2026-01-19 16:15:19',59,467,23,'WO-20260118-0059 - X射线检测',NULL,'completed','2026-02-01 23:42:17','2026-02-01 23:42:17'),(318,274,'2026-01-19 17:30:19','2026-01-19 21:30:19',59,468,22,'WO-20260118-0059 - 开封处理',NULL,'in_progress','2026-02-01 23:42:17','2026-02-01 23:42:17'),(319,220,'2026-01-19 17:30:19','2026-01-19 20:30:19',59,469,21,'WO-20260118-0059 - SEM分析',NULL,'in_progress','2026-02-01 23:42:17','2026-02-01 23:42:17'),(320,395,'2026-01-20 18:10:25','2026-01-20 21:59:23',60,474,32,'WO-20260119-0060 - 初始电气测试',NULL,'completed','2026-02-01 23:42:17','2026-02-01 23:42:17'),(321,347,'2026-01-20 23:49:23','2026-01-27 11:11:48',60,475,28,'WO-20260119-0060 - 环境应力测试',NULL,'completed','2026-02-01 23:42:17','2026-02-01 23:42:17'),(322,397,'2026-01-27 13:27:48','2026-01-27 18:05:16',60,476,28,'WO-20260119-0060 - 中间读数',NULL,'completed','2026-02-01 23:42:17','2026-02-01 23:42:17'),(323,317,'2026-01-27 20:31:16','2026-01-30 19:22:58',60,477,32,'WO-20260119-0060 - 应力循环',NULL,'completed','2026-02-01 23:42:17','2026-02-01 23:42:17'),(324,393,'2026-01-30 21:15:58','2026-01-31 00:40:08',60,478,30,'WO-20260119-0060 - 最终电气测试',NULL,'completed','2026-02-01 23:42:17','2026-02-01 23:42:17'),(325,396,'2026-01-20 16:04:03','2026-01-20 20:43:44',61,482,28,'WO-20260119-0061 - 初始电气测试',NULL,'completed','2026-02-01 23:42:17','2026-02-01 23:42:17'),(326,400,'2026-01-28 00:54:06','2026-01-28 04:17:55',61,484,28,'WO-20260119-0061 - 中间读数',NULL,'completed','2026-02-01 23:42:17','2026-02-01 23:42:17'),(327,302,'2026-01-28 06:20:55','2026-01-30 18:25:33',61,485,32,'WO-20260119-0061 - 应力循环',NULL,'completed','2026-02-01 23:42:17','2026-02-01 23:42:17'),(328,395,'2026-01-30 20:23:33','2026-01-31 00:45:40',61,486,30,'WO-20260119-0061 - 最终电气测试',NULL,'completed','2026-02-01 23:42:17','2026-02-01 23:42:17'),(329,392,'2026-01-20 03:01:36','2026-01-20 06:23:14',62,490,30,'WO-20260119-0062 - 初始电气测试',NULL,'completed','2026-02-01 23:42:17','2026-02-01 23:42:17'),(330,332,'2026-01-20 08:12:14','2026-01-28 08:46:30',62,491,30,'WO-20260119-0062 - 环境应力测试',NULL,'completed','2026-02-01 23:42:17','2026-02-01 23:42:17'),(331,396,'2026-01-28 10:53:30','2026-01-28 15:12:58',62,492,32,'WO-20260119-0062 - 中间读数',NULL,'completed','2026-02-01 23:42:17','2026-02-01 23:42:17'),(332,307,'2026-01-28 16:50:58','2026-01-31 10:14:34',62,493,30,'WO-20260119-0062 - 应力循环',NULL,'completed','2026-02-01 23:42:17','2026-02-01 23:42:17'),(333,393,'2026-01-31 10:58:34','2026-01-31 15:05:36',62,494,31,'WO-20260119-0062 - 最终电气测试',NULL,'completed','2026-02-01 23:42:17','2026-02-01 23:42:17'),(334,395,'2026-01-21 00:11:59','2026-01-21 04:00:08',63,498,31,'WO-20260120-0063 - 初始电气测试',NULL,'completed','2026-02-01 23:42:17','2026-02-01 23:42:17'),(335,321,'2026-01-21 05:15:08','2026-01-28 05:15:08',63,499,32,'WO-20260120-0063 - 环境应力测试',NULL,'in_progress','2026-02-01 23:42:17','2026-02-01 23:42:17'),(336,392,'2026-01-21 05:15:08','2026-01-21 09:15:08',63,500,31,'WO-20260120-0063 - 中间读数',NULL,'in_progress','2026-02-01 23:42:17','2026-02-01 23:42:17'),(337,306,'2026-01-21 05:30:08','2026-01-24 00:48:05',63,501,30,'WO-20260120-0063 - 应力循环',NULL,'completed','2026-02-01 23:42:17','2026-02-01 23:42:17'),(338,191,'2026-01-21 20:29:06','2026-01-22 01:05:01',64,506,13,'WO-20260120-0064 - 初始电气测试',NULL,'completed','2026-02-01 23:42:17','2026-02-01 23:42:17'),(339,130,'2026-01-22 02:31:01','2026-01-30 09:59:52',64,507,13,'WO-20260120-0064 - 环境应力测试',NULL,'completed','2026-02-01 23:42:17','2026-02-01 23:42:17'),(340,200,'2026-01-30 12:51:52','2026-01-30 17:36:14',64,508,14,'WO-20260120-0064 - 中间读数',NULL,'completed','2026-02-01 23:42:17','2026-02-01 23:42:17'),(341,103,'2026-01-30 19:06:14','2026-02-02 13:51:14',64,509,16,'WO-20260120-0064 - 应力循环',NULL,'completed','2026-02-01 23:42:17','2026-02-01 23:42:17'),(342,199,'2026-02-02 16:23:14','2026-02-02 19:44:17',64,510,15,'WO-20260120-0064 - 最终电气测试',NULL,'completed','2026-02-01 23:42:17','2026-02-01 23:42:17'),(343,96,'2026-01-21 03:30:00','2026-01-21 04:29:29',65,513,7,'WO-20260120-0065 - 样品接收登记',NULL,'completed','2026-02-01 23:42:17','2026-02-01 23:42:17'),(344,35,'2026-01-21 05:59:29','2026-01-21 06:54:49',65,514,4,'WO-20260120-0065 - 外观检查',NULL,'completed','2026-02-01 23:42:17','2026-02-01 23:42:17'),(345,4,'2026-01-21 08:09:49','2026-01-21 10:09:49',65,515,7,'WO-20260120-0065 - X射线检测',NULL,'in_progress','2026-02-01 23:42:17','2026-02-01 23:42:17'),(346,72,'2026-01-21 08:24:49','2026-01-21 12:36:09',65,516,6,'WO-20260120-0065 - 开封处理',NULL,'completed','2026-02-01 23:42:17','2026-02-01 23:42:17'),(347,1,'2026-01-21 14:06:09','2026-01-21 16:59:16',65,517,7,'WO-20260120-0065 - SEM分析',NULL,'completed','2026-02-01 23:42:17','2026-02-01 23:42:17'),(348,73,'2026-01-21 18:14:16','2026-01-22 00:14:16',65,518,5,'WO-20260120-0065 - 横截面制备',NULL,'in_progress','2026-02-01 23:42:17','2026-02-01 23:42:17'),(349,298,'2026-01-21 23:30:00','2026-01-22 00:28:55',66,521,21,'WO-20260121-0066 - 样品接收登记',NULL,'completed','2026-02-01 23:42:17','2026-02-01 23:42:17'),(350,242,'2026-01-22 01:58:55','2026-01-22 03:04:44',66,522,20,'WO-20260121-0066 - 外观检查',NULL,'completed','2026-02-01 23:42:17','2026-02-01 23:42:17'),(351,217,'2026-01-22 04:34:44','2026-01-22 06:32:29',66,523,21,'WO-20260121-0066 - X射线检测',NULL,'completed','2026-02-01 23:42:17','2026-02-01 23:42:17'),(352,289,'2026-01-22 08:02:29','2026-01-22 11:57:27',66,524,20,'WO-20260121-0066 - 开封处理',NULL,'completed','2026-02-01 23:42:17','2026-02-01 23:42:17'),(353,214,'2026-01-22 13:27:27','2026-01-22 16:43:52',66,525,21,'WO-20260121-0066 - SEM分析',NULL,'completed','2026-02-01 23:42:17','2026-02-01 23:42:17'),(354,296,'2026-01-22 00:43:00','2026-01-22 01:31:04',67,529,22,'WO-20260121-0067 - 样品接收登记',NULL,'completed','2026-02-01 23:42:17','2026-02-01 23:42:17'),(355,232,'2026-01-22 03:39:04','2026-01-22 04:40:15',67,530,23,'WO-20260121-0067 - 外观检查',NULL,'completed','2026-02-01 23:42:17','2026-02-01 23:42:17'),(356,218,'2026-01-22 06:21:15','2026-01-22 08:01:27',67,531,23,'WO-20260121-0067 - X射线检测',NULL,'completed','2026-02-01 23:42:17','2026-02-01 23:42:17'),(357,222,'2026-01-22 15:56:05','2026-01-22 19:19:02',67,533,23,'WO-20260121-0067 - SEM分析',NULL,'completed','2026-02-01 23:42:17','2026-02-01 23:42:17'),(358,275,'2026-01-22 20:15:02','2026-01-23 01:05:40',67,534,23,'WO-20260121-0067 - 横截面制备',NULL,'completed','2026-02-01 23:42:17','2026-02-01 23:42:17'),(359,205,'2026-01-23 02:56:40','2026-01-23 06:13:27',67,535,24,'WO-20260121-0067 - 失效定位',NULL,'completed','2026-02-01 23:42:17','2026-02-01 23:42:17'),(360,95,'2026-01-22 01:30:00','2026-01-22 02:29:49',68,537,8,'WO-20260121-0068 - 样品接收登记',NULL,'completed','2026-02-01 23:42:17','2026-02-01 23:42:17'),(361,46,'2026-01-22 03:59:49','2026-01-22 05:01:58',68,538,5,'WO-20260121-0068 - 外观检查',NULL,'completed','2026-02-01 23:42:17','2026-02-01 23:42:17'),(362,7,'2026-01-22 06:31:58','2026-01-22 08:36:15',68,539,5,'WO-20260121-0068 - X射线检测',NULL,'completed','2026-02-01 23:42:17','2026-02-01 23:42:17'),(363,88,'2026-01-22 09:51:15','2026-01-22 13:51:15',68,540,7,'WO-20260121-0068 - 开封处理',NULL,'in_progress','2026-02-01 23:42:17','2026-02-01 23:42:17'),(364,28,'2026-01-22 10:06:15','2026-01-22 13:09:57',68,541,5,'WO-20260121-0068 - SEM分析',NULL,'completed','2026-02-01 23:42:17','2026-02-01 23:42:17'),(365,86,'2026-01-22 14:24:57','2026-01-22 20:24:57',68,542,7,'WO-20260121-0068 - 横截面制备',NULL,'in_progress','2026-02-01 23:42:17','2026-02-01 23:42:17'),(366,399,'2026-01-23 19:19:54','2026-01-23 22:39:08',69,546,29,'WO-20260122-0069 - 初始电气测试',NULL,'completed','2026-02-01 23:42:17','2026-02-01 23:42:17'),(367,325,'2026-01-24 00:16:08','2026-01-30 16:47:12',69,547,31,'WO-20260122-0069 - 环境应力测试',NULL,'completed','2026-02-01 23:42:17','2026-02-01 23:42:17'),(368,316,'2026-01-31 01:13:38','2026-02-03 00:55:00',69,549,29,'WO-20260122-0069 - 应力循环',NULL,'completed','2026-02-01 23:42:17','2026-02-01 23:42:17'),(369,391,'2026-02-03 02:58:00','2026-02-03 07:30:59',69,550,31,'WO-20260122-0069 - 最终电气测试',NULL,'completed','2026-02-01 23:42:17','2026-02-01 23:42:17'),(370,95,'2026-01-23 18:53:00','2026-01-23 20:03:01',70,553,5,'WO-20260122-0070 - 样品接收登记',NULL,'completed','2026-02-01 23:42:17','2026-02-01 23:42:17'),(371,43,'2026-01-23 22:16:01','2026-01-23 23:10:21',70,554,8,'WO-20260122-0070 - 外观检查',NULL,'completed','2026-02-01 23:42:17','2026-02-01 23:42:17'),(372,9,'2026-01-24 01:10:21','2026-01-24 03:17:10',70,555,6,'WO-20260122-0070 - X射线检测',NULL,'completed','2026-02-01 23:42:17','2026-02-01 23:42:17'),(373,87,'2026-01-24 05:45:10','2026-01-24 10:16:54',70,556,8,'WO-20260122-0070 - 开封处理',NULL,'completed','2026-02-01 23:42:17','2026-02-01 23:42:17'),(374,7,'2026-01-24 12:14:54','2026-01-24 15:15:25',70,557,7,'WO-20260122-0070 - SEM分析',NULL,'completed','2026-02-01 23:42:17','2026-02-01 23:42:17'),(375,83,'2026-01-24 16:54:25','2026-01-24 21:54:45',70,558,8,'WO-20260122-0070 - 横截面制备',NULL,'completed','2026-02-01 23:42:17','2026-02-01 23:42:17'),(376,6,'2026-01-25 00:18:45','2026-01-25 03:58:28',70,559,8,'WO-20260122-0070 - 失效定位',NULL,'completed','2026-02-01 23:42:17','2026-02-01 23:42:17'),(377,294,'2026-01-23 14:35:00','2026-01-23 15:40:56',71,561,24,'WO-20260122-0071 - 样品接收登记',NULL,'completed','2026-02-01 23:42:17','2026-02-01 23:42:17'),(378,236,'2026-01-23 17:37:56','2026-01-23 18:26:37',71,562,23,'WO-20260122-0071 - 外观检查',NULL,'completed','2026-02-01 23:42:17','2026-02-01 23:42:17'),(379,213,'2026-01-23 20:17:37','2026-01-23 22:14:16',71,563,24,'WO-20260122-0071 - X射线检测',NULL,'completed','2026-02-01 23:42:17','2026-02-01 23:42:17'),(380,278,'2026-01-24 00:40:16','2026-01-24 04:54:07',71,564,23,'WO-20260122-0071 - 开封处理',NULL,'completed','2026-02-01 23:42:17','2026-02-01 23:42:17'),(381,227,'2026-01-24 06:23:07','2026-01-24 08:59:05',71,565,23,'WO-20260122-0071 - SEM分析',NULL,'completed','2026-02-01 23:42:17','2026-02-01 23:42:17'),(382,286,'2026-01-24 10:59:05','2026-01-24 16:53:34',71,566,20,'WO-20260122-0071 - 横截面制备',NULL,'completed','2026-02-01 23:42:17','2026-02-01 23:42:17'),(383,225,'2026-01-24 19:11:34','2026-01-24 23:58:42',71,567,23,'WO-20260122-0071 - 失效定位',NULL,'completed','2026-02-01 23:42:17','2026-02-01 23:42:17'),(384,99,'2026-01-24 02:30:00','2026-01-24 03:27:49',73,577,8,'WO-20260123-0073 - 样品接收登记',NULL,'completed','2026-02-01 23:42:17','2026-02-01 23:42:17'),(385,31,'2026-01-24 04:57:49','2026-01-24 05:56:03',73,578,5,'WO-20260123-0073 - 外观检查',NULL,'completed','2026-02-01 23:42:17','2026-02-01 23:42:17'),(386,13,'2026-01-24 07:26:03','2026-01-24 09:32:04',73,579,7,'WO-20260123-0073 - X射线检测',NULL,'completed','2026-02-01 23:42:17','2026-02-01 23:42:17'),(387,80,'2026-01-24 11:02:04','2026-01-24 14:58:38',73,580,7,'WO-20260123-0073 - 开封处理',NULL,'completed','2026-02-01 23:42:17','2026-02-01 23:42:17'),(388,14,'2026-01-24 16:28:38','2026-01-24 19:42:16',73,581,4,'WO-20260123-0073 - SEM分析',NULL,'completed','2026-02-01 23:42:17','2026-02-01 23:42:17'),(389,395,'2026-01-24 01:08:58','2026-01-24 04:49:00',74,586,29,'WO-20260123-0074 - 初始电气测试',NULL,'completed','2026-02-01 23:42:17','2026-02-01 23:42:17'),(390,334,'2026-01-24 06:19:00','2026-01-30 14:34:50',74,587,30,'WO-20260123-0074 - 环境应力测试',NULL,'completed','2026-02-01 23:42:17','2026-02-01 23:42:17'),(391,294,'2026-01-25 14:52:00','2026-01-25 15:56:15',76,601,24,'WO-20260124-0076 - 样品接收登记',NULL,'completed','2026-02-01 23:42:17','2026-02-01 23:42:17'),(392,237,'2026-01-25 17:30:15','2026-01-25 18:34:50',76,602,21,'WO-20260124-0076 - 外观检查',NULL,'completed','2026-02-01 23:42:17','2026-02-01 23:42:17'),(393,206,'2026-01-25 21:32:50','2026-01-25 23:14:21',76,603,24,'WO-20260124-0076 - X射线检测',NULL,'completed','2026-02-01 23:42:17','2026-02-01 23:42:17'),(394,276,'2026-01-26 00:33:21','2026-01-26 04:09:04',76,604,21,'WO-20260124-0076 - 开封处理',NULL,'completed','2026-02-01 23:42:17','2026-02-01 23:42:17'),(395,205,'2026-01-26 06:20:04','2026-01-26 09:25:56',76,605,23,'WO-20260124-0076 - SEM分析',NULL,'completed','2026-02-01 23:42:17','2026-02-01 23:42:17'),(396,271,'2026-01-26 10:35:56','2026-01-26 17:02:32',76,606,21,'WO-20260124-0076 - 横截面制备',NULL,'completed','2026-02-01 23:42:17','2026-02-01 23:42:17'),(397,214,'2026-01-26 19:04:32','2026-01-26 23:37:59',76,607,24,'WO-20260124-0076 - 失效定位',NULL,'completed','2026-02-01 23:42:17','2026-02-01 23:42:17'),(398,395,'2026-01-25 21:58:58','2026-01-26 01:16:00',77,610,32,'WO-20260124-0077 - 初始电气测试',NULL,'completed','2026-02-01 23:42:17','2026-02-01 23:42:17'),(399,348,'2026-01-26 03:48:00','2026-02-01 18:31:29',77,611,31,'WO-20260124-0077 - 环境应力测试',NULL,'completed','2026-02-01 23:42:17','2026-02-01 23:42:17'),(400,398,'2026-02-01 19:57:29','2026-02-02 00:37:49',77,612,31,'WO-20260124-0077 - 中间读数',NULL,'completed','2026-02-01 23:42:17','2026-02-01 23:42:17'),(401,301,'2026-02-02 01:51:49','2026-02-05 09:04:50',77,613,32,'WO-20260124-0077 - 应力循环',NULL,'completed','2026-02-01 23:42:17','2026-02-01 23:42:17'),(402,395,'2026-02-05 11:36:50','2026-02-05 14:56:04',77,614,28,'WO-20260124-0077 - 最终电气测试',NULL,'completed','2026-02-01 23:42:17','2026-02-01 23:42:17'),(403,93,'2026-01-25 05:30:00','2026-01-25 06:30:26',78,617,6,'WO-20260124-0078 - 样品接收登记',NULL,'completed','2026-02-01 23:42:17','2026-02-01 23:42:17'),(404,42,'2026-01-25 08:00:26','2026-01-25 08:55:53',78,618,5,'WO-20260124-0078 - 外观检查',NULL,'completed','2026-02-01 23:42:17','2026-02-01 23:42:17'),(405,27,'2026-01-25 10:25:53','2026-01-25 12:37:20',78,619,7,'WO-20260124-0078 - X射线检测',NULL,'completed','2026-02-01 23:42:17','2026-02-01 23:42:17'),(406,78,'2026-01-25 14:07:20','2026-01-25 18:13:27',78,620,7,'WO-20260124-0078 - 开封处理',NULL,'completed','2026-02-01 23:42:17','2026-02-01 23:42:17'),(407,23,'2026-01-25 19:28:27','2026-01-25 22:28:27',78,621,7,'WO-20260124-0078 - SEM分析',NULL,'in_progress','2026-02-01 23:42:17','2026-02-01 23:42:17'),(408,96,'2026-01-26 21:30:00','2026-01-26 22:31:22',79,625,4,'WO-20260125-0079 - 样品接收登记',NULL,'completed','2026-02-01 23:42:17','2026-02-01 23:42:17'),(409,45,'2026-01-27 00:01:22','2026-01-27 01:01:30',79,626,4,'WO-20260125-0079 - 外观检查',NULL,'completed','2026-02-01 23:42:17','2026-02-01 23:42:17'),(410,27,'2026-01-27 02:31:30','2026-01-27 04:28:15',79,627,7,'WO-20260125-0079 - X射线检测',NULL,'completed','2026-02-01 23:42:17','2026-02-01 23:42:17'),(411,90,'2026-01-27 05:43:15','2026-01-27 09:43:15',79,628,6,'WO-20260125-0079 - 开封处理',NULL,'in_progress','2026-02-01 23:42:17','2026-02-01 23:42:17'),(412,1,'2026-01-27 05:58:15','2026-01-27 08:57:14',79,629,5,'WO-20260125-0079 - SEM分析',NULL,'completed','2026-02-01 23:42:17','2026-02-01 23:42:17'),(413,95,'2026-01-26 16:30:00','2026-01-26 17:34:01',80,633,5,'WO-20260125-0080 - 样品接收登记',NULL,'completed','2026-02-01 23:42:17','2026-02-01 23:42:17'),(414,46,'2026-01-26 19:04:01','2026-01-26 20:04:27',80,634,8,'WO-20260125-0080 - 外观检查',NULL,'completed','2026-02-01 23:42:17','2026-02-01 23:42:17'),(415,9,'2026-01-26 21:34:27','2026-01-26 23:36:49',80,635,6,'WO-20260125-0080 - X射线检测',NULL,'completed','2026-02-01 23:42:17','2026-02-01 23:42:17'),(416,79,'2026-01-27 01:06:49','2026-01-27 04:57:57',80,636,6,'WO-20260125-0080 - 开封处理',NULL,'completed','2026-02-01 23:42:17','2026-02-01 23:42:17'),(417,298,'2026-01-26 10:30:00','2026-01-26 11:35:11',81,641,21,'WO-20260125-0081 - 样品接收登记',NULL,'completed','2026-02-01 23:42:17','2026-02-01 23:42:17'),(418,232,'2026-01-26 13:05:11','2026-01-26 14:10:15',81,642,23,'WO-20260125-0081 - 外观检查',NULL,'completed','2026-02-01 23:42:17','2026-02-01 23:42:17'),(419,213,'2026-01-26 15:40:15','2026-01-26 17:35:13',81,643,24,'WO-20260125-0081 - X射线检测',NULL,'completed','2026-02-01 23:42:17','2026-02-01 23:42:17'),(420,288,'2026-01-26 18:50:13','2026-01-26 22:50:13',81,644,22,'WO-20260125-0081 - 开封处理',NULL,'in_progress','2026-02-01 23:42:17','2026-02-01 23:42:17'),(421,206,'2026-01-26 18:50:13','2026-01-26 21:50:13',81,645,22,'WO-20260125-0081 - SEM分析',NULL,'in_progress','2026-02-01 23:42:17','2026-02-01 23:42:17'),(422,271,'2026-01-26 18:50:13','2026-01-27 00:50:13',81,646,20,'WO-20260125-0081 - 横截面制备',NULL,'in_progress','2026-02-01 23:42:17','2026-02-01 23:42:17'),(423,93,'2026-01-27 06:30:00','2026-01-27 07:24:43',82,649,7,'WO-20260126-0082 - 样品接收登记',NULL,'completed','2026-02-01 23:42:17','2026-02-01 23:42:17'),(424,32,'2026-01-27 08:54:43','2026-01-27 09:58:10',82,650,7,'WO-20260126-0082 - 外观检查',NULL,'completed','2026-02-01 23:42:17','2026-02-01 23:42:17'),(425,12,'2026-01-27 11:28:10','2026-01-27 13:30:14',82,651,8,'WO-20260126-0082 - X射线检测',NULL,'completed','2026-02-01 23:42:17','2026-02-01 23:42:17'),(426,72,'2026-01-27 15:00:14','2026-01-27 18:38:26',82,652,7,'WO-20260126-0082 - 开封处理',NULL,'completed','2026-02-01 23:42:17','2026-02-01 23:42:17'),(427,23,'2026-01-27 20:08:26','2026-01-27 23:22:35',82,653,5,'WO-20260126-0082 - SEM分析',NULL,'completed','2026-02-01 23:42:17','2026-02-01 23:42:17'),(428,300,'2026-01-27 15:30:00','2026-01-27 16:31:24',83,657,22,'WO-20260126-0083 - 样品接收登记',NULL,'completed','2026-02-01 23:42:17','2026-02-01 23:42:17'),(429,250,'2026-01-27 18:01:24','2026-01-27 19:00:46',83,658,21,'WO-20260126-0083 - 外观检查',NULL,'completed','2026-02-01 23:42:17','2026-02-01 23:42:17'),(430,224,'2026-01-27 20:30:46','2026-01-27 22:31:18',83,659,23,'WO-20260126-0083 - X射线检测',NULL,'completed','2026-02-01 23:42:17','2026-02-01 23:42:17'),(431,276,'2026-01-28 00:01:18','2026-01-28 04:19:49',83,660,24,'WO-20260126-0083 - 开封处理',NULL,'completed','2026-02-01 23:42:17','2026-02-01 23:42:17'),(432,210,'2026-01-28 05:34:49','2026-01-28 08:34:49',83,661,20,'WO-20260126-0083 - SEM分析',NULL,'in_progress','2026-02-01 23:42:17','2026-02-01 23:42:17'),(433,297,'2026-01-27 07:54:00','2026-01-27 09:03:56',84,665,21,'WO-20260126-0084 - 样品接收登记',NULL,'completed','2026-02-01 23:42:17','2026-02-01 23:42:17'),(434,240,'2026-01-27 10:40:56','2026-01-27 11:50:45',84,666,20,'WO-20260126-0084 - 外观检查',NULL,'completed','2026-02-01 23:42:17','2026-02-01 23:42:17'),(435,215,'2026-01-27 14:28:45','2026-01-27 16:36:00',84,667,24,'WO-20260126-0084 - X射线检测',NULL,'completed','2026-02-01 23:42:17','2026-02-01 23:42:17'),(436,273,'2026-01-27 17:48:00','2026-01-27 22:19:24',84,668,20,'WO-20260126-0084 - 开封处理',NULL,'completed','2026-02-01 23:42:17','2026-02-01 23:42:17'),(437,221,'2026-01-27 23:05:24','2026-01-28 02:06:41',84,669,24,'WO-20260126-0084 - SEM分析',NULL,'completed','2026-02-01 23:42:17','2026-02-01 23:42:17'),(438,274,'2026-01-28 03:52:41','2026-01-28 09:23:04',84,670,20,'WO-20260126-0084 - 横截面制备',NULL,'completed','2026-02-01 23:42:17','2026-02-01 23:42:17'),(439,207,'2026-01-28 10:59:04','2026-01-28 14:13:40',84,671,22,'WO-20260126-0084 - 失效定位',NULL,'completed','2026-02-01 23:42:17','2026-02-01 23:42:17'),(440,297,'2026-01-28 11:54:00','2026-01-28 13:01:44',85,673,22,'WO-20260127-0085 - 样品接收登记',NULL,'completed','2026-02-01 23:42:17','2026-02-01 23:42:17'),(441,238,'2026-01-28 14:30:44','2026-01-28 15:31:20',85,674,24,'WO-20260127-0085 - 外观检查',NULL,'completed','2026-02-01 23:42:17','2026-02-01 23:42:17'),(442,227,'2026-01-28 16:44:20','2026-01-28 18:34:23',85,675,24,'WO-20260127-0085 - X射线检测',NULL,'completed','2026-02-01 23:42:17','2026-02-01 23:42:17'),(443,278,'2026-01-28 19:52:23','2026-01-29 00:10:30',85,676,20,'WO-20260127-0085 - 开封处理',NULL,'completed','2026-02-01 23:42:17','2026-02-01 23:42:17'),(444,205,'2026-01-29 01:23:30','2026-01-29 04:52:12',85,677,23,'WO-20260127-0085 - SEM分析',NULL,'completed','2026-02-01 23:42:17','2026-02-01 23:42:17'),(445,286,'2026-01-29 06:20:12','2026-01-29 12:43:52',85,678,24,'WO-20260127-0085 - 横截面制备',NULL,'completed','2026-02-01 23:42:17','2026-02-01 23:42:17'),(446,226,'2026-01-29 15:04:52','2026-01-29 19:24:49',85,679,20,'WO-20260127-0085 - 失效定位',NULL,'completed','2026-02-01 23:42:17','2026-02-01 23:42:17'),(447,291,'2026-01-28 12:56:00','2026-01-28 13:55:32',86,681,20,'WO-20260127-0086 - 样品接收登记',NULL,'completed','2026-02-01 23:42:17','2026-02-01 23:42:17'),(448,235,'2026-01-28 16:35:32','2026-01-28 17:40:01',86,682,22,'WO-20260127-0086 - 外观检查',NULL,'completed','2026-02-01 23:42:17','2026-02-01 23:42:17'),(449,203,'2026-01-28 18:43:01','2026-01-28 20:24:20',86,683,20,'WO-20260127-0086 - X射线检测',NULL,'completed','2026-02-01 23:42:17','2026-02-01 23:42:17'),(450,290,'2026-01-28 22:35:20','2026-01-29 01:49:54',86,684,21,'WO-20260127-0086 - 开封处理',NULL,'completed','2026-02-01 23:42:17','2026-02-01 23:42:17'),(451,201,'2026-01-29 03:33:54','2026-01-29 07:00:50',86,685,21,'WO-20260127-0086 - SEM分析',NULL,'completed','2026-02-01 23:42:17','2026-02-01 23:42:17'),(452,290,'2026-01-29 08:48:50','2026-01-29 15:05:24',86,686,22,'WO-20260127-0086 - 横截面制备',NULL,'completed','2026-02-01 23:42:17','2026-02-01 23:42:17'),(453,209,'2026-01-29 17:05:24','2026-01-29 20:51:16',86,687,23,'WO-20260127-0086 - 失效定位',NULL,'completed','2026-02-01 23:42:17','2026-02-01 23:42:17'),(454,200,'2026-01-28 20:00:26','2026-01-28 23:40:18',88,698,14,'WO-20260127-0088 - 初始电气测试',NULL,'completed','2026-02-01 23:42:17','2026-02-01 23:42:17'),(455,132,'2026-01-29 00:55:18','2026-02-05 00:55:18',88,699,16,'WO-20260127-0088 - 环境应力测试',NULL,'in_progress','2026-02-01 23:42:17','2026-02-01 23:42:17'),(456,197,'2026-01-29 01:10:18','2026-01-29 04:53:10',88,700,12,'WO-20260127-0088 - 中间读数',NULL,'completed','2026-02-01 23:42:17','2026-02-01 23:42:17'),(457,116,'2026-01-29 06:08:10','2026-02-01 06:08:10',88,701,15,'WO-20260127-0088 - 应力循环',NULL,'in_progress','2026-02-01 23:42:17','2026-02-01 23:42:17'),(458,295,'2026-01-29 10:30:00','2026-01-29 11:30:48',89,705,20,'WO-20260128-0089 - 样品接收登记',NULL,'completed','2026-02-01 23:42:17','2026-02-01 23:42:17'),(459,247,'2026-01-29 13:00:48','2026-01-29 13:55:08',89,706,24,'WO-20260128-0089 - 外观检查',NULL,'completed','2026-02-01 23:42:17','2026-02-01 23:42:17'),(460,201,'2026-01-29 15:25:08','2026-01-29 17:34:53',89,707,20,'WO-20260128-0089 - X射线检测',NULL,'completed','2026-02-01 23:42:17','2026-02-01 23:42:17'),(461,280,'2026-01-29 19:04:53','2026-01-29 23:12:33',89,708,23,'WO-20260128-0089 - 开封处理',NULL,'completed','2026-02-01 23:42:17','2026-02-01 23:42:17'),(462,210,'2026-01-30 00:27:33','2026-01-30 03:27:33',89,709,20,'WO-20260128-0089 - SEM分析',NULL,'in_progress','2026-02-01 23:42:17','2026-02-01 23:42:17'),(463,396,'2026-01-30 00:24:15','2026-01-30 04:22:46',90,714,31,'WO-20260128-0090 - 初始电气测试',NULL,'completed','2026-02-01 23:42:17','2026-02-01 23:42:17'),(464,339,'2026-01-30 05:54:46','2026-02-05 08:09:56',90,715,30,'WO-20260128-0090 - 环境应力测试',NULL,'completed','2026-02-01 23:42:17','2026-02-01 23:42:17'),(465,303,'2026-02-05 13:12:09','2026-02-08 18:23:23',90,717,29,'WO-20260128-0090 - 应力循环',NULL,'completed','2026-02-01 23:42:17','2026-02-01 23:42:17'),(466,398,'2026-02-08 19:37:23','2026-02-08 23:24:06',90,718,31,'WO-20260128-0090 - 最终电气测试',NULL,'completed','2026-02-01 23:42:17','2026-02-01 23:42:17'),(467,198,'2026-01-28 20:06:24','2026-01-29 00:11:28',91,722,12,'WO-20260128-0091 - 初始电气测试',NULL,'completed','2026-02-01 23:42:17','2026-02-01 23:42:17'),(468,133,'2026-01-29 01:41:28','2026-02-05 12:53:07',91,723,15,'WO-20260128-0091 - 环境应力测试',NULL,'completed','2026-02-01 23:42:17','2026-02-01 23:42:17'),(469,198,'2026-02-05 14:08:07','2026-02-05 18:08:07',91,724,13,'WO-20260128-0091 - 中间读数',NULL,'in_progress','2026-02-01 23:42:17','2026-02-01 23:42:17'),(470,119,'2026-02-05 14:23:07','2026-02-08 07:16:12',91,725,12,'WO-20260128-0091 - 应力循环',NULL,'completed','2026-02-01 23:42:17','2026-02-01 23:42:17'),(471,197,'2026-01-30 13:03:50','2026-01-30 17:17:10',92,730,14,'WO-20260129-0092 - 初始电气测试',NULL,'completed','2026-02-01 23:42:17','2026-02-01 23:42:17'),(472,150,'2026-01-30 18:32:10','2026-02-06 18:32:10',92,731,13,'WO-20260129-0092 - 环境应力测试',NULL,'in_progress','2026-02-01 23:42:17','2026-02-01 23:42:17'),(473,193,'2026-01-30 18:47:10','2026-01-30 22:40:57',92,732,12,'WO-20260129-0092 - 中间读数',NULL,'completed','2026-02-01 23:42:17','2026-02-01 23:42:17'),(474,94,'2026-01-30 10:47:00','2026-01-30 11:49:13',93,737,8,'WO-20260129-0093 - 样品接收登记',NULL,'completed','2026-02-01 23:42:17','2026-02-01 23:42:17'),(475,35,'2026-01-30 13:28:13','2026-01-30 14:39:09',93,738,8,'WO-20260129-0093 - 外观检查',NULL,'completed','2026-02-01 23:42:17','2026-02-01 23:42:17'),(476,14,'2026-01-30 16:18:09','2026-01-30 18:28:21',93,739,6,'WO-20260129-0093 - X射线检测',NULL,'completed','2026-02-01 23:42:17','2026-02-01 23:42:17'),(477,84,'2026-01-30 20:33:21','2026-01-31 00:44:51',93,740,7,'WO-20260129-0093 - 开封处理',NULL,'completed','2026-02-01 23:42:17','2026-02-01 23:42:17'),(478,30,'2026-01-31 01:41:51','2026-01-31 04:09:01',93,741,4,'WO-20260129-0093 - SEM分析',NULL,'completed','2026-02-01 23:42:17','2026-02-01 23:42:17'),(479,72,'2026-01-31 05:12:01','2026-01-31 11:37:05',93,742,6,'WO-20260129-0093 - 横截面制备',NULL,'completed','2026-02-01 23:42:17','2026-02-01 23:42:17'),(480,18,'2026-01-31 12:30:05','2026-01-31 16:15:13',93,743,5,'WO-20260129-0093 - 失效定位',NULL,'completed','2026-02-01 23:42:17','2026-02-01 23:42:17'),(481,300,'2026-01-31 07:30:00','2026-01-31 08:33:06',97,769,20,'WO-20260130-0097 - 样品接收登记',NULL,'completed','2026-02-01 23:42:17','2026-02-01 23:42:17'),(482,233,'2026-01-31 10:03:06','2026-01-31 10:57:17',97,770,23,'WO-20260130-0097 - 外观检查',NULL,'completed','2026-02-01 23:42:17','2026-02-01 23:42:17'),(483,207,'2026-01-31 12:27:17','2026-01-31 14:24:00',97,771,23,'WO-20260130-0097 - X射线检测',NULL,'completed','2026-02-01 23:42:17','2026-02-01 23:42:17'),(484,206,'2026-01-31 15:39:00','2026-01-31 18:39:00',97,773,23,'WO-20260130-0097 - SEM分析',NULL,'in_progress','2026-02-01 23:42:17','2026-02-01 23:42:17'),(485,295,'2026-02-01 01:30:00','2026-02-01 02:28:24',99,785,22,'WO-20260131-0099 - 样品接收登记',NULL,'completed','2026-02-01 23:42:17','2026-02-01 23:42:17'),(486,232,'2026-02-01 03:58:24','2026-02-01 04:58:55',99,786,22,'WO-20260131-0099 - 外观检查',NULL,'completed','2026-02-01 23:42:17','2026-02-01 23:42:17'),(487,204,'2026-02-01 06:28:55','2026-02-01 08:19:10',99,787,23,'WO-20260131-0099 - X射线检测',NULL,'completed','2026-02-01 23:42:17','2026-02-01 23:42:17'),(488,278,'2026-02-01 09:49:10','2026-02-01 13:41:28',99,788,22,'WO-20260131-0099 - 开封处理',NULL,'completed','2026-02-01 23:42:17','2026-02-01 23:42:17');
/*!40000 ALTER TABLE `equipment_schedules` ENABLE KEYS */;
UNLOCK TABLES;

--
-- Table structure for table `equipment_skill_requirements`
--

DROP TABLE IF EXISTS `equipment_skill_requirements`;
/*!40101 SET @saved_cs_client     = @@character_set_client */;
/*!40101 SET character_set_client = utf8 */;
CREATE TABLE `equipment_skill_requirements` (
  `id` int NOT NULL AUTO_INCREMENT,
  `equipment_id` int NOT NULL,
  `skill_id` int NOT NULL,
  `min_proficiency_level` varchar(20) COLLATE utf8mb4_unicode_ci DEFAULT NULL,
  `requires_certification` tinyint(1) DEFAULT NULL,
  `created_at` datetime DEFAULT NULL,
  PRIMARY KEY (`id`),
  KEY `equipment_id` (`equipment_id`),
  KEY `skill_id` (`skill_id`),
  KEY `ix_equipment_skill_requirements_id` (`id`),
  CONSTRAINT `equipment_skill_requirements_ibfk_1` FOREIGN KEY (`equipment_id`) REFERENCES `equipment` (`id`),
  CONSTRAINT `equipment_skill_requirements_ibfk_2` FOREIGN KEY (`skill_id`) REFERENCES `skills` (`id`)
) ENGINE=InnoDB DEFAULT CHARSET=utf8mb4 COLLATE=utf8mb4_unicode_ci;
/*!40101 SET character_set_client = @saved_cs_client */;

--
-- Dumping data for table `equipment_skill_requirements`
--

LOCK TABLES `equipment_skill_requirements` WRITE;
/*!40000 ALTER TABLE `equipment_skill_requirements` DISABLE KEYS */;
/*!40000 ALTER TABLE `equipment_skill_requirements` ENABLE KEYS */;
UNLOCK TABLES;

--
-- Table structure for table `handover_notes`
--

DROP TABLE IF EXISTS `handover_notes`;
/*!40101 SET @saved_cs_client     = @@character_set_client */;
/*!40101 SET character_set_client = utf8 */;
CREATE TABLE `handover_notes` (
  `id` int NOT NULL AUTO_INCREMENT,
  `handover_id` int NOT NULL,
  `author_id` int NOT NULL,
  `content` text COLLATE utf8mb4_unicode_ci NOT NULL,
  `is_important` tinyint(1) DEFAULT NULL,
  `created_at` datetime DEFAULT NULL,
  PRIMARY KEY (`id`),
  KEY `author_id` (`author_id`),
  KEY `ix_handover_notes_id` (`id`),
  KEY `ix_handover_notes_handover_id` (`handover_id`),
  CONSTRAINT `handover_notes_ibfk_1` FOREIGN KEY (`handover_id`) REFERENCES `task_handovers` (`id`),
  CONSTRAINT `handover_notes_ibfk_2` FOREIGN KEY (`author_id`) REFERENCES `personnel` (`id`)
) ENGINE=InnoDB DEFAULT CHARSET=utf8mb4 COLLATE=utf8mb4_unicode_ci;
/*!40101 SET character_set_client = @saved_cs_client */;

--
-- Dumping data for table `handover_notes`
--

LOCK TABLES `handover_notes` WRITE;
/*!40000 ALTER TABLE `handover_notes` DISABLE KEYS */;
/*!40000 ALTER TABLE `handover_notes` ENABLE KEYS */;
UNLOCK TABLES;

--
-- Table structure for table `laboratories`
--

DROP TABLE IF EXISTS `laboratories`;
/*!40101 SET @saved_cs_client     = @@character_set_client */;
/*!40101 SET character_set_client = utf8 */;
CREATE TABLE `laboratories` (
  `id` int NOT NULL AUTO_INCREMENT,
  `name` varchar(100) COLLATE utf8mb4_unicode_ci NOT NULL,
  `code` varchar(20) COLLATE utf8mb4_unicode_ci NOT NULL,
  `lab_type` enum('FA','RELIABILITY') COLLATE utf8mb4_unicode_ci NOT NULL,
  `description` text COLLATE utf8mb4_unicode_ci,
  `site_id` int NOT NULL,
  `max_capacity` int DEFAULT NULL,
  `manager_name` varchar(100) COLLATE utf8mb4_unicode_ci DEFAULT NULL,
  `manager_email` varchar(255) COLLATE utf8mb4_unicode_ci DEFAULT NULL,
  `is_active` tinyint(1) DEFAULT NULL,
  `created_at` datetime DEFAULT NULL,
  `updated_at` datetime DEFAULT NULL,
  PRIMARY KEY (`id`),
  UNIQUE KEY `ix_laboratories_code` (`code`),
  KEY `site_id` (`site_id`),
  KEY `ix_laboratories_name` (`name`),
  KEY `ix_laboratories_id` (`id`),
  KEY `ix_laboratories_lab_type` (`lab_type`),
  CONSTRAINT `laboratories_ibfk_1` FOREIGN KEY (`site_id`) REFERENCES `sites` (`id`)
) ENGINE=InnoDB AUTO_INCREMENT=5 DEFAULT CHARSET=utf8mb4 COLLATE=utf8mb4_unicode_ci;
/*!40101 SET character_set_client = @saved_cs_client */;

--
-- Dumping data for table `laboratories`
--

LOCK TABLES `laboratories` WRITE;
/*!40000 ALTER TABLE `laboratories` DISABLE KEYS */;
INSERT INTO `laboratories` VALUES (1,'深圳研发中心-失效分析实验室','SZ-FA','FA','深圳研发中心的失效分析实验室，提供芯片失效分析、故障定位等服务',1,50,'深圳研发中心FA主管','fa_manager_sz@lab.com',1,'2026-02-01 23:42:08','2026-02-01 23:42:08'),(2,'深圳研发中心-可靠性实验室','SZ-REL','RELIABILITY','深圳研发中心的可靠性测试实验室，提供环境应力测试、寿命测试等服务',1,100,'深圳研发中心REL主管','rel_manager_sz@lab.com',1,'2026-02-01 23:42:08','2026-02-01 23:42:08'),(3,'上海测试中心-失效分析实验室','SH-FA','FA','上海测试中心的失效分析实验室，提供芯片失效分析、故障定位等服务',2,50,'上海测试中心FA主管','fa_manager_sh@lab.com',1,'2026-02-01 23:42:08','2026-02-01 23:42:08'),(4,'上海测试中心-可靠性实验室','SH-REL','RELIABILITY','上海测试中心的可靠性测试实验室，提供环境应力测试、寿命测试等服务',2,100,'上海测试中心REL主管','rel_manager_sh@lab.com',1,'2026-02-01 23:42:08','2026-02-01 23:42:08');
/*!40000 ALTER TABLE `laboratories` ENABLE KEYS */;
UNLOCK TABLES;

--
-- Table structure for table `material_history`
--

DROP TABLE IF EXISTS `material_history`;
/*!40101 SET @saved_cs_client     = @@character_set_client */;
/*!40101 SET character_set_client = utf8 */;
CREATE TABLE `material_history` (
  `id` int NOT NULL AUTO_INCREMENT,
  `material_id` int NOT NULL,
  `from_status` enum('RECEIVED','IN_STORAGE','ALLOCATED','IN_USE','PENDING_RETURN','RETURNED','DISPOSED','LOST') COLLATE utf8mb4_unicode_ci DEFAULT NULL,
  `to_status` enum('RECEIVED','IN_STORAGE','ALLOCATED','IN_USE','PENDING_RETURN','RETURNED','DISPOSED','LOST') COLLATE utf8mb4_unicode_ci NOT NULL,
  `from_location` varchar(100) COLLATE utf8mb4_unicode_ci DEFAULT NULL,
  `to_location` varchar(100) COLLATE utf8mb4_unicode_ci DEFAULT NULL,
  `equipment_id` int DEFAULT NULL,
  `work_order_id` int DEFAULT NULL,
  `task_id` int DEFAULT NULL,
  `changed_by_id` int NOT NULL,
  `notes` text COLLATE utf8mb4_unicode_ci,
  `changed_at` datetime DEFAULT NULL,
  PRIMARY KEY (`id`),
  KEY `material_id` (`material_id`),
  KEY `equipment_id` (`equipment_id`),
  KEY `work_order_id` (`work_order_id`),
  KEY `task_id` (`task_id`),
  KEY `changed_by_id` (`changed_by_id`),
  KEY `ix_material_history_id` (`id`),
  CONSTRAINT `material_history_ibfk_1` FOREIGN KEY (`material_id`) REFERENCES `materials` (`id`),
  CONSTRAINT `material_history_ibfk_2` FOREIGN KEY (`equipment_id`) REFERENCES `equipment` (`id`),
  CONSTRAINT `material_history_ibfk_3` FOREIGN KEY (`work_order_id`) REFERENCES `work_orders` (`id`),
  CONSTRAINT `material_history_ibfk_4` FOREIGN KEY (`task_id`) REFERENCES `work_order_tasks` (`id`),
  CONSTRAINT `material_history_ibfk_5` FOREIGN KEY (`changed_by_id`) REFERENCES `users` (`id`)
) ENGINE=InnoDB DEFAULT CHARSET=utf8mb4 COLLATE=utf8mb4_unicode_ci;
/*!40101 SET character_set_client = @saved_cs_client */;

--
-- Dumping data for table `material_history`
--

LOCK TABLES `material_history` WRITE;
/*!40000 ALTER TABLE `material_history` DISABLE KEYS */;
/*!40000 ALTER TABLE `material_history` ENABLE KEYS */;
UNLOCK TABLES;

--
-- Table structure for table `materials`
--

DROP TABLE IF EXISTS `materials`;
/*!40101 SET @saved_cs_client     = @@character_set_client */;
/*!40101 SET character_set_client = utf8 */;
CREATE TABLE `materials` (
  `id` int NOT NULL AUTO_INCREMENT,
  `material_code` varchar(50) COLLATE utf8mb4_unicode_ci NOT NULL,
  `name` varchar(200) COLLATE utf8mb4_unicode_ci NOT NULL,
  `material_type` enum('SAMPLE','CONSUMABLE','REAGENT','TOOL','OTHER') COLLATE utf8mb4_unicode_ci NOT NULL,
  `description` text COLLATE utf8mb4_unicode_ci,
  `laboratory_id` int NOT NULL,
  `site_id` int NOT NULL,
  `storage_location` varchar(100) COLLATE utf8mb4_unicode_ci DEFAULT NULL,
  `client_id` int DEFAULT NULL,
  `client_reference` varchar(100) COLLATE utf8mb4_unicode_ci DEFAULT NULL,
  `quantity` int DEFAULT NULL,
  `unit` varchar(20) COLLATE utf8mb4_unicode_ci DEFAULT NULL,
  `status` enum('RECEIVED','IN_STORAGE','ALLOCATED','IN_USE','PENDING_RETURN','RETURNED','DISPOSED','LOST') COLLATE utf8mb4_unicode_ci NOT NULL,
  `received_at` datetime DEFAULT NULL,
  `storage_deadline` datetime DEFAULT NULL,
  `processing_deadline` datetime DEFAULT NULL,
  `current_work_order_id` int DEFAULT NULL,
  `current_task_id` int DEFAULT NULL,
  `current_equipment_id` int DEFAULT NULL,
  `disposal_method` enum('RETURN_TO_CLIENT','ARCHIVE','RECYCLE','HAZARDOUS_DISPOSAL','STANDARD_DISPOSAL') COLLATE utf8mb4_unicode_ci DEFAULT NULL,
  `disposed_at` datetime DEFAULT NULL,
  `disposed_by_id` int DEFAULT NULL,
  `disposal_notes` text COLLATE utf8mb4_unicode_ci,
  `returned_at` datetime DEFAULT NULL,
  `return_tracking_number` varchar(100) COLLATE utf8mb4_unicode_ci DEFAULT NULL,
  `return_notes` text COLLATE utf8mb4_unicode_ci,
  `created_at` datetime DEFAULT NULL,
  `updated_at` datetime DEFAULT NULL,
  PRIMARY KEY (`id`),
  UNIQUE KEY `ix_materials_material_code` (`material_code`),
  KEY `laboratory_id` (`laboratory_id`),
  KEY `site_id` (`site_id`),
  KEY `client_id` (`client_id`),
  KEY `current_work_order_id` (`current_work_order_id`),
  KEY `current_task_id` (`current_task_id`),
  KEY `current_equipment_id` (`current_equipment_id`),
  KEY `disposed_by_id` (`disposed_by_id`),
  KEY `ix_materials_name` (`name`),
  KEY `ix_materials_id` (`id`),
  KEY `ix_materials_material_type` (`material_type`),
  KEY `ix_materials_status` (`status`),
  CONSTRAINT `materials_ibfk_1` FOREIGN KEY (`laboratory_id`) REFERENCES `laboratories` (`id`),
  CONSTRAINT `materials_ibfk_2` FOREIGN KEY (`site_id`) REFERENCES `sites` (`id`),
  CONSTRAINT `materials_ibfk_3` FOREIGN KEY (`client_id`) REFERENCES `clients` (`id`),
  CONSTRAINT `materials_ibfk_4` FOREIGN KEY (`current_work_order_id`) REFERENCES `work_orders` (`id`),
  CONSTRAINT `materials_ibfk_5` FOREIGN KEY (`current_task_id`) REFERENCES `work_order_tasks` (`id`),
  CONSTRAINT `materials_ibfk_6` FOREIGN KEY (`current_equipment_id`) REFERENCES `equipment` (`id`),
  CONSTRAINT `materials_ibfk_7` FOREIGN KEY (`disposed_by_id`) REFERENCES `users` (`id`)
) ENGINE=InnoDB AUTO_INCREMENT=31 DEFAULT CHARSET=utf8mb4 COLLATE=utf8mb4_unicode_ci;
/*!40101 SET character_set_client = @saved_cs_client */;

--
-- Dumping data for table `materials`
--

LOCK TABLES `materials` WRITE;
/*!40000 ALTER TABLE `materials` DISABLE KEYS */;
INSERT INTO `materials` VALUES (1,'SAM-2026-0001','长电科技股份测试样品-001','SAMPLE','长电科技股份-上海测试测试-001的测试样品',3,2,'SH-FA-存储区-B01',3,'JCET-0001',10,'颗','IN_USE','2026-02-01 23:42:17','2026-06-30 00:00:00','2026-03-31 00:00:00',NULL,NULL,NULL,NULL,NULL,NULL,NULL,NULL,NULL,NULL,'2026-02-01 23:42:17','2026-02-01 23:42:17'),(2,'SAM-2026-0002','华为技术有限公司测试样品-002','SAMPLE','华为技术有限公司-上海测试测试-002的测试样品',3,2,'SH-FA-存储区-A06',1,'HUAWEI-0002',8,'颗','ALLOCATED','2026-02-01 23:42:17','2026-06-30 00:00:00','2026-03-31 00:00:00',NULL,NULL,NULL,NULL,NULL,NULL,NULL,NULL,NULL,NULL,'2026-02-01 23:42:17','2026-02-01 23:42:17'),(3,'SAM-2026-0003','华为技术有限公司测试样品-003','SAMPLE','华为技术有限公司-深圳研发测试-003的测试样品',1,1,'SZ-FA-存储区-C05',1,'HUAWEI-0003',44,'颗','IN_USE','2026-02-01 23:42:17','2026-06-30 00:00:00','2026-03-31 00:00:00',NULL,NULL,NULL,NULL,NULL,NULL,NULL,NULL,NULL,NULL,'2026-02-01 23:42:17','2026-02-01 23:42:17'),(4,'SAM-2026-0004','中芯国际集成电路测试样品-004','SAMPLE','中芯国际集成电路-上海测试测试-004的测试样品',3,2,'SH-FA-存储区-B02',2,'SMIC-0004',30,'颗','IN_USE','2026-02-01 23:42:17','2026-06-30 00:00:00','2026-03-31 00:00:00',NULL,NULL,NULL,NULL,NULL,NULL,NULL,NULL,NULL,NULL,'2026-02-01 23:42:17','2026-02-01 23:42:17'),(5,'SAM-2026-0005','中芯国际集成电路测试样品-005','SAMPLE','中芯国际集成电路-深圳研发测试-005的测试样品',1,1,'SZ-FA-存储区-C09',2,'SMIC-0005',21,'颗','ALLOCATED','2026-02-01 23:42:17','2026-06-30 00:00:00','2026-03-31 00:00:00',NULL,NULL,NULL,NULL,NULL,NULL,NULL,NULL,NULL,NULL,'2026-02-01 23:42:17','2026-02-01 23:42:17'),(6,'SAM-2026-0006','紫光展锐测试样品-006','SAMPLE','紫光展锐-上海测试测试-006的测试样品',3,2,'SH-FA-存储区-B01',10,'UNISOC-0006',13,'颗','IN_USE','2026-02-01 23:42:17','2026-06-30 00:00:00','2026-03-31 00:00:00',NULL,NULL,NULL,NULL,NULL,NULL,NULL,NULL,NULL,NULL,'2026-02-01 23:42:17','2026-02-01 23:42:17'),(7,'SAM-2026-0007','华为技术有限公司测试样品-007','SAMPLE','华为技术有限公司-深圳研发测试-007的测试样品',1,1,'SZ-FA-存储区-C03',1,'HUAWEI-0007',40,'颗','IN_USE','2026-02-01 23:42:17','2026-06-30 00:00:00','2026-03-31 00:00:00',NULL,NULL,NULL,NULL,NULL,NULL,NULL,NULL,NULL,NULL,'2026-02-01 23:42:17','2026-02-01 23:42:17'),(8,'SAM-2026-0008','中芯国际集成电路测试样品-008','SAMPLE','中芯国际集成电路-深圳研发测试-008的测试样品',2,1,'SZ-REL-存储区-A10',2,'SMIC-0008',44,'颗','IN_STORAGE','2026-02-01 23:42:17','2026-06-30 00:00:00','2026-03-31 00:00:00',NULL,NULL,NULL,NULL,NULL,NULL,NULL,NULL,NULL,NULL,'2026-02-01 23:42:17','2026-02-01 23:42:17'),(9,'SAM-2026-0009','紫光展锐测试样品-009','SAMPLE','紫光展锐-深圳研发测试-009的测试样品',1,1,'SZ-FA-存储区-C03',10,'UNISOC-0009',15,'颗','IN_USE','2026-02-01 23:42:17','2026-06-30 00:00:00','2026-03-31 00:00:00',NULL,NULL,NULL,NULL,NULL,NULL,NULL,NULL,NULL,NULL,'2026-02-01 23:42:17','2026-02-01 23:42:17'),(10,'SAM-2026-0010','紫光展锐测试样品-010','SAMPLE','紫光展锐-深圳研发测试-010的测试样品',1,1,'SZ-FA-存储区-B03',10,'UNISOC-0010',32,'颗','ALLOCATED','2026-02-01 23:42:17','2026-06-30 00:00:00','2026-03-31 00:00:00',NULL,NULL,NULL,NULL,NULL,NULL,NULL,NULL,NULL,NULL,'2026-02-01 23:42:17','2026-02-01 23:42:17'),(11,'SAM-2026-0011','通富微电子测试样品-011','SAMPLE','通富微电子-深圳研发测试-011的测试样品',1,1,'SZ-FA-存储区-A01',4,'TFME-0011',27,'颗','ALLOCATED','2026-02-01 23:42:17','2026-06-30 00:00:00','2026-03-31 00:00:00',NULL,NULL,NULL,NULL,NULL,NULL,NULL,NULL,NULL,NULL,'2026-02-01 23:42:17','2026-02-01 23:42:17'),(12,'SAM-2026-0012','长电科技股份测试样品-012','SAMPLE','长电科技股份-上海测试测试-012的测试样品',4,2,'SH-REL-存储区-B10',3,'JCET-0012',35,'颗','ALLOCATED','2026-02-01 23:42:17','2026-06-30 00:00:00','2026-03-31 00:00:00',NULL,NULL,NULL,NULL,NULL,NULL,NULL,NULL,NULL,NULL,'2026-02-01 23:42:17','2026-02-01 23:42:17'),(13,'SAM-2026-0013','韦尔半导体测试样品-013','SAMPLE','韦尔半导体-上海测试测试-013的测试样品',4,2,'SH-REL-存储区-C07',5,'WILL-0013',17,'颗','IN_STORAGE','2026-02-01 23:42:17','2026-06-30 00:00:00','2026-03-31 00:00:00',NULL,NULL,NULL,NULL,NULL,NULL,NULL,NULL,NULL,NULL,'2026-02-01 23:42:17','2026-02-01 23:42:17'),(14,'SAM-2026-0014','紫光展锐测试样品-014','SAMPLE','紫光展锐-上海测试测试-014的测试样品',4,2,'SH-REL-存储区-A04',10,'UNISOC-0014',22,'颗','IN_USE','2026-02-01 23:42:17','2026-06-30 00:00:00','2026-03-31 00:00:00',NULL,NULL,NULL,NULL,NULL,NULL,NULL,NULL,NULL,NULL,'2026-02-01 23:42:17','2026-02-01 23:42:17'),(15,'SAM-2026-0015','通富微电子测试样品-015','SAMPLE','通富微电子-深圳研发测试-015的测试样品',1,1,'SZ-FA-存储区-A02',4,'TFME-0015',20,'颗','ALLOCATED','2026-02-01 23:42:17','2026-06-30 00:00:00','2026-03-31 00:00:00',NULL,NULL,NULL,NULL,NULL,NULL,NULL,NULL,NULL,NULL,'2026-02-01 23:42:17','2026-02-01 23:42:17'),(16,'SAM-2026-0016','中芯国际集成电路测试样品-016','SAMPLE','中芯国际集成电路-深圳研发测试-016的测试样品',1,1,'SZ-FA-存储区-B05',2,'SMIC-0016',35,'颗','IN_USE','2026-02-01 23:42:17','2026-06-30 00:00:00','2026-03-31 00:00:00',NULL,NULL,NULL,NULL,NULL,NULL,NULL,NULL,NULL,NULL,'2026-02-01 23:42:17','2026-02-01 23:42:17'),(17,'SAM-2026-0017','中芯国际集成电路测试样品-017','SAMPLE','中芯国际集成电路-上海测试测试-017的测试样品',4,2,'SH-REL-存储区-A07',2,'SMIC-0017',40,'颗','IN_STORAGE','2026-02-01 23:42:17','2026-06-30 00:00:00','2026-03-31 00:00:00',NULL,NULL,NULL,NULL,NULL,NULL,NULL,NULL,NULL,NULL,'2026-02-01 23:42:17','2026-02-01 23:42:17'),(18,'SAM-2026-0018','质量保证部测试样品-018','SAMPLE','质量保证部-上海测试测试-018的测试样品',3,2,'SH-FA-存储区-A06',9,'QA-0018',41,'颗','IN_USE','2026-02-01 23:42:17','2026-06-30 00:00:00','2026-03-31 00:00:00',NULL,NULL,NULL,NULL,NULL,NULL,NULL,NULL,NULL,NULL,'2026-02-01 23:42:17','2026-02-01 23:42:17'),(19,'SAM-2026-0019','紫光展锐测试样品-019','SAMPLE','紫光展锐-上海测试测试-019的测试样品',4,2,'SH-REL-存储区-A07',10,'UNISOC-0019',24,'颗','ALLOCATED','2026-02-01 23:42:17','2026-06-30 00:00:00','2026-03-31 00:00:00',NULL,NULL,NULL,NULL,NULL,NULL,NULL,NULL,NULL,NULL,'2026-02-01 23:42:17','2026-02-01 23:42:17'),(20,'SAM-2026-0020','内部研发部门测试样品-020','SAMPLE','内部研发部门-深圳研发测试-020的测试样品',1,1,'SZ-FA-存储区-B01',8,'INTERNAL-0020',25,'颗','IN_USE','2026-02-01 23:42:17','2026-06-30 00:00:00','2026-03-31 00:00:00',NULL,NULL,NULL,NULL,NULL,NULL,NULL,NULL,NULL,NULL,'2026-02-01 23:42:17','2026-02-01 23:42:17'),(21,'SAM-2026-0021','华为技术有限公司测试样品-021','SAMPLE','华为技术有限公司-上海测试测试-021的测试样品',3,2,'SH-FA-存储区-C08',1,'HUAWEI-0021',15,'颗','IN_USE','2026-02-01 23:42:17','2026-06-30 00:00:00','2026-03-31 00:00:00',NULL,NULL,NULL,NULL,NULL,NULL,NULL,NULL,NULL,NULL,'2026-02-01 23:42:17','2026-02-01 23:42:17'),(22,'SAM-2026-0022','兆易创新测试样品-022','SAMPLE','兆易创新-上海测试测试-022的测试样品',4,2,'SH-REL-存储区-A01',6,'GIGA-0022',30,'颗','IN_USE','2026-02-01 23:42:17','2026-06-30 00:00:00','2026-03-31 00:00:00',NULL,NULL,NULL,NULL,NULL,NULL,NULL,NULL,NULL,NULL,'2026-02-01 23:42:17','2026-02-01 23:42:17'),(23,'SAM-2026-0023','汇顶科技测试样品-023','SAMPLE','汇顶科技-深圳研发测试-023的测试样品',1,1,'SZ-FA-存储区-C02',7,'GOODIX-0023',38,'颗','IN_STORAGE','2026-02-01 23:42:17','2026-06-30 00:00:00','2026-03-31 00:00:00',NULL,NULL,NULL,NULL,NULL,NULL,NULL,NULL,NULL,NULL,'2026-02-01 23:42:17','2026-02-01 23:42:17'),(24,'SAM-2026-0024','长电科技股份测试样品-024','SAMPLE','长电科技股份-深圳研发测试-024的测试样品',1,1,'SZ-FA-存储区-A08',3,'JCET-0024',31,'颗','IN_STORAGE','2026-02-01 23:42:17','2026-06-30 00:00:00','2026-03-31 00:00:00',NULL,NULL,NULL,NULL,NULL,NULL,NULL,NULL,NULL,NULL,'2026-02-01 23:42:17','2026-02-01 23:42:17'),(25,'SAM-2026-0025','长电科技股份测试样品-025','SAMPLE','长电科技股份-深圳研发测试-025的测试样品',1,1,'SZ-FA-存储区-B01',3,'JCET-0025',50,'颗','IN_STORAGE','2026-02-01 23:42:17','2026-06-30 00:00:00','2026-03-31 00:00:00',NULL,NULL,NULL,NULL,NULL,NULL,NULL,NULL,NULL,NULL,'2026-02-01 23:42:17','2026-02-01 23:42:17'),(26,'SAM-2026-0026','质量保证部测试样品-026','SAMPLE','质量保证部-深圳研发测试-026的测试样品',2,1,'SZ-REL-存储区-A10',9,'QA-0026',34,'颗','IN_STORAGE','2026-02-01 23:42:17','2026-06-30 00:00:00','2026-03-31 00:00:00',NULL,NULL,NULL,NULL,NULL,NULL,NULL,NULL,NULL,NULL,'2026-02-01 23:42:17','2026-02-01 23:42:17'),(27,'SAM-2026-0027','兆易创新测试样品-027','SAMPLE','兆易创新-深圳研发测试-027的测试样品',2,1,'SZ-REL-存储区-C01',6,'GIGA-0027',20,'颗','IN_STORAGE','2026-02-01 23:42:17','2026-06-30 00:00:00','2026-03-31 00:00:00',NULL,NULL,NULL,NULL,NULL,NULL,NULL,NULL,NULL,NULL,'2026-02-01 23:42:17','2026-02-01 23:42:17'),(28,'SAM-2026-0028','质量保证部测试样品-028','SAMPLE','质量保证部-深圳研发测试-028的测试样品',1,1,'SZ-FA-存储区-C01',9,'QA-0028',5,'颗','ALLOCATED','2026-02-01 23:42:17','2026-06-30 00:00:00','2026-03-31 00:00:00',NULL,NULL,NULL,NULL,NULL,NULL,NULL,NULL,NULL,NULL,'2026-02-01 23:42:17','2026-02-01 23:42:17'),(29,'SAM-2026-0029','兆易创新测试样品-029','SAMPLE','兆易创新-上海测试测试-029的测试样品',3,2,'SH-FA-存储区-C03',6,'GIGA-0029',50,'颗','IN_STORAGE','2026-02-01 23:42:17','2026-06-30 00:00:00','2026-03-31 00:00:00',NULL,NULL,NULL,NULL,NULL,NULL,NULL,NULL,NULL,NULL,'2026-02-01 23:42:17','2026-02-01 23:42:17'),(30,'SAM-2026-0030','兆易创新测试样品-030','SAMPLE','兆易创新-深圳研发测试-030的测试样品',2,1,'SZ-REL-存储区-A07',6,'GIGA-0030',29,'颗','IN_STORAGE','2026-02-01 23:42:17','2026-06-30 00:00:00','2026-03-31 00:00:00',NULL,NULL,NULL,NULL,NULL,NULL,NULL,NULL,NULL,NULL,'2026-02-01 23:42:17','2026-02-01 23:42:17');
/*!40000 ALTER TABLE `materials` ENABLE KEYS */;
UNLOCK TABLES;

--
-- Table structure for table `method_skill_requirements`
--

DROP TABLE IF EXISTS `method_skill_requirements`;
/*!40101 SET @saved_cs_client     = @@character_set_client */;
/*!40101 SET character_set_client = utf8 */;
CREATE TABLE `method_skill_requirements` (
  `id` int NOT NULL AUTO_INCREMENT,
  `method_id` int NOT NULL,
  `skill_id` int NOT NULL,
  `min_proficiency_level` varchar(20) COLLATE utf8mb4_unicode_ci DEFAULT NULL,
  `requires_certification` tinyint(1) DEFAULT NULL,
  `created_at` datetime DEFAULT NULL,
  PRIMARY KEY (`id`),
  KEY `ix_method_skill_requirements_id` (`id`),
  KEY `ix_method_skill_requirements_method_id` (`method_id`),
  KEY `ix_method_skill_requirements_skill_id` (`skill_id`),
  CONSTRAINT `method_skill_requirements_ibfk_1` FOREIGN KEY (`method_id`) REFERENCES `methods` (`id`) ON DELETE CASCADE,
  CONSTRAINT `method_skill_requirements_ibfk_2` FOREIGN KEY (`skill_id`) REFERENCES `skills` (`id`)
) ENGINE=InnoDB DEFAULT CHARSET=utf8mb4 COLLATE=utf8mb4_unicode_ci;
/*!40101 SET character_set_client = @saved_cs_client */;

--
-- Dumping data for table `method_skill_requirements`
--

LOCK TABLES `method_skill_requirements` WRITE;
/*!40000 ALTER TABLE `method_skill_requirements` DISABLE KEYS */;
/*!40000 ALTER TABLE `method_skill_requirements` ENABLE KEYS */;
UNLOCK TABLES;

--
-- Table structure for table `methods`
--

DROP TABLE IF EXISTS `methods`;
/*!40101 SET @saved_cs_client     = @@character_set_client */;
/*!40101 SET character_set_client = utf8 */;
CREATE TABLE `methods` (
  `id` int NOT NULL AUTO_INCREMENT,
  `name` varchar(100) COLLATE utf8mb4_unicode_ci NOT NULL,
  `code` varchar(30) COLLATE utf8mb4_unicode_ci NOT NULL,
  `method_type` enum('ANALYSIS','RELIABILITY') COLLATE utf8mb4_unicode_ci NOT NULL,
  `category` varchar(50) COLLATE utf8mb4_unicode_ci DEFAULT NULL,
  `description` text COLLATE utf8mb4_unicode_ci,
  `procedure_summary` text COLLATE utf8mb4_unicode_ci,
  `laboratory_id` int DEFAULT NULL,
  `standard_cycle_hours` float DEFAULT NULL,
  `min_cycle_hours` float DEFAULT NULL,
  `max_cycle_hours` float DEFAULT NULL,
  `requires_equipment` tinyint(1) DEFAULT NULL,
  `default_equipment_id` int DEFAULT NULL,
  `is_active` tinyint(1) DEFAULT NULL,
  `created_at` datetime DEFAULT NULL,
  `updated_at` datetime DEFAULT NULL,
  PRIMARY KEY (`id`),
  UNIQUE KEY `ix_methods_code` (`code`),
  KEY `laboratory_id` (`laboratory_id`),
  KEY `default_equipment_id` (`default_equipment_id`),
  KEY `ix_methods_name` (`name`),
  KEY `ix_methods_method_type` (`method_type`),
  KEY `ix_methods_id` (`id`),
  CONSTRAINT `methods_ibfk_1` FOREIGN KEY (`laboratory_id`) REFERENCES `laboratories` (`id`),
  CONSTRAINT `methods_ibfk_2` FOREIGN KEY (`default_equipment_id`) REFERENCES `equipment` (`id`)
) ENGINE=InnoDB AUTO_INCREMENT=13 DEFAULT CHARSET=utf8mb4 COLLATE=utf8mb4_unicode_ci;
/*!40101 SET character_set_client = @saved_cs_client */;

--
-- Dumping data for table `methods`
--

LOCK TABLES `methods` WRITE;
/*!40000 ALTER TABLE `methods` DISABLE KEYS */;
INSERT INTO `methods` VALUES (1,'SEM形貌分析','FA-SEM','ANALYSIS','analytical','SEM形貌分析的标准操作流程',NULL,1,3,NULL,NULL,1,NULL,1,'2026-02-01 23:42:16','2026-02-01 23:42:16'),(2,'FIB横截面制备','FA-FIB','ANALYSIS','analytical','FIB横截面制备的标准操作流程',NULL,1,8,NULL,NULL,1,NULL,1,'2026-02-01 23:42:16','2026-02-01 23:42:16'),(3,'X射线无损检测','FA-XRAY','ANALYSIS','analytical','X射线无损检测的标准操作流程',NULL,1,1,NULL,NULL,1,NULL,1,'2026-02-01 23:42:16','2026-02-01 23:42:16'),(4,'芯片开封处理','FA-DECAP','ANALYSIS','chemical','芯片开封处理的标准操作流程',NULL,1,4,NULL,NULL,1,NULL,1,'2026-02-01 23:42:16','2026-02-01 23:42:16'),(5,'横截面研磨抛光','FA-XSEC','ANALYSIS','physical','横截面研磨抛光的标准操作流程',NULL,1,6,NULL,NULL,1,NULL,1,'2026-02-01 23:42:16','2026-02-01 23:42:16'),(6,'电气特性曲线分析','FA-CURVE','ANALYSIS','electrical','电气特性曲线分析的标准操作流程',NULL,1,2,NULL,NULL,1,NULL,1,'2026-02-01 23:42:16','2026-02-01 23:42:16'),(7,'高温存储测试','REL-HTSL','RELIABILITY','environmental','高温存储测试的标准操作流程',NULL,2,168,NULL,NULL,1,NULL,1,'2026-02-01 23:42:16','2026-02-01 23:42:16'),(8,'温湿度循环测试','REL-THB','RELIABILITY','environmental','温湿度循环测试的标准操作流程',NULL,2,240,NULL,NULL,1,NULL,1,'2026-02-01 23:42:16','2026-02-01 23:42:16'),(9,'温度循环测试','REL-TC','RELIABILITY','environmental','温度循环测试的标准操作流程',NULL,2,120,NULL,NULL,1,NULL,1,'2026-02-01 23:42:16','2026-02-01 23:42:16'),(10,'冷热冲击测试','REL-TST','RELIABILITY','environmental','冷热冲击测试的标准操作流程',NULL,2,48,NULL,NULL,1,NULL,1,'2026-02-01 23:42:16','2026-02-01 23:42:16'),(11,'振动测试','REL-VIB','RELIABILITY','mechanical','振动测试的标准操作流程',NULL,2,24,NULL,NULL,1,NULL,1,'2026-02-01 23:42:16','2026-02-01 23:42:16'),(12,'盐雾腐蚀测试','REL-SSC','RELIABILITY','environmental','盐雾腐蚀测试的标准操作流程',NULL,2,96,NULL,NULL,1,NULL,1,'2026-02-01 23:42:16','2026-02-01 23:42:16');
/*!40000 ALTER TABLE `methods` ENABLE KEYS */;
UNLOCK TABLES;

--
-- Table structure for table `permission_change_logs`
--

DROP TABLE IF EXISTS `permission_change_logs`;
/*!40101 SET @saved_cs_client     = @@character_set_client */;
/*!40101 SET character_set_client = utf8 */;
CREATE TABLE `permission_change_logs` (
  `id` int NOT NULL AUTO_INCREMENT,
  `role` varchar(50) COLLATE utf8mb4_unicode_ci NOT NULL,
  `permission` varchar(100) COLLATE utf8mb4_unicode_ci NOT NULL,
  `old_value` tinyint(1) DEFAULT NULL,
  `new_value` tinyint(1) NOT NULL,
  `changed_by_id` int NOT NULL,
  `changed_at` datetime DEFAULT NULL,
  `reason` varchar(500) COLLATE utf8mb4_unicode_ci DEFAULT NULL,
  PRIMARY KEY (`id`),
  KEY `ix_permission_change_logs_role` (`role`),
  KEY `ix_permission_change_logs_id` (`id`)
) ENGINE=InnoDB DEFAULT CHARSET=utf8mb4 COLLATE=utf8mb4_unicode_ci;
/*!40101 SET character_set_client = @saved_cs_client */;

--
-- Dumping data for table `permission_change_logs`
--

LOCK TABLES `permission_change_logs` WRITE;
/*!40000 ALTER TABLE `permission_change_logs` DISABLE KEYS */;
/*!40000 ALTER TABLE `permission_change_logs` ENABLE KEYS */;
UNLOCK TABLES;

--
-- Table structure for table `personnel`
--

DROP TABLE IF EXISTS `personnel`;
/*!40101 SET @saved_cs_client     = @@character_set_client */;
/*!40101 SET character_set_client = utf8 */;
CREATE TABLE `personnel` (
  `id` int NOT NULL AUTO_INCREMENT,
  `employee_id` varchar(50) COLLATE utf8mb4_unicode_ci NOT NULL,
  `user_id` int NOT NULL,
  `primary_laboratory_id` int NOT NULL,
  `primary_site_id` int NOT NULL,
  `current_laboratory_id` int DEFAULT NULL,
  `current_site_id` int DEFAULT NULL,
  `job_title` varchar(100) COLLATE utf8mb4_unicode_ci DEFAULT NULL,
  `department` varchar(100) COLLATE utf8mb4_unicode_ci DEFAULT NULL,
  `status` enum('AVAILABLE','BUSY','ON_LEAVE','BORROWED') COLLATE utf8mb4_unicode_ci NOT NULL,
  `hire_date` datetime DEFAULT NULL,
  `created_at` datetime DEFAULT NULL,
  `updated_at` datetime DEFAULT NULL,
  PRIMARY KEY (`id`),
  UNIQUE KEY `user_id` (`user_id`),
  UNIQUE KEY `ix_personnel_employee_id` (`employee_id`),
  KEY `primary_laboratory_id` (`primary_laboratory_id`),
  KEY `primary_site_id` (`primary_site_id`),
  KEY `current_laboratory_id` (`current_laboratory_id`),
  KEY `current_site_id` (`current_site_id`),
  KEY `ix_personnel_id` (`id`),
  CONSTRAINT `personnel_ibfk_1` FOREIGN KEY (`user_id`) REFERENCES `users` (`id`),
  CONSTRAINT `personnel_ibfk_2` FOREIGN KEY (`primary_laboratory_id`) REFERENCES `laboratories` (`id`),
  CONSTRAINT `personnel_ibfk_3` FOREIGN KEY (`primary_site_id`) REFERENCES `sites` (`id`),
  CONSTRAINT `personnel_ibfk_4` FOREIGN KEY (`current_laboratory_id`) REFERENCES `laboratories` (`id`),
  CONSTRAINT `personnel_ibfk_5` FOREIGN KEY (`current_site_id`) REFERENCES `sites` (`id`)
) ENGINE=InnoDB AUTO_INCREMENT=33 DEFAULT CHARSET=utf8mb4 COLLATE=utf8mb4_unicode_ci;
/*!40101 SET character_set_client = @saved_cs_client */;

--
-- Dumping data for table `personnel`
--

LOCK TABLES `personnel` WRITE;
/*!40000 ALTER TABLE `personnel` DISABLE KEYS */;
INSERT INTO `personnel` VALUES (1,'EMP1000',3,1,1,1,1,'实验室经理','深圳研发中心-失效分析实验室','AVAILABLE','2020-01-15 00:00:00','2026-02-01 23:42:09','2026-02-01 23:42:09'),(2,'EMP1001',4,1,1,1,1,'高级工程师','深圳研发中心-失效分析实验室','AVAILABLE','2021-03-01 00:00:00','2026-02-01 23:42:09','2026-02-01 23:42:09'),(3,'EMP1002',5,1,1,1,1,'工程师','深圳研发中心-失效分析实验室','AVAILABLE','2021-04-30 00:00:00','2026-02-01 23:42:10','2026-02-01 23:42:10'),(4,'EMP1003',6,1,1,1,1,'技术员A级','深圳研发中心-失效分析实验室','AVAILABLE','2022-06-01 00:00:00','2026-02-01 23:42:10','2026-02-01 23:42:10'),(5,'EMP1004',7,1,1,1,1,'技术员B级','深圳研发中心-失效分析实验室','AVAILABLE','2022-07-01 00:00:00','2026-02-01 23:42:10','2026-02-01 23:42:10'),(6,'EMP1005',8,1,1,1,1,'技术员C级','深圳研发中心-失效分析实验室','AVAILABLE','2022-07-31 00:00:00','2026-02-01 23:42:10','2026-02-01 23:42:10'),(7,'EMP1006',9,1,1,1,1,'技术员D级','深圳研发中心-失效分析实验室','AVAILABLE','2022-08-30 00:00:00','2026-02-01 23:42:11','2026-02-01 23:42:11'),(8,'EMP1007',10,1,1,1,1,'技术员E级','深圳研发中心-失效分析实验室','AVAILABLE','2022-09-29 00:00:00','2026-02-01 23:42:11','2026-02-01 23:42:11'),(9,'EMP1008',11,2,1,2,1,'实验室经理','深圳研发中心-可靠性实验室','AVAILABLE','2020-01-15 00:00:00','2026-02-01 23:42:11','2026-02-01 23:42:11'),(10,'EMP1009',12,2,1,2,1,'高级工程师','深圳研发中心-可靠性实验室','AVAILABLE','2021-03-01 00:00:00','2026-02-01 23:42:11','2026-02-01 23:42:11'),(11,'EMP1010',13,2,1,2,1,'工程师','深圳研发中心-可靠性实验室','AVAILABLE','2021-04-30 00:00:00','2026-02-01 23:42:11','2026-02-01 23:42:11'),(12,'EMP1011',14,2,1,2,1,'技术员A级','深圳研发中心-可靠性实验室','AVAILABLE','2022-06-01 00:00:00','2026-02-01 23:42:12','2026-02-01 23:42:12'),(13,'EMP1012',15,2,1,2,1,'技术员B级','深圳研发中心-可靠性实验室','AVAILABLE','2022-07-01 00:00:00','2026-02-01 23:42:12','2026-02-01 23:42:12'),(14,'EMP1013',16,2,1,2,1,'技术员C级','深圳研发中心-可靠性实验室','AVAILABLE','2022-07-31 00:00:00','2026-02-01 23:42:12','2026-02-01 23:42:12'),(15,'EMP1014',17,2,1,2,1,'技术员D级','深圳研发中心-可靠性实验室','AVAILABLE','2022-08-30 00:00:00','2026-02-01 23:42:12','2026-02-01 23:42:12'),(16,'EMP1015',18,2,1,2,1,'技术员E级','深圳研发中心-可靠性实验室','AVAILABLE','2022-09-29 00:00:00','2026-02-01 23:42:13','2026-02-01 23:42:13'),(17,'EMP1016',19,3,2,3,2,'实验室经理','上海测试中心-失效分析实验室','AVAILABLE','2020-01-15 00:00:00','2026-02-01 23:42:13','2026-02-01 23:42:13'),(18,'EMP1017',20,3,2,3,2,'高级工程师','上海测试中心-失效分析实验室','AVAILABLE','2021-03-01 00:00:00','2026-02-01 23:42:13','2026-02-01 23:42:13'),(19,'EMP1018',21,3,2,3,2,'工程师','上海测试中心-失效分析实验室','AVAILABLE','2021-04-30 00:00:00','2026-02-01 23:42:13','2026-02-01 23:42:13'),(20,'EMP1019',22,3,2,3,2,'技术员A级','上海测试中心-失效分析实验室','AVAILABLE','2022-06-01 00:00:00','2026-02-01 23:42:13','2026-02-01 23:42:13'),(21,'EMP1020',23,3,2,3,2,'技术员B级','上海测试中心-失效分析实验室','AVAILABLE','2022-07-01 00:00:00','2026-02-01 23:42:14','2026-02-01 23:42:14'),(22,'EMP1021',24,3,2,3,2,'技术员C级','上海测试中心-失效分析实验室','AVAILABLE','2022-07-31 00:00:00','2026-02-01 23:42:14','2026-02-01 23:42:14'),(23,'EMP1022',25,3,2,3,2,'技术员D级','上海测试中心-失效分析实验室','AVAILABLE','2022-08-30 00:00:00','2026-02-01 23:42:14','2026-02-01 23:42:14'),(24,'EMP1023',26,3,2,3,2,'技术员E级','上海测试中心-失效分析实验室','AVAILABLE','2022-09-29 00:00:00','2026-02-01 23:42:14','2026-02-01 23:42:14'),(25,'EMP1024',27,4,2,4,2,'实验室经理','上海测试中心-可靠性实验室','AVAILABLE','2020-01-15 00:00:00','2026-02-01 23:42:14','2026-02-01 23:42:14'),(26,'EMP1025',28,4,2,4,2,'高级工程师','上海测试中心-可靠性实验室','AVAILABLE','2021-03-01 00:00:00','2026-02-01 23:42:15','2026-02-01 23:42:15'),(27,'EMP1026',29,4,2,4,2,'工程师','上海测试中心-可靠性实验室','AVAILABLE','2021-04-30 00:00:00','2026-02-01 23:42:15','2026-02-01 23:42:15'),(28,'EMP1027',30,4,2,4,2,'技术员A级','上海测试中心-可靠性实验室','AVAILABLE','2022-06-01 00:00:00','2026-02-01 23:42:15','2026-02-01 23:42:15'),(29,'EMP1028',31,4,2,4,2,'技术员B级','上海测试中心-可靠性实验室','AVAILABLE','2022-07-01 00:00:00','2026-02-01 23:42:15','2026-02-01 23:42:15'),(30,'EMP1029',32,4,2,4,2,'技术员C级','上海测试中心-可靠性实验室','AVAILABLE','2022-07-31 00:00:00','2026-02-01 23:42:16','2026-02-01 23:42:16'),(31,'EMP1030',33,4,2,4,2,'技术员D级','上海测试中心-可靠性实验室','AVAILABLE','2022-08-30 00:00:00','2026-02-01 23:42:16','2026-02-01 23:42:16'),(32,'EMP1031',34,4,2,4,2,'技术员E级','上海测试中心-可靠性实验室','AVAILABLE','2022-09-29 00:00:00','2026-02-01 23:42:16','2026-02-01 23:42:16');
/*!40000 ALTER TABLE `personnel` ENABLE KEYS */;
UNLOCK TABLES;

--
-- Table structure for table `personnel_shifts`
--

DROP TABLE IF EXISTS `personnel_shifts`;
/*!40101 SET @saved_cs_client     = @@character_set_client */;
/*!40101 SET character_set_client = utf8 */;
CREATE TABLE `personnel_shifts` (
  `id` int NOT NULL AUTO_INCREMENT,
  `personnel_id` int NOT NULL,
  `shift_id` int NOT NULL,
  `effective_date` date NOT NULL,
  `end_date` date DEFAULT NULL,
  `created_at` datetime DEFAULT NULL,
  `updated_at` datetime DEFAULT NULL,
  PRIMARY KEY (`id`),
  KEY `shift_id` (`shift_id`),
  KEY `ix_personnel_shifts_id` (`id`),
  KEY `ix_personnel_shifts_effective_date` (`effective_date`),
  KEY `ix_personnel_shift_dates` (`personnel_id`,`effective_date`),
  CONSTRAINT `personnel_shifts_ibfk_1` FOREIGN KEY (`personnel_id`) REFERENCES `personnel` (`id`),
  CONSTRAINT `personnel_shifts_ibfk_2` FOREIGN KEY (`shift_id`) REFERENCES `shifts` (`id`)
) ENGINE=InnoDB DEFAULT CHARSET=utf8mb4 COLLATE=utf8mb4_unicode_ci;
/*!40101 SET character_set_client = @saved_cs_client */;

--
-- Dumping data for table `personnel_shifts`
--

LOCK TABLES `personnel_shifts` WRITE;
/*!40000 ALTER TABLE `personnel_shifts` DISABLE KEYS */;
/*!40000 ALTER TABLE `personnel_shifts` ENABLE KEYS */;
UNLOCK TABLES;

--
-- Table structure for table `personnel_skills`
--

DROP TABLE IF EXISTS `personnel_skills`;
/*!40101 SET @saved_cs_client     = @@character_set_client */;
/*!40101 SET character_set_client = utf8 */;
CREATE TABLE `personnel_skills` (
  `id` int NOT NULL AUTO_INCREMENT,
  `personnel_id` int NOT NULL,
  `skill_id` int NOT NULL,
  `proficiency_level` enum('BEGINNER','INTERMEDIATE','ADVANCED','EXPERT') COLLATE utf8mb4_unicode_ci NOT NULL,
  `is_certified` tinyint(1) DEFAULT NULL,
  `certification_date` date DEFAULT NULL,
  `certification_expiry` date DEFAULT NULL,
  `certificate_number` varchar(100) COLLATE utf8mb4_unicode_ci DEFAULT NULL,
  `last_assessment_date` date DEFAULT NULL,
  `assessment_score` int DEFAULT NULL,
  `assessed_by_id` int DEFAULT NULL,
  `notes` text COLLATE utf8mb4_unicode_ci,
  `created_at` datetime DEFAULT NULL,
  `updated_at` datetime DEFAULT NULL,
  PRIMARY KEY (`id`),
  KEY `personnel_id` (`personnel_id`),
  KEY `skill_id` (`skill_id`),
  KEY `assessed_by_id` (`assessed_by_id`),
  KEY `ix_personnel_skills_id` (`id`),
  CONSTRAINT `personnel_skills_ibfk_1` FOREIGN KEY (`personnel_id`) REFERENCES `personnel` (`id`),
  CONSTRAINT `personnel_skills_ibfk_2` FOREIGN KEY (`skill_id`) REFERENCES `skills` (`id`),
  CONSTRAINT `personnel_skills_ibfk_3` FOREIGN KEY (`assessed_by_id`) REFERENCES `users` (`id`)
) ENGINE=InnoDB AUTO_INCREMENT=117 DEFAULT CHARSET=utf8mb4 COLLATE=utf8mb4_unicode_ci;
/*!40101 SET character_set_client = @saved_cs_client */;

--
-- Dumping data for table `personnel_skills`
--

LOCK TABLES `personnel_skills` WRITE;
/*!40000 ALTER TABLE `personnel_skills` DISABLE KEYS */;
INSERT INTO `personnel_skills` VALUES (1,1,6,'ADVANCED',1,NULL,NULL,NULL,NULL,NULL,NULL,NULL,'2026-02-01 23:42:16','2026-02-01 23:42:16'),(2,1,3,'ADVANCED',1,NULL,NULL,NULL,NULL,NULL,NULL,NULL,'2026-02-01 23:42:16','2026-02-01 23:42:16'),(3,1,5,'ADVANCED',0,'2023-05-06',NULL,NULL,NULL,NULL,NULL,NULL,'2026-02-01 23:42:16','2026-02-01 23:42:16'),(4,1,4,'ADVANCED',1,'2023-01-13',NULL,NULL,NULL,NULL,NULL,NULL,'2026-02-01 23:42:16','2026-02-01 23:42:16'),(5,2,3,'ADVANCED',0,'2023-12-11',NULL,NULL,NULL,NULL,NULL,NULL,'2026-02-01 23:42:16','2026-02-01 23:42:16'),(6,2,5,'ADVANCED',1,NULL,NULL,NULL,NULL,NULL,NULL,NULL,'2026-02-01 23:42:16','2026-02-01 23:42:16'),(7,2,2,'ADVANCED',1,NULL,NULL,NULL,NULL,NULL,NULL,NULL,'2026-02-01 23:42:16','2026-02-01 23:42:16'),(8,2,6,'ADVANCED',1,'2023-01-11',NULL,NULL,NULL,NULL,NULL,NULL,'2026-02-01 23:42:16','2026-02-01 23:42:16'),(9,2,1,'ADVANCED',1,'2023-06-12',NULL,NULL,NULL,NULL,NULL,NULL,'2026-02-01 23:42:16','2026-02-01 23:42:16'),(10,3,5,'ADVANCED',1,'2023-05-08',NULL,NULL,NULL,NULL,NULL,NULL,'2026-02-01 23:42:16','2026-02-01 23:42:16'),(11,3,14,'ADVANCED',1,'2023-10-06',NULL,NULL,NULL,NULL,NULL,NULL,'2026-02-01 23:42:16','2026-02-01 23:42:16'),(12,3,13,'ADVANCED',1,'2023-02-04',NULL,NULL,NULL,NULL,NULL,NULL,'2026-02-01 23:42:16','2026-02-01 23:42:16'),(13,3,3,'ADVANCED',1,'2023-12-13',NULL,NULL,NULL,NULL,NULL,NULL,'2026-02-01 23:42:16','2026-02-01 23:42:16'),(14,3,6,'ADVANCED',0,'2023-03-23',NULL,NULL,NULL,NULL,NULL,NULL,'2026-02-01 23:42:16','2026-02-01 23:42:16'),(15,4,13,'INTERMEDIATE',1,NULL,NULL,NULL,NULL,NULL,NULL,NULL,'2026-02-01 23:42:16','2026-02-01 23:42:16'),(16,4,1,'INTERMEDIATE',1,'2023-11-09',NULL,NULL,NULL,NULL,NULL,NULL,'2026-02-01 23:42:16','2026-02-01 23:42:16'),(17,4,6,'INTERMEDIATE',1,'2023-11-26',NULL,NULL,NULL,NULL,NULL,NULL,'2026-02-01 23:42:16','2026-02-01 23:42:16'),(18,5,1,'INTERMEDIATE',1,'2023-10-17',NULL,NULL,NULL,NULL,NULL,NULL,'2026-02-01 23:42:16','2026-02-01 23:42:16'),(19,5,14,'INTERMEDIATE',1,'2023-02-21',NULL,NULL,NULL,NULL,NULL,NULL,'2026-02-01 23:42:16','2026-02-01 23:42:16'),(20,5,3,'INTERMEDIATE',1,'2023-12-18',NULL,NULL,NULL,NULL,NULL,NULL,'2026-02-01 23:42:16','2026-02-01 23:42:16'),(21,6,13,'INTERMEDIATE',1,'2023-01-13',NULL,NULL,NULL,NULL,NULL,NULL,'2026-02-01 23:42:16','2026-02-01 23:42:16'),(22,6,6,'INTERMEDIATE',1,NULL,NULL,NULL,NULL,NULL,NULL,NULL,'2026-02-01 23:42:16','2026-02-01 23:42:16'),(23,6,4,'INTERMEDIATE',0,'2023-08-09',NULL,NULL,NULL,NULL,NULL,NULL,'2026-02-01 23:42:16','2026-02-01 23:42:16'),(24,7,6,'INTERMEDIATE',1,'2023-06-18',NULL,NULL,NULL,NULL,NULL,NULL,'2026-02-01 23:42:16','2026-02-01 23:42:16'),(25,7,5,'INTERMEDIATE',1,'2023-08-15',NULL,NULL,NULL,NULL,NULL,NULL,'2026-02-01 23:42:16','2026-02-01 23:42:16'),(26,7,13,'INTERMEDIATE',1,NULL,NULL,NULL,NULL,NULL,NULL,NULL,'2026-02-01 23:42:16','2026-02-01 23:42:16'),(27,8,14,'INTERMEDIATE',1,'2023-07-27',NULL,NULL,NULL,NULL,NULL,NULL,'2026-02-01 23:42:16','2026-02-01 23:42:16'),(28,8,6,'INTERMEDIATE',1,'2023-12-28',NULL,NULL,NULL,NULL,NULL,NULL,'2026-02-01 23:42:16','2026-02-01 23:42:16'),(29,8,1,'INTERMEDIATE',1,'2023-12-19',NULL,NULL,NULL,NULL,NULL,NULL,'2026-02-01 23:42:16','2026-02-01 23:42:16'),(30,9,9,'ADVANCED',1,NULL,NULL,NULL,NULL,NULL,NULL,NULL,'2026-02-01 23:42:16','2026-02-01 23:42:16'),(31,9,12,'ADVANCED',1,NULL,NULL,NULL,NULL,NULL,NULL,NULL,'2026-02-01 23:42:16','2026-02-01 23:42:16'),(32,9,7,'ADVANCED',1,NULL,NULL,NULL,NULL,NULL,NULL,NULL,'2026-02-01 23:42:16','2026-02-01 23:42:16'),(33,9,15,'ADVANCED',0,NULL,NULL,NULL,NULL,NULL,NULL,NULL,'2026-02-01 23:42:16','2026-02-01 23:42:16'),(34,10,12,'ADVANCED',1,'2023-10-23',NULL,NULL,NULL,NULL,NULL,NULL,'2026-02-01 23:42:16','2026-02-01 23:42:16'),(35,10,7,'ADVANCED',1,'2023-12-19',NULL,NULL,NULL,NULL,NULL,NULL,'2026-02-01 23:42:16','2026-02-01 23:42:16'),(36,10,9,'ADVANCED',1,'2023-06-21',NULL,NULL,NULL,NULL,NULL,NULL,'2026-02-01 23:42:16','2026-02-01 23:42:16'),(37,10,15,'ADVANCED',1,'2023-02-24',NULL,NULL,NULL,NULL,NULL,NULL,'2026-02-01 23:42:16','2026-02-01 23:42:16'),(38,10,11,'ADVANCED',0,'2023-02-21',NULL,NULL,NULL,NULL,NULL,NULL,'2026-02-01 23:42:16','2026-02-01 23:42:16'),(39,11,15,'ADVANCED',1,'2023-12-18',NULL,NULL,NULL,NULL,NULL,NULL,'2026-02-01 23:42:16','2026-02-01 23:42:16'),(40,11,12,'ADVANCED',1,NULL,NULL,NULL,NULL,NULL,NULL,NULL,'2026-02-01 23:42:16','2026-02-01 23:42:16'),(41,11,7,'ADVANCED',1,'2023-08-07',NULL,NULL,NULL,NULL,NULL,NULL,'2026-02-01 23:42:16','2026-02-01 23:42:16'),(42,11,11,'ADVANCED',1,'2023-07-13',NULL,NULL,NULL,NULL,NULL,NULL,'2026-02-01 23:42:16','2026-02-01 23:42:16'),(43,11,9,'ADVANCED',1,'2023-02-25',NULL,NULL,NULL,NULL,NULL,NULL,'2026-02-01 23:42:16','2026-02-01 23:42:16'),(44,12,15,'INTERMEDIATE',0,'2023-02-10',NULL,NULL,NULL,NULL,NULL,NULL,'2026-02-01 23:42:16','2026-02-01 23:42:16'),(45,12,12,'INTERMEDIATE',0,NULL,NULL,NULL,NULL,NULL,NULL,NULL,'2026-02-01 23:42:16','2026-02-01 23:42:16'),(46,12,11,'INTERMEDIATE',1,'2023-10-12',NULL,NULL,NULL,NULL,NULL,NULL,'2026-02-01 23:42:16','2026-02-01 23:42:16'),(47,13,11,'INTERMEDIATE',1,'2023-09-23',NULL,NULL,NULL,NULL,NULL,NULL,'2026-02-01 23:42:16','2026-02-01 23:42:16'),(48,13,9,'INTERMEDIATE',1,'2023-11-11',NULL,NULL,NULL,NULL,NULL,NULL,'2026-02-01 23:42:16','2026-02-01 23:42:16'),(49,13,7,'INTERMEDIATE',1,NULL,NULL,NULL,NULL,NULL,NULL,NULL,'2026-02-01 23:42:16','2026-02-01 23:42:16'),(50,14,9,'INTERMEDIATE',1,NULL,NULL,NULL,NULL,NULL,NULL,NULL,'2026-02-01 23:42:16','2026-02-01 23:42:16'),(51,14,8,'INTERMEDIATE',1,'2023-11-09',NULL,NULL,NULL,NULL,NULL,NULL,'2026-02-01 23:42:16','2026-02-01 23:42:16'),(52,14,15,'INTERMEDIATE',0,'2023-03-08',NULL,NULL,NULL,NULL,NULL,NULL,'2026-02-01 23:42:16','2026-02-01 23:42:16'),(53,15,10,'INTERMEDIATE',1,'2023-02-25',NULL,NULL,NULL,NULL,NULL,NULL,'2026-02-01 23:42:16','2026-02-01 23:42:16'),(54,15,9,'INTERMEDIATE',1,NULL,NULL,NULL,NULL,NULL,NULL,NULL,'2026-02-01 23:42:16','2026-02-01 23:42:16'),(55,15,15,'INTERMEDIATE',1,'2023-09-13',NULL,NULL,NULL,NULL,NULL,NULL,'2026-02-01 23:42:16','2026-02-01 23:42:16'),(56,16,9,'INTERMEDIATE',1,'2023-06-02',NULL,NULL,NULL,NULL,NULL,NULL,'2026-02-01 23:42:16','2026-02-01 23:42:16'),(57,16,10,'INTERMEDIATE',0,'2023-07-27',NULL,NULL,NULL,NULL,NULL,NULL,'2026-02-01 23:42:16','2026-02-01 23:42:16'),(58,16,7,'INTERMEDIATE',0,'2023-02-18',NULL,NULL,NULL,NULL,NULL,NULL,'2026-02-01 23:42:16','2026-02-01 23:42:16'),(59,17,2,'ADVANCED',1,NULL,NULL,NULL,NULL,NULL,NULL,NULL,'2026-02-01 23:42:16','2026-02-01 23:42:16'),(60,17,14,'ADVANCED',1,NULL,NULL,NULL,NULL,NULL,NULL,NULL,'2026-02-01 23:42:16','2026-02-01 23:42:16'),(61,17,13,'ADVANCED',1,NULL,NULL,NULL,NULL,NULL,NULL,NULL,'2026-02-01 23:42:16','2026-02-01 23:42:16'),(62,17,4,'ADVANCED',1,NULL,NULL,NULL,NULL,NULL,NULL,NULL,'2026-02-01 23:42:16','2026-02-01 23:42:16'),(63,18,3,'ADVANCED',1,'2023-04-16',NULL,NULL,NULL,NULL,NULL,NULL,'2026-02-01 23:42:16','2026-02-01 23:42:16'),(64,18,14,'ADVANCED',1,'2023-05-15',NULL,NULL,NULL,NULL,NULL,NULL,'2026-02-01 23:42:16','2026-02-01 23:42:16'),(65,18,13,'ADVANCED',1,'2023-05-25',NULL,NULL,NULL,NULL,NULL,NULL,'2026-02-01 23:42:16','2026-02-01 23:42:16'),(66,18,4,'ADVANCED',1,'2023-02-14',NULL,NULL,NULL,NULL,NULL,NULL,'2026-02-01 23:42:16','2026-02-01 23:42:16'),(67,18,1,'ADVANCED',0,'2023-11-20',NULL,NULL,NULL,NULL,NULL,NULL,'2026-02-01 23:42:16','2026-02-01 23:42:16'),(68,19,4,'ADVANCED',1,'2023-10-17',NULL,NULL,NULL,NULL,NULL,NULL,'2026-02-01 23:42:16','2026-02-01 23:42:16'),(69,19,1,'ADVANCED',1,'2023-03-23',NULL,NULL,NULL,NULL,NULL,NULL,'2026-02-01 23:42:16','2026-02-01 23:42:16'),(70,19,14,'ADVANCED',0,NULL,NULL,NULL,NULL,NULL,NULL,NULL,'2026-02-01 23:42:16','2026-02-01 23:42:16'),(71,19,2,'ADVANCED',1,'2023-03-23',NULL,NULL,NULL,NULL,NULL,NULL,'2026-02-01 23:42:16','2026-02-01 23:42:16'),(72,19,6,'ADVANCED',0,'2023-05-12',NULL,NULL,NULL,NULL,NULL,NULL,'2026-02-01 23:42:16','2026-02-01 23:42:16'),(73,20,14,'INTERMEDIATE',1,'2023-12-08',NULL,NULL,NULL,NULL,NULL,NULL,'2026-02-01 23:42:16','2026-02-01 23:42:16'),(74,20,2,'INTERMEDIATE',1,NULL,NULL,NULL,NULL,NULL,NULL,NULL,'2026-02-01 23:42:16','2026-02-01 23:42:16'),(75,20,3,'INTERMEDIATE',0,'2023-11-19',NULL,NULL,NULL,NULL,NULL,NULL,'2026-02-01 23:42:16','2026-02-01 23:42:16'),(76,21,2,'INTERMEDIATE',0,'2023-08-16',NULL,NULL,NULL,NULL,NULL,NULL,'2026-02-01 23:42:16','2026-02-01 23:42:16'),(77,21,14,'INTERMEDIATE',1,NULL,NULL,NULL,NULL,NULL,NULL,NULL,'2026-02-01 23:42:16','2026-02-01 23:42:16'),(78,21,3,'INTERMEDIATE',0,NULL,NULL,NULL,NULL,NULL,NULL,NULL,'2026-02-01 23:42:16','2026-02-01 23:42:16'),(79,22,4,'INTERMEDIATE',1,NULL,NULL,NULL,NULL,NULL,NULL,NULL,'2026-02-01 23:42:16','2026-02-01 23:42:16'),(80,22,14,'INTERMEDIATE',1,'2023-04-01',NULL,NULL,NULL,NULL,NULL,NULL,'2026-02-01 23:42:16','2026-02-01 23:42:16'),(81,22,6,'INTERMEDIATE',1,'2023-01-04',NULL,NULL,NULL,NULL,NULL,NULL,'2026-02-01 23:42:16','2026-02-01 23:42:16'),(82,23,5,'INTERMEDIATE',1,NULL,NULL,NULL,NULL,NULL,NULL,NULL,'2026-02-01 23:42:16','2026-02-01 23:42:16'),(83,23,3,'INTERMEDIATE',1,'2023-11-27',NULL,NULL,NULL,NULL,NULL,NULL,'2026-02-01 23:42:16','2026-02-01 23:42:16'),(84,23,2,'INTERMEDIATE',1,'2023-10-13',NULL,NULL,NULL,NULL,NULL,NULL,'2026-02-01 23:42:16','2026-02-01 23:42:16'),(85,24,5,'INTERMEDIATE',1,'2023-06-07',NULL,NULL,NULL,NULL,NULL,NULL,'2026-02-01 23:42:16','2026-02-01 23:42:16'),(86,24,2,'INTERMEDIATE',1,'2023-05-14',NULL,NULL,NULL,NULL,NULL,NULL,'2026-02-01 23:42:16','2026-02-01 23:42:16'),(87,24,3,'INTERMEDIATE',0,'2023-01-13',NULL,NULL,NULL,NULL,NULL,NULL,'2026-02-01 23:42:16','2026-02-01 23:42:16'),(88,25,7,'ADVANCED',0,'2023-02-18',NULL,NULL,NULL,NULL,NULL,NULL,'2026-02-01 23:42:16','2026-02-01 23:42:16'),(89,25,10,'ADVANCED',0,'2023-07-20',NULL,NULL,NULL,NULL,NULL,NULL,'2026-02-01 23:42:16','2026-02-01 23:42:16'),(90,25,12,'ADVANCED',1,'2023-01-11',NULL,NULL,NULL,NULL,NULL,NULL,'2026-02-01 23:42:16','2026-02-01 23:42:16'),(91,25,15,'ADVANCED',1,'2023-07-04',NULL,NULL,NULL,NULL,NULL,NULL,'2026-02-01 23:42:16','2026-02-01 23:42:16'),(92,26,7,'ADVANCED',1,'2023-03-11',NULL,NULL,NULL,NULL,NULL,NULL,'2026-02-01 23:42:16','2026-02-01 23:42:16'),(93,26,12,'ADVANCED',0,'2023-11-17',NULL,NULL,NULL,NULL,NULL,NULL,'2026-02-01 23:42:16','2026-02-01 23:42:16'),(94,26,15,'ADVANCED',1,'2023-03-05',NULL,NULL,NULL,NULL,NULL,NULL,'2026-02-01 23:42:16','2026-02-01 23:42:16'),(95,26,11,'ADVANCED',1,'2023-12-15',NULL,NULL,NULL,NULL,NULL,NULL,'2026-02-01 23:42:16','2026-02-01 23:42:16'),(96,26,9,'ADVANCED',1,NULL,NULL,NULL,NULL,NULL,NULL,NULL,'2026-02-01 23:42:16','2026-02-01 23:42:16'),(97,27,11,'ADVANCED',0,'2023-08-22',NULL,NULL,NULL,NULL,NULL,NULL,'2026-02-01 23:42:16','2026-02-01 23:42:16'),(98,27,15,'ADVANCED',1,'2023-11-22',NULL,NULL,NULL,NULL,NULL,NULL,'2026-02-01 23:42:16','2026-02-01 23:42:16'),(99,27,7,'ADVANCED',1,'2023-12-02',NULL,NULL,NULL,NULL,NULL,NULL,'2026-02-01 23:42:16','2026-02-01 23:42:16'),(100,27,8,'ADVANCED',1,'2023-09-22',NULL,NULL,NULL,NULL,NULL,NULL,'2026-02-01 23:42:16','2026-02-01 23:42:16'),(101,27,9,'ADVANCED',0,'2023-08-23',NULL,NULL,NULL,NULL,NULL,NULL,'2026-02-01 23:42:16','2026-02-01 23:42:16'),(102,28,12,'INTERMEDIATE',1,NULL,NULL,NULL,NULL,NULL,NULL,NULL,'2026-02-01 23:42:16','2026-02-01 23:42:16'),(103,28,8,'INTERMEDIATE',1,'2023-06-17',NULL,NULL,NULL,NULL,NULL,NULL,'2026-02-01 23:42:16','2026-02-01 23:42:16'),(104,28,15,'INTERMEDIATE',1,'2023-12-20',NULL,NULL,NULL,NULL,NULL,NULL,'2026-02-01 23:42:16','2026-02-01 23:42:16'),(105,29,11,'INTERMEDIATE',1,'2023-02-09',NULL,NULL,NULL,NULL,NULL,NULL,'2026-02-01 23:42:16','2026-02-01 23:42:16'),(106,29,15,'INTERMEDIATE',1,'2023-03-01',NULL,NULL,NULL,NULL,NULL,NULL,'2026-02-01 23:42:16','2026-02-01 23:42:16'),(107,29,7,'INTERMEDIATE',0,'2023-05-26',NULL,NULL,NULL,NULL,NULL,NULL,'2026-02-01 23:42:16','2026-02-01 23:42:16'),(108,30,7,'INTERMEDIATE',1,'2023-08-13',NULL,NULL,NULL,NULL,NULL,NULL,'2026-02-01 23:42:16','2026-02-01 23:42:16'),(109,30,15,'INTERMEDIATE',1,'2023-12-27',NULL,NULL,NULL,NULL,NULL,NULL,'2026-02-01 23:42:16','2026-02-01 23:42:16'),(110,30,12,'INTERMEDIATE',1,'2023-08-04',NULL,NULL,NULL,NULL,NULL,NULL,'2026-02-01 23:42:16','2026-02-01 23:42:16'),(111,31,11,'INTERMEDIATE',1,'2023-08-18',NULL,NULL,NULL,NULL,NULL,NULL,'2026-02-01 23:42:16','2026-02-01 23:42:16'),(112,31,7,'INTERMEDIATE',0,'2023-09-14',NULL,NULL,NULL,NULL,NULL,NULL,'2026-02-01 23:42:16','2026-02-01 23:42:16'),(113,31,9,'INTERMEDIATE',0,'2023-08-23',NULL,NULL,NULL,NULL,NULL,NULL,'2026-02-01 23:42:16','2026-02-01 23:42:16'),(114,32,15,'INTERMEDIATE',0,NULL,NULL,NULL,NULL,NULL,NULL,NULL,'2026-02-01 23:42:16','2026-02-01 23:42:16'),(115,32,11,'INTERMEDIATE',0,'2023-02-10',NULL,NULL,NULL,NULL,NULL,NULL,'2026-02-01 23:42:16','2026-02-01 23:42:16'),(116,32,10,'INTERMEDIATE',1,'2023-12-09',NULL,NULL,NULL,NULL,NULL,NULL,'2026-02-01 23:42:16','2026-02-01 23:42:16');
/*!40000 ALTER TABLE `personnel_skills` ENABLE KEYS */;
UNLOCK TABLES;

--
-- Table structure for table `role_permissions`
--

DROP TABLE IF EXISTS `role_permissions`;
/*!40101 SET @saved_cs_client     = @@character_set_client */;
/*!40101 SET character_set_client = utf8 */;
CREATE TABLE `role_permissions` (
  `id` int NOT NULL AUTO_INCREMENT,
  `role` varchar(50) COLLATE utf8mb4_unicode_ci NOT NULL,
  `permission` varchar(100) COLLATE utf8mb4_unicode_ci NOT NULL,
  `is_enabled` tinyint(1) NOT NULL,
  `created_at` datetime DEFAULT NULL,
  `updated_at` datetime DEFAULT NULL,
  PRIMARY KEY (`id`),
  UNIQUE KEY `uq_role_permission` (`role`,`permission`),
  KEY `ix_role_permissions_role` (`role`),
  KEY `ix_role_permissions_id` (`id`),
  KEY `ix_role_permissions_permission` (`permission`)
) ENGINE=InnoDB AUTO_INCREMENT=166 DEFAULT CHARSET=utf8mb4 COLLATE=utf8mb4_unicode_ci;
/*!40101 SET character_set_client = @saved_cs_client */;

--
-- Dumping data for table `role_permissions`
--

LOCK TABLES `role_permissions` WRITE;
/*!40000 ALTER TABLE `role_permissions` DISABLE KEYS */;
INSERT INTO `role_permissions` VALUES (1,'admin','manage_users',1,'2026-02-03 15:09:28','2026-02-03 15:09:28'),(2,'admin','manage_sites',1,'2026-02-03 15:09:28','2026-02-03 15:09:28'),(3,'admin','manage_laboratories',1,'2026-02-03 15:09:28','2026-02-03 15:09:28'),(4,'admin','manage_locations',1,'2026-02-03 15:09:28','2026-02-03 15:09:28'),(5,'admin','manage_clients',1,'2026-02-03 15:09:28','2026-02-03 15:09:28'),(6,'admin','manage_client_sla',1,'2026-02-03 15:09:28','2026-02-03 15:09:28'),(7,'admin','manage_source_categories',1,'2026-02-03 15:09:28','2026-02-03 15:09:28'),(8,'admin','manage_skill_categories',1,'2026-02-03 15:09:28','2026-02-03 15:09:28'),(9,'admin','manage_skills',1,'2026-02-03 15:09:28','2026-02-03 15:09:28'),(10,'admin','assign_personnel_skills',1,'2026-02-03 15:09:28','2026-02-03 15:09:28'),(11,'admin','initiate_borrow',1,'2026-02-03 15:09:28','2026-02-03 15:09:28'),(12,'admin','approve_borrow',1,'2026-02-03 15:09:28','2026-02-03 15:09:28'),(13,'admin','manage_shifts',1,'2026-02-03 15:09:28','2026-02-03 15:09:28'),(14,'admin','manage_equipment',1,'2026-02-03 15:09:28','2026-02-03 15:09:28'),(15,'admin','manage_methods',1,'2026-02-03 15:09:28','2026-02-03 15:09:28'),(16,'admin','create_work_order',1,'2026-02-03 15:09:28','2026-02-03 15:09:28'),(17,'admin','assign_lead_engineer',1,'2026-02-03 15:09:28','2026-02-03 15:09:28'),(18,'admin','create_subtask',1,'2026-02-03 15:09:28','2026-02-03 15:09:28'),(19,'admin','assign_technician',1,'2026-02-03 15:09:28','2026-02-03 15:09:28'),(20,'admin','execute_subtask',1,'2026-02-03 15:09:28','2026-02-03 15:09:28'),(21,'admin','verify_results',1,'2026-02-03 15:09:28','2026-02-03 15:09:28'),(22,'admin','initiate_handover',1,'2026-02-03 15:09:28','2026-02-03 15:09:28'),(23,'admin','manage_materials',1,'2026-02-03 15:09:28','2026-02-03 15:09:28'),(24,'admin','allocate_materials',1,'2026-02-03 15:09:28','2026-02-03 15:09:28'),(25,'admin','handle_material_return',1,'2026-02-03 15:09:28','2026-02-03 15:09:28'),(26,'admin','confirm_material_alerts',1,'2026-02-03 15:09:28','2026-02-03 15:09:28'),(27,'admin','view_lab_dashboard',1,'2026-02-03 15:09:28','2026-02-03 15:09:28'),(28,'admin','view_all_dashboards',1,'2026-02-03 15:09:28','2026-02-03 15:09:28'),(29,'admin','view_cycle_time_report',1,'2026-02-03 15:09:28','2026-02-03 15:09:28'),(30,'admin','view_skills_matrix',1,'2026-02-03 15:09:28','2026-02-03 15:09:28'),(31,'admin','view_reports',1,'2026-02-03 15:09:28','2026-02-03 15:09:28'),(32,'admin','view_audit_logs',1,'2026-02-03 15:09:28','2026-02-03 15:09:28'),(33,'admin','view_work_order_query',1,'2026-02-03 15:09:28','2026-02-03 15:09:28'),(34,'manager','manage_users',0,'2026-02-03 15:09:28','2026-02-03 15:09:28'),(35,'manager','manage_sites',0,'2026-02-03 15:09:28','2026-02-03 15:09:28'),(36,'manager','manage_laboratories',0,'2026-02-03 15:09:28','2026-02-03 15:09:28'),(37,'manager','manage_locations',1,'2026-02-03 15:09:28','2026-02-03 15:09:28'),(38,'manager','manage_clients',1,'2026-02-03 15:09:28','2026-02-03 15:09:28'),(39,'manager','manage_client_sla',1,'2026-02-03 15:09:28','2026-02-03 15:09:28'),(40,'manager','manage_source_categories',1,'2026-02-03 15:09:28','2026-02-03 15:09:28'),(41,'manager','manage_skill_categories',1,'2026-02-03 15:09:28','2026-02-03 15:09:28'),(42,'manager','manage_skills',1,'2026-02-03 15:09:28','2026-02-03 15:09:28'),(43,'manager','assign_personnel_skills',1,'2026-02-03 15:09:28','2026-02-03 15:09:28'),(44,'manager','initiate_borrow',1,'2026-02-03 15:09:28','2026-02-03 15:09:28'),(45,'manager','approve_borrow',1,'2026-02-03 15:09:28','2026-02-03 15:09:28'),(46,'manager','manage_shifts',1,'2026-02-03 15:09:28','2026-02-03 15:09:28'),(47,'manager','manage_equipment',1,'2026-02-03 15:09:28','2026-02-03 15:09:28'),(48,'manager','manage_methods',1,'2026-02-03 15:09:28','2026-02-03 15:09:28'),(49,'manager','create_work_order',1,'2026-02-03 15:09:28','2026-02-03 15:09:28'),(50,'manager','assign_lead_engineer',1,'2026-02-03 15:09:28','2026-02-03 15:09:28'),(51,'manager','create_subtask',1,'2026-02-03 15:09:28','2026-02-03 15:09:28'),(52,'manager','assign_technician',1,'2026-02-03 15:09:28','2026-02-03 15:09:28'),(53,'manager','execute_subtask',1,'2026-02-03 15:09:28','2026-02-03 15:09:28'),(54,'manager','verify_results',1,'2026-02-03 15:09:28','2026-02-03 15:09:28'),(55,'manager','initiate_handover',1,'2026-02-03 15:09:28','2026-02-03 15:09:28'),(56,'manager','manage_materials',1,'2026-02-03 15:09:28','2026-02-03 15:09:28'),(57,'manager','allocate_materials',1,'2026-02-03 15:09:28','2026-02-03 15:09:28'),(58,'manager','handle_material_return',1,'2026-02-03 15:09:28','2026-02-03 15:09:28'),(59,'manager','confirm_material_alerts',1,'2026-02-03 15:09:28','2026-02-03 15:09:28'),(60,'manager','view_lab_dashboard',1,'2026-02-03 15:09:28','2026-02-03 15:09:28'),(61,'manager','view_all_dashboards',1,'2026-02-03 15:09:28','2026-02-03 15:09:28'),(62,'manager','view_cycle_time_report',1,'2026-02-03 15:09:28','2026-02-03 15:09:28'),(63,'manager','view_skills_matrix',1,'2026-02-03 15:09:28','2026-02-03 15:09:28'),(64,'manager','view_reports',1,'2026-02-03 15:09:28','2026-02-03 15:09:28'),(65,'manager','view_audit_logs',1,'2026-02-03 15:09:28','2026-02-03 15:09:28'),(66,'manager','view_work_order_query',1,'2026-02-03 15:09:28','2026-02-03 15:09:28'),(67,'engineer','manage_users',0,'2026-02-03 15:09:28','2026-02-03 15:09:28'),(68,'engineer','manage_sites',0,'2026-02-03 15:09:28','2026-02-03 15:09:28'),(69,'engineer','manage_laboratories',0,'2026-02-03 15:09:28','2026-02-03 15:09:28'),(70,'engineer','manage_locations',0,'2026-02-03 15:09:28','2026-02-03 15:09:28'),(71,'engineer','manage_clients',0,'2026-02-03 15:09:28','2026-02-03 15:09:28'),(72,'engineer','manage_client_sla',0,'2026-02-03 15:09:28','2026-02-03 15:09:28'),(73,'engineer','manage_source_categories',0,'2026-02-03 15:09:28','2026-02-03 15:09:28'),(74,'engineer','manage_skill_categories',0,'2026-02-03 15:09:28','2026-02-03 15:09:28'),(75,'engineer','manage_skills',0,'2026-02-03 15:09:28','2026-02-03 15:09:28'),(76,'engineer','assign_personnel_skills',1,'2026-02-03 15:09:28','2026-02-03 15:09:28'),(77,'engineer','initiate_borrow',0,'2026-02-03 15:09:28','2026-02-03 15:09:28'),(78,'engineer','approve_borrow',0,'2026-02-03 15:09:28','2026-02-03 15:09:28'),(79,'engineer','manage_shifts',0,'2026-02-03 15:09:28','2026-02-03 15:09:28'),(80,'engineer','manage_equipment',0,'2026-02-03 15:09:28','2026-02-03 15:09:28'),(81,'engineer','manage_methods',1,'2026-02-03 15:09:28','2026-02-03 15:09:28'),(82,'engineer','create_work_order',1,'2026-02-03 15:09:28','2026-02-03 15:09:28'),(83,'engineer','assign_lead_engineer',0,'2026-02-03 15:09:28','2026-02-03 15:09:28'),(84,'engineer','create_subtask',1,'2026-02-03 15:09:28','2026-02-03 15:09:28'),(85,'engineer','assign_technician',1,'2026-02-03 15:09:28','2026-02-03 15:09:28'),(86,'engineer','execute_subtask',1,'2026-02-03 15:09:28','2026-02-03 15:09:28'),(87,'engineer','verify_results',1,'2026-02-03 15:09:28','2026-02-03 15:09:28'),(88,'engineer','initiate_handover',1,'2026-02-03 15:09:28','2026-02-03 15:09:28'),(89,'engineer','manage_materials',0,'2026-02-03 15:09:28','2026-02-03 15:09:28'),(90,'engineer','allocate_materials',1,'2026-02-03 15:09:28','2026-02-03 15:09:28'),(91,'engineer','handle_material_return',1,'2026-02-03 15:09:28','2026-02-03 15:09:28'),(92,'engineer','confirm_material_alerts',1,'2026-02-03 15:09:28','2026-02-03 15:09:28'),(93,'engineer','view_lab_dashboard',1,'2026-02-03 15:09:28','2026-02-03 15:09:28'),(94,'engineer','view_all_dashboards',0,'2026-02-03 15:09:28','2026-02-03 15:09:28'),(95,'engineer','view_cycle_time_report',1,'2026-02-03 15:09:28','2026-02-03 15:09:28'),(96,'engineer','view_skills_matrix',1,'2026-02-03 15:09:28','2026-02-03 15:09:28'),(97,'engineer','view_reports',1,'2026-02-03 15:09:28','2026-02-03 15:09:28'),(98,'engineer','view_audit_logs',0,'2026-02-03 15:09:28','2026-02-03 15:09:28'),(99,'engineer','view_work_order_query',1,'2026-02-03 15:09:28','2026-02-03 15:09:28'),(100,'technician','manage_users',0,'2026-02-03 15:09:28','2026-02-03 15:09:28'),(101,'technician','manage_sites',0,'2026-02-03 15:09:28','2026-02-03 15:09:28'),(102,'technician','manage_laboratories',0,'2026-02-03 15:09:28','2026-02-03 15:09:28'),(103,'technician','manage_locations',0,'2026-02-03 15:09:28','2026-02-03 15:09:28'),(104,'technician','manage_clients',0,'2026-02-03 15:09:28','2026-02-03 15:09:28'),(105,'technician','manage_client_sla',0,'2026-02-03 15:09:28','2026-02-03 15:09:28'),(106,'technician','manage_source_categories',0,'2026-02-03 15:09:28','2026-02-03 15:09:28'),(107,'technician','manage_skill_categories',0,'2026-02-03 15:09:28','2026-02-03 15:09:28'),(108,'technician','manage_skills',0,'2026-02-03 15:09:28','2026-02-03 15:09:28'),(109,'technician','assign_personnel_skills',0,'2026-02-03 15:09:28','2026-02-03 15:09:28'),(110,'technician','initiate_borrow',0,'2026-02-03 15:09:28','2026-02-03 15:09:28'),(111,'technician','approve_borrow',0,'2026-02-03 15:09:28','2026-02-03 15:09:28'),(112,'technician','manage_shifts',0,'2026-02-03 15:09:28','2026-02-03 15:09:28'),(113,'technician','manage_equipment',0,'2026-02-03 15:09:28','2026-02-03 15:09:28'),(114,'technician','manage_methods',0,'2026-02-03 15:09:28','2026-02-03 15:09:28'),(115,'technician','create_work_order',0,'2026-02-03 15:09:28','2026-02-03 15:09:28'),(116,'technician','assign_lead_engineer',0,'2026-02-03 15:09:28','2026-02-03 15:09:28'),(117,'technician','create_subtask',0,'2026-02-03 15:09:28','2026-02-03 15:09:28'),(118,'technician','assign_technician',0,'2026-02-03 15:09:28','2026-02-03 15:09:28'),(119,'technician','execute_subtask',1,'2026-02-03 15:09:28','2026-02-03 15:09:28'),(120,'technician','verify_results',0,'2026-02-03 15:09:28','2026-02-03 15:09:28'),(121,'technician','initiate_handover',1,'2026-02-03 15:09:28','2026-02-03 15:09:28'),(122,'technician','manage_materials',0,'2026-02-03 15:09:28','2026-02-03 15:09:28'),(123,'technician','allocate_materials',0,'2026-02-03 15:09:28','2026-02-03 15:09:28'),(124,'technician','handle_material_return',1,'2026-02-03 15:09:28','2026-02-03 15:09:28'),(125,'technician','confirm_material_alerts',1,'2026-02-03 15:09:28','2026-02-03 15:09:28'),(126,'technician','view_lab_dashboard',1,'2026-02-03 15:09:28','2026-02-03 15:09:28'),(127,'technician','view_all_dashboards',0,'2026-02-03 15:09:28','2026-02-03 15:09:28'),(128,'technician','view_cycle_time_report',1,'2026-02-03 15:09:28','2026-02-03 15:09:28'),(129,'technician','view_skills_matrix',1,'2026-02-03 15:09:28','2026-02-03 15:09:28'),(130,'technician','view_reports',1,'2026-02-03 15:09:28','2026-02-03 15:09:28'),(131,'technician','view_audit_logs',0,'2026-02-03 15:09:28','2026-02-03 15:09:28'),(132,'technician','view_work_order_query',1,'2026-02-03 15:09:28','2026-02-03 15:09:28'),(133,'viewer','manage_users',0,'2026-02-03 15:09:28','2026-02-03 15:09:28'),(134,'viewer','manage_sites',0,'2026-02-03 15:09:28','2026-02-03 15:09:28'),(135,'viewer','manage_laboratories',0,'2026-02-03 15:09:28','2026-02-03 15:09:28'),(136,'viewer','manage_locations',0,'2026-02-03 15:09:28','2026-02-03 15:09:28'),(137,'viewer','manage_clients',0,'2026-02-03 15:09:28','2026-02-03 15:09:28'),(138,'viewer','manage_client_sla',0,'2026-02-03 15:09:28','2026-02-03 15:09:28'),(139,'viewer','manage_source_categories',0,'2026-02-03 15:09:28','2026-02-03 15:09:28'),(140,'viewer','manage_skill_categories',0,'2026-02-03 15:09:28','2026-02-03 15:09:28'),(141,'viewer','manage_skills',0,'2026-02-03 15:09:28','2026-02-03 15:09:28'),(142,'viewer','assign_personnel_skills',0,'2026-02-03 15:09:28','2026-02-03 15:09:28'),(143,'viewer','initiate_borrow',0,'2026-02-03 15:09:28','2026-02-03 15:09:28'),(144,'viewer','approve_borrow',0,'2026-02-03 15:09:28','2026-02-03 15:09:28'),(145,'viewer','manage_shifts',0,'2026-02-03 15:09:28','2026-02-03 15:09:28'),(146,'viewer','manage_equipment',0,'2026-02-03 15:09:28','2026-02-03 15:09:28'),(147,'viewer','manage_methods',0,'2026-02-03 15:09:28','2026-02-03 15:09:28'),(148,'viewer','create_work_order',0,'2026-02-03 15:09:28','2026-02-03 15:09:28'),(149,'viewer','assign_lead_engineer',0,'2026-02-03 15:09:28','2026-02-03 15:09:28'),(150,'viewer','create_subtask',0,'2026-02-03 15:09:28','2026-02-03 15:09:28'),(151,'viewer','assign_technician',0,'2026-02-03 15:09:28','2026-02-03 15:09:28'),(152,'viewer','execute_subtask',0,'2026-02-03 15:09:28','2026-02-03 15:09:28'),(153,'viewer','verify_results',0,'2026-02-03 15:09:28','2026-02-03 15:09:28'),(154,'viewer','initiate_handover',0,'2026-02-03 15:09:28','2026-02-03 15:09:28'),(155,'viewer','manage_materials',0,'2026-02-03 15:09:28','2026-02-03 15:09:28'),(156,'viewer','allocate_materials',0,'2026-02-03 15:09:28','2026-02-03 15:09:28'),(157,'viewer','handle_material_return',0,'2026-02-03 15:09:28','2026-02-03 15:09:28'),(158,'viewer','confirm_material_alerts',0,'2026-02-03 15:09:28','2026-02-03 15:09:28'),(159,'viewer','view_lab_dashboard',0,'2026-02-03 15:09:28','2026-02-03 15:09:28'),(160,'viewer','view_all_dashboards',0,'2026-02-03 15:09:28','2026-02-03 15:09:28'),(161,'viewer','view_cycle_time_report',0,'2026-02-03 15:09:28','2026-02-03 15:09:28'),(162,'viewer','view_skills_matrix',0,'2026-02-03 15:09:28','2026-02-03 15:09:28'),(163,'viewer','view_reports',0,'2026-02-03 15:09:28','2026-02-03 15:09:28'),(164,'viewer','view_audit_logs',0,'2026-02-03 15:09:28','2026-02-03 15:09:28'),(165,'viewer','view_work_order_query',1,'2026-02-03 15:09:28','2026-02-03 15:09:28');
/*!40000 ALTER TABLE `role_permissions` ENABLE KEYS */;
UNLOCK TABLES;

--
-- Table structure for table `shifts`
--

DROP TABLE IF EXISTS `shifts`;
/*!40101 SET @saved_cs_client     = @@character_set_client */;
/*!40101 SET character_set_client = utf8 */;
CREATE TABLE `shifts` (
  `id` int NOT NULL AUTO_INCREMENT,
  `name` varchar(100) COLLATE utf8mb4_unicode_ci NOT NULL,
  `code` varchar(20) COLLATE utf8mb4_unicode_ci NOT NULL,
  `start_time` time NOT NULL,
  `end_time` time NOT NULL,
  `laboratory_id` int DEFAULT NULL,
  `is_active` tinyint(1) DEFAULT NULL,
  `created_at` datetime DEFAULT NULL,
  `updated_at` datetime DEFAULT NULL,
  PRIMARY KEY (`id`),
  UNIQUE KEY `ix_shifts_code` (`code`),
  KEY `laboratory_id` (`laboratory_id`),
  KEY `ix_shifts_id` (`id`),
  CONSTRAINT `shifts_ibfk_1` FOREIGN KEY (`laboratory_id`) REFERENCES `laboratories` (`id`)
) ENGINE=InnoDB DEFAULT CHARSET=utf8mb4 COLLATE=utf8mb4_unicode_ci;
/*!40101 SET character_set_client = @saved_cs_client */;

--
-- Dumping data for table `shifts`
--

LOCK TABLES `shifts` WRITE;
/*!40000 ALTER TABLE `shifts` DISABLE KEYS */;
/*!40000 ALTER TABLE `shifts` ENABLE KEYS */;
UNLOCK TABLES;

--
-- Table structure for table `sites`
--

DROP TABLE IF EXISTS `sites`;
/*!40101 SET @saved_cs_client     = @@character_set_client */;
/*!40101 SET character_set_client = utf8 */;
CREATE TABLE `sites` (
  `id` int NOT NULL AUTO_INCREMENT,
  `name` varchar(100) COLLATE utf8mb4_unicode_ci NOT NULL,
  `code` varchar(20) COLLATE utf8mb4_unicode_ci NOT NULL,
  `address` text COLLATE utf8mb4_unicode_ci,
  `city` varchar(100) COLLATE utf8mb4_unicode_ci DEFAULT NULL,
  `country` varchar(100) COLLATE utf8mb4_unicode_ci DEFAULT NULL,
  `timezone` varchar(50) COLLATE utf8mb4_unicode_ci DEFAULT NULL,
  `contact_name` varchar(100) COLLATE utf8mb4_unicode_ci DEFAULT NULL,
  `contact_email` varchar(255) COLLATE utf8mb4_unicode_ci DEFAULT NULL,
  `contact_phone` varchar(50) COLLATE utf8mb4_unicode_ci DEFAULT NULL,
  `is_active` tinyint(1) DEFAULT NULL,
  `created_at` datetime DEFAULT NULL,
  `updated_at` datetime DEFAULT NULL,
  PRIMARY KEY (`id`),
  UNIQUE KEY `ix_sites_name` (`name`),
  UNIQUE KEY `ix_sites_code` (`code`),
  KEY `ix_sites_id` (`id`)
) ENGINE=InnoDB AUTO_INCREMENT=3 DEFAULT CHARSET=utf8mb4 COLLATE=utf8mb4_unicode_ci;
/*!40101 SET character_set_client = @saved_cs_client */;

--
-- Dumping data for table `sites`
--

LOCK TABLES `sites` WRITE;
/*!40000 ALTER TABLE `sites` DISABLE KEYS */;
INSERT INTO `sites` VALUES (1,'深圳研发中心','SZ','深圳市南山区科技园南区高新南七道','深圳','中国','Asia/Shanghai','张伟','zhangwei@lab.com','0755-12345678',1,'2026-02-01 23:42:08','2026-02-01 23:42:08'),(2,'上海测试中心','SH','上海市浦东新区张江高科技园区','上海','中国','Asia/Shanghai','李娜','lina@lab.com','021-87654321',1,'2026-02-01 23:42:08','2026-02-01 23:42:08');
/*!40000 ALTER TABLE `sites` ENABLE KEYS */;
UNLOCK TABLES;

--
-- Table structure for table `skills`
--

DROP TABLE IF EXISTS `skills`;
/*!40101 SET @saved_cs_client     = @@character_set_client */;
/*!40101 SET character_set_client = utf8 */;
CREATE TABLE `skills` (
  `id` int NOT NULL AUTO_INCREMENT,
  `name` varchar(100) COLLATE utf8mb4_unicode_ci NOT NULL,
  `code` varchar(20) COLLATE utf8mb4_unicode_ci NOT NULL,
  `category` enum('EQUIPMENT_OPERATION','TESTING_METHOD','ANALYSIS_TECHNIQUE','SOFTWARE_TOOL','SAFETY_PROCEDURE','OTHER') COLLATE utf8mb4_unicode_ci NOT NULL,
  `description` text COLLATE utf8mb4_unicode_ci,
  `requires_certification` tinyint(1) DEFAULT NULL,
  `certification_validity_days` int DEFAULT NULL,
  `lab_type` varchar(20) COLLATE utf8mb4_unicode_ci DEFAULT NULL,
  `is_active` tinyint(1) DEFAULT NULL,
  `created_at` datetime DEFAULT NULL,
  `updated_at` datetime DEFAULT NULL,
  PRIMARY KEY (`id`),
  UNIQUE KEY `ix_skills_name` (`name`),
  UNIQUE KEY `ix_skills_code` (`code`),
  KEY `ix_skills_category` (`category`),
  KEY `ix_skills_id` (`id`)
) ENGINE=InnoDB AUTO_INCREMENT=16 DEFAULT CHARSET=utf8mb4 COLLATE=utf8mb4_unicode_ci;
/*!40101 SET character_set_client = @saved_cs_client */;

--
-- Dumping data for table `skills`
--

LOCK TABLES `skills` WRITE;
/*!40000 ALTER TABLE `skills` DISABLE KEYS */;
INSERT INTO `skills` VALUES (1,'扫描电子显微镜操作','SEM','EQUIPMENT_OPERATION','SEM设备操作和分析',0,NULL,NULL,1,'2026-02-01 23:42:16','2026-02-01 23:42:16'),(2,'聚焦离子束操作','FIB','EQUIPMENT_OPERATION','FIB设备操作',0,NULL,NULL,1,'2026-02-01 23:42:16','2026-02-01 23:42:16'),(3,'X射线检测','XRAY','EQUIPMENT_OPERATION','X射线无损检测',0,NULL,NULL,1,'2026-02-01 23:42:16','2026-02-01 23:42:16'),(4,'芯片开封','DECAP','ANALYSIS_TECHNIQUE','化学/物理开封技术',0,NULL,NULL,1,'2026-02-01 23:42:16','2026-02-01 23:42:16'),(5,'横截面制备','XSEC','ANALYSIS_TECHNIQUE','样品横截面制备',0,NULL,NULL,1,'2026-02-01 23:42:16','2026-02-01 23:42:16'),(6,'电气特性分析','ECA','ANALYSIS_TECHNIQUE','曲线追踪仪分析',0,NULL,NULL,1,'2026-02-01 23:42:16','2026-02-01 23:42:16'),(7,'高温箱操作','OVEN','EQUIPMENT_OPERATION','高温测试设备操作',0,NULL,NULL,1,'2026-02-01 23:42:16','2026-02-01 23:42:16'),(8,'温湿度箱操作','THC','EQUIPMENT_OPERATION','温湿度循环测试',0,NULL,NULL,1,'2026-02-01 23:42:16','2026-02-01 23:42:16'),(9,'振动台操作','VIBE','EQUIPMENT_OPERATION','振动测试设备',0,NULL,NULL,1,'2026-02-01 23:42:16','2026-02-01 23:42:16'),(10,'冲击测试','SHOCK','TESTING_METHOD','机械冲击测试',0,NULL,NULL,1,'2026-02-01 23:42:16','2026-02-01 23:42:16'),(11,'盐雾测试','SALT','TESTING_METHOD','盐雾腐蚀测试',0,NULL,NULL,1,'2026-02-01 23:42:16','2026-02-01 23:42:16'),(12,'电迁移测试','EM','ANALYSIS_TECHNIQUE','电迁移可靠性测试',0,NULL,NULL,1,'2026-02-01 23:42:16','2026-02-01 23:42:16'),(13,'化学品安全','CHEM_SAFE','SAFETY_PROCEDURE','化学品操作安全',0,NULL,NULL,1,'2026-02-01 23:42:16','2026-02-01 23:42:16'),(14,'辐射安全','RAD_SAFE','SAFETY_PROCEDURE','X射线辐射安全',0,NULL,NULL,1,'2026-02-01 23:42:16','2026-02-01 23:42:16'),(15,'高温安全','HEAT_SAFE','SAFETY_PROCEDURE','高温设备安全操作',0,NULL,NULL,1,'2026-02-01 23:42:16','2026-02-01 23:42:16');
/*!40000 ALTER TABLE `skills` ENABLE KEYS */;
UNLOCK TABLES;

--
-- Table structure for table `staff_borrow_requests`
--

DROP TABLE IF EXISTS `staff_borrow_requests`;
/*!40101 SET @saved_cs_client     = @@character_set_client */;
/*!40101 SET character_set_client = utf8 */;
CREATE TABLE `staff_borrow_requests` (
  `id` int NOT NULL AUTO_INCREMENT,
  `personnel_id` int NOT NULL,
  `from_laboratory_id` int NOT NULL,
  `to_laboratory_id` int NOT NULL,
  `reason` text COLLATE utf8mb4_unicode_ci,
  `start_date` datetime NOT NULL,
  `end_date` datetime NOT NULL,
  `status` varchar(20) COLLATE utf8mb4_unicode_ci DEFAULT NULL,
  `requested_by_id` int NOT NULL,
  `approved_by_id` int DEFAULT NULL,
  `approved_at` datetime DEFAULT NULL,
  `rejection_reason` text COLLATE utf8mb4_unicode_ci,
  `created_at` datetime DEFAULT NULL,
  `updated_at` datetime DEFAULT NULL,
  PRIMARY KEY (`id`),
  KEY `personnel_id` (`personnel_id`),
  KEY `from_laboratory_id` (`from_laboratory_id`),
  KEY `to_laboratory_id` (`to_laboratory_id`),
  KEY `requested_by_id` (`requested_by_id`),
  KEY `approved_by_id` (`approved_by_id`),
  KEY `ix_staff_borrow_requests_id` (`id`),
  CONSTRAINT `staff_borrow_requests_ibfk_1` FOREIGN KEY (`personnel_id`) REFERENCES `personnel` (`id`),
  CONSTRAINT `staff_borrow_requests_ibfk_2` FOREIGN KEY (`from_laboratory_id`) REFERENCES `laboratories` (`id`),
  CONSTRAINT `staff_borrow_requests_ibfk_3` FOREIGN KEY (`to_laboratory_id`) REFERENCES `laboratories` (`id`),
  CONSTRAINT `staff_borrow_requests_ibfk_4` FOREIGN KEY (`requested_by_id`) REFERENCES `users` (`id`),
  CONSTRAINT `staff_borrow_requests_ibfk_5` FOREIGN KEY (`approved_by_id`) REFERENCES `users` (`id`)
) ENGINE=InnoDB DEFAULT CHARSET=utf8mb4 COLLATE=utf8mb4_unicode_ci;
/*!40101 SET character_set_client = @saved_cs_client */;

--
-- Dumping data for table `staff_borrow_requests`
--

LOCK TABLES `staff_borrow_requests` WRITE;
/*!40000 ALTER TABLE `staff_borrow_requests` DISABLE KEYS */;
/*!40000 ALTER TABLE `staff_borrow_requests` ENABLE KEYS */;
UNLOCK TABLES;

--
-- Table structure for table `standard_cycle_times`
--

DROP TABLE IF EXISTS `standard_cycle_times`;
/*!40101 SET @saved_cs_client     = @@character_set_client */;
/*!40101 SET character_set_client = utf8 */;
CREATE TABLE `standard_cycle_times` (
  `id` int NOT NULL AUTO_INCREMENT,
  `task_category` varchar(100) COLLATE utf8mb4_unicode_ci NOT NULL,
  `work_order_type` enum('FAILURE_ANALYSIS','RELIABILITY_TEST') COLLATE utf8mb4_unicode_ci NOT NULL,
  `lab_type` varchar(20) COLLATE utf8mb4_unicode_ci DEFAULT NULL,
  `equipment_type` varchar(50) COLLATE utf8mb4_unicode_ci DEFAULT NULL,
  `standard_hours` float NOT NULL,
  `min_hours` float DEFAULT NULL,
  `max_hours` float DEFAULT NULL,
  `description` text COLLATE utf8mb4_unicode_ci,
  `is_active` tinyint(1) DEFAULT NULL,
  `created_at` datetime DEFAULT NULL,
  `updated_at` datetime DEFAULT NULL,
  PRIMARY KEY (`id`),
  KEY `ix_standard_cycle_times_id` (`id`),
  KEY `ix_standard_cycle_times_task_category` (`task_category`)
) ENGINE=InnoDB DEFAULT CHARSET=utf8mb4 COLLATE=utf8mb4_unicode_ci;
/*!40101 SET character_set_client = @saved_cs_client */;

--
-- Dumping data for table `standard_cycle_times`
--

LOCK TABLES `standard_cycle_times` WRITE;
/*!40000 ALTER TABLE `standard_cycle_times` DISABLE KEYS */;
/*!40000 ALTER TABLE `standard_cycle_times` ENABLE KEYS */;
UNLOCK TABLES;

--
-- Table structure for table `task_handovers`
--

DROP TABLE IF EXISTS `task_handovers`;
/*!40101 SET @saved_cs_client     = @@character_set_client */;
/*!40101 SET character_set_client = utf8 */;
CREATE TABLE `task_handovers` (
  `id` int NOT NULL AUTO_INCREMENT,
  `task_id` int NOT NULL,
  `work_order_id` int NOT NULL,
  `from_technician_id` int NOT NULL,
  `to_technician_id` int DEFAULT NULL,
  `from_shift_id` int DEFAULT NULL,
  `to_shift_id` int DEFAULT NULL,
  `status` enum('PENDING','ACCEPTED','REJECTED','CANCELLED') COLLATE utf8mb4_unicode_ci NOT NULL,
  `priority` enum('NORMAL','URGENT','CRITICAL') COLLATE utf8mb4_unicode_ci NOT NULL,
  `task_status_at_handover` varchar(50) COLLATE utf8mb4_unicode_ci DEFAULT NULL,
  `progress_summary` text COLLATE utf8mb4_unicode_ci,
  `pending_items` text COLLATE utf8mb4_unicode_ci,
  `special_instructions` text COLLATE utf8mb4_unicode_ci,
  `rejection_reason` text COLLATE utf8mb4_unicode_ci,
  `acceptance_notes` text COLLATE utf8mb4_unicode_ci,
  `created_at` datetime DEFAULT NULL,
  `accepted_at` datetime DEFAULT NULL,
  `rejected_at` datetime DEFAULT NULL,
  PRIMARY KEY (`id`),
  KEY `from_shift_id` (`from_shift_id`),
  KEY `to_shift_id` (`to_shift_id`),
  KEY `ix_task_handovers_from_technician_id` (`from_technician_id`),
  KEY `ix_task_handovers_id` (`id`),
  KEY `ix_task_handovers_work_order_id` (`work_order_id`),
  KEY `ix_task_handovers_to_technician_id` (`to_technician_id`),
  KEY `ix_task_handovers_task_id` (`task_id`),
  CONSTRAINT `task_handovers_ibfk_1` FOREIGN KEY (`task_id`) REFERENCES `work_order_tasks` (`id`),
  CONSTRAINT `task_handovers_ibfk_2` FOREIGN KEY (`work_order_id`) REFERENCES `work_orders` (`id`),
  CONSTRAINT `task_handovers_ibfk_3` FOREIGN KEY (`from_technician_id`) REFERENCES `personnel` (`id`),
  CONSTRAINT `task_handovers_ibfk_4` FOREIGN KEY (`to_technician_id`) REFERENCES `personnel` (`id`),
  CONSTRAINT `task_handovers_ibfk_5` FOREIGN KEY (`from_shift_id`) REFERENCES `shifts` (`id`),
  CONSTRAINT `task_handovers_ibfk_6` FOREIGN KEY (`to_shift_id`) REFERENCES `shifts` (`id`)
) ENGINE=InnoDB DEFAULT CHARSET=utf8mb4 COLLATE=utf8mb4_unicode_ci;
/*!40101 SET character_set_client = @saved_cs_client */;

--
-- Dumping data for table `task_handovers`
--

LOCK TABLES `task_handovers` WRITE;
/*!40000 ALTER TABLE `task_handovers` DISABLE KEYS */;
/*!40000 ALTER TABLE `task_handovers` ENABLE KEYS */;
UNLOCK TABLES;

--
-- Table structure for table `testing_source_categories`
--

DROP TABLE IF EXISTS `testing_source_categories`;
/*!40101 SET @saved_cs_client     = @@character_set_client */;
/*!40101 SET character_set_client = utf8 */;
CREATE TABLE `testing_source_categories` (
  `id` int NOT NULL AUTO_INCREMENT,
  `name` varchar(100) COLLATE utf8mb4_unicode_ci NOT NULL,
  `code` varchar(50) COLLATE utf8mb4_unicode_ci NOT NULL,
  `priority_weight` int DEFAULT NULL,
  `display_order` int DEFAULT NULL,
  `description` text COLLATE utf8mb4_unicode_ci,
  `color` varchar(20) COLLATE utf8mb4_unicode_ci DEFAULT NULL,
  `is_active` tinyint(1) DEFAULT NULL,
  `is_default` tinyint(1) DEFAULT NULL,
  `created_at` datetime DEFAULT NULL,
  `updated_at` datetime DEFAULT NULL,
  PRIMARY KEY (`id`),
  UNIQUE KEY `code` (`code`),
  KEY `ix_testing_source_categories_id` (`id`),
  KEY `ix_testing_source_categories_name` (`name`)
) ENGINE=InnoDB DEFAULT CHARSET=utf8mb4 COLLATE=utf8mb4_unicode_ci;
/*!40101 SET character_set_client = @saved_cs_client */;

--
-- Dumping data for table `testing_source_categories`
--

LOCK TABLES `testing_source_categories` WRITE;
/*!40000 ALTER TABLE `testing_source_categories` DISABLE KEYS */;
/*!40000 ALTER TABLE `testing_source_categories` ENABLE KEYS */;
UNLOCK TABLES;

--
-- Table structure for table `users`
--

DROP TABLE IF EXISTS `users`;
/*!40101 SET @saved_cs_client     = @@character_set_client */;
/*!40101 SET character_set_client = utf8 */;
CREATE TABLE `users` (
  `id` int NOT NULL AUTO_INCREMENT,
  `username` varchar(50) COLLATE utf8mb4_unicode_ci NOT NULL,
  `email` varchar(255) COLLATE utf8mb4_unicode_ci NOT NULL,
  `hashed_password` varchar(255) COLLATE utf8mb4_unicode_ci NOT NULL,
  `full_name` varchar(100) COLLATE utf8mb4_unicode_ci DEFAULT NULL,
  `role` enum('ADMIN','MANAGER','ENGINEER','TECHNICIAN','VIEWER') COLLATE utf8mb4_unicode_ci NOT NULL,
  `primary_laboratory_id` int DEFAULT NULL,
  `primary_site_id` int DEFAULT NULL,
  `is_active` tinyint(1) DEFAULT NULL,
  `is_superuser` tinyint(1) DEFAULT NULL,
  `created_at` datetime DEFAULT NULL,
  `updated_at` datetime DEFAULT NULL,
  `last_login` datetime DEFAULT NULL,
  PRIMARY KEY (`id`),
  UNIQUE KEY `ix_users_email` (`email`),
  UNIQUE KEY `ix_users_username` (`username`),
  KEY `primary_laboratory_id` (`primary_laboratory_id`),
  KEY `primary_site_id` (`primary_site_id`),
  KEY `ix_users_id` (`id`),
  CONSTRAINT `users_ibfk_1` FOREIGN KEY (`primary_laboratory_id`) REFERENCES `laboratories` (`id`),
  CONSTRAINT `users_ibfk_2` FOREIGN KEY (`primary_site_id`) REFERENCES `sites` (`id`)
) ENGINE=InnoDB AUTO_INCREMENT=35 DEFAULT CHARSET=utf8mb4 COLLATE=utf8mb4_unicode_ci;
/*!40101 SET character_set_client = @saved_cs_client */;

--
-- Dumping data for table `users`
--

LOCK TABLES `users` WRITE;
/*!40000 ALTER TABLE `users` DISABLE KEYS */;
INSERT INTO `users` VALUES (1,'admin','admin@lab.com','$2b$12$pd2aVy9QfXt3mFlwr8uQrOX6z1E2E7aB65B9qDnBsfJEWO2vsfK2m','系统管理员','ADMIN',NULL,NULL,1,0,'2026-02-01 23:42:09','2026-02-03 16:38:59','2026-02-03 16:38:59'),(2,'viewer','viewer@lab.com','$2b$12$Bxf2WroAw5DSJciyg2DQ8uJHrrEViPoFHa4LN1ZwzKG2wYaKYHME.','访客账户','VIEWER',NULL,NULL,1,0,'2026-02-01 23:42:09','2026-02-01 23:42:09',NULL),(3,'manager_sz_fa','manager_sz_fa@lab.com','$2b$12$azTXCScvN/f3r3ISDk3AlOVHv0EMCJdXx.AybHT8OPlIej36lWWXy','李磊','MANAGER',NULL,NULL,1,0,'2026-02-01 23:42:09','2026-02-01 23:42:09',NULL),(4,'engineer_sz_fa_1','engineer_sz_fa_1@lab.com','$2b$12$SjAmUpVjtnjKRiwr4n4N.OFNECBY.H4gA6JWfrxKPPIZWBHJh8GGW','朱洋','ENGINEER',NULL,NULL,1,0,'2026-02-01 23:42:09','2026-02-01 23:42:09',NULL),(5,'engineer_sz_fa_2','engineer_sz_fa_2@lab.com','$2b$12$EV..cnaP9B8qxAQ3AQSce.O7hLbWXPBGABlPdsMnBXA.atOeFG3DS','徐军','ENGINEER',NULL,NULL,1,0,'2026-02-01 23:42:09','2026-02-01 23:42:09',NULL),(6,'tech_sz_fa_1','tech_sz_fa_1@lab.com','$2b$12$3z7oMqG/l6FWei5UZlA46.XpmtoAmqXFpRgFNSAArAiA.yGv5P7ee','陈艳','TECHNICIAN',NULL,NULL,1,0,'2026-02-01 23:42:10','2026-02-01 23:42:10',NULL),(7,'tech_sz_fa_2','tech_sz_fa_2@lab.com','$2b$12$BJR9wDMybJOy9pj3bU4Q7Oqf1QkLbenc6PSOr1neML2TRN4JHPyAa','杨涛','TECHNICIAN',NULL,NULL,1,0,'2026-02-01 23:42:10','2026-02-01 23:42:10',NULL),(8,'tech_sz_fa_3','tech_sz_fa_3@lab.com','$2b$12$yQcy6oY/dW/GemNXKrb.U.yEL1WCGusSOXVzsJ/yOWLXopThzUDB6','郭艳','TECHNICIAN',NULL,NULL,1,0,'2026-02-01 23:42:10','2026-02-01 23:42:10',NULL),(9,'tech_sz_fa_4','tech_sz_fa_4@lab.com','$2b$12$3gWNsrfkyc5JDFrtzG.43Oy7XVMfMrLJxFvmqB6bM7E9AMjW1oPzG','马华','TECHNICIAN',NULL,NULL,1,0,'2026-02-01 23:42:10','2026-02-01 23:42:10',NULL),(10,'tech_sz_fa_5','tech_sz_fa_5@lab.com','$2b$12$UFtJD0QmJuvCIpVVWfdDE.yVdfU8mJ0OAGZ3wbRIqQjNcVNveaSyW','孙芳','TECHNICIAN',NULL,NULL,1,0,'2026-02-01 23:42:11','2026-02-01 23:42:11',NULL),(11,'manager_sz_rel','manager_sz_rel@lab.com','$2b$12$VOEtyvk/9oXvGYr9jjbemOU6dvtLKMSXON/epWk/p/xPN0kQ7fkmK','徐芳','MANAGER',NULL,NULL,1,0,'2026-02-01 23:42:11','2026-02-01 23:42:11',NULL),(12,'engineer_sz_rel_1','engineer_sz_rel_1@lab.com','$2b$12$5igCLnNHyovCPNrBxF8U.uCCuSWNIMC1ViqoqZs2wwbudXojkslQS','马军','ENGINEER',NULL,NULL,1,0,'2026-02-01 23:42:11','2026-02-01 23:42:11',NULL),(13,'engineer_sz_rel_2','engineer_sz_rel_2@lab.com','$2b$12$EbExMt3pAr.F7Ihiy/cc8eAzeXSxJGxD/3jlFLVMuOIILTKN9oY9K','赵华','ENGINEER',NULL,NULL,1,0,'2026-02-01 23:42:11','2026-02-01 23:42:11',NULL),(14,'tech_sz_rel_1','tech_sz_rel_1@lab.com','$2b$12$cysntZXh2LNTImczOXuusuy6q9dEYzXNF/DA/gEjtmflYMRhixWlG','李华','TECHNICIAN',NULL,NULL,1,0,'2026-02-01 23:42:11','2026-02-01 23:42:11',NULL),(15,'tech_sz_rel_2','tech_sz_rel_2@lab.com','$2b$12$ShAVM.l9AbCofe3c3C7RDe28WmYSI7sHLUhhasG8AE6ccDnH7KLr.','罗超','TECHNICIAN',NULL,NULL,1,0,'2026-02-01 23:42:12','2026-02-01 23:42:12',NULL),(16,'tech_sz_rel_3','tech_sz_rel_3@lab.com','$2b$12$nn.a5Fl0EdinPxjZ/UAGXuQl1EipZz16LWbUltcBebGw3FHobhPAq','杨平','TECHNICIAN',NULL,NULL,1,0,'2026-02-01 23:42:12','2026-02-01 23:42:12',NULL),(17,'tech_sz_rel_4','tech_sz_rel_4@lab.com','$2b$12$9khPQxJka0/A01.XZhSudOLbadIPVUB9Y9Mh1Gu0llKiixax2DLyC','何平','TECHNICIAN',NULL,NULL,1,0,'2026-02-01 23:42:12','2026-02-01 23:42:12',NULL),(18,'tech_sz_rel_5','tech_sz_rel_5@lab.com','$2b$12$.3oiuOtiPIkzLv0JPphOyeKMgre.5L9rN6D3w1J3.7tuZYiQ/ETgy','吴磊','TECHNICIAN',NULL,NULL,1,0,'2026-02-01 23:42:12','2026-02-01 23:42:12',NULL),(19,'manager_sh_fa','manager_sh_fa@lab.com','$2b$12$TgAVgywF0SyImqq.80hIH.EVm5PkxOMlOeuKMFBZeQ4XmqgAVYx7a','林娜','MANAGER',NULL,NULL,1,0,'2026-02-01 23:42:13','2026-02-01 23:42:13',NULL),(20,'engineer_sh_fa_1','engineer_sh_fa_1@lab.com','$2b$12$oC0BrzrjcGkWQFx7PilOWO9fO1nCfa47SWmQOH/YMxdQMQadCdzfO','徐静','ENGINEER',NULL,NULL,1,0,'2026-02-01 23:42:13','2026-02-01 23:42:13',NULL),(21,'engineer_sh_fa_2','engineer_sh_fa_2@lab.com','$2b$12$BQPjVemZAI89LKCUcEqqO.5L1fx5h2JJjhizi7x8/tgIpwf/FEDRW','何伟','ENGINEER',NULL,NULL,1,0,'2026-02-01 23:42:13','2026-02-01 23:42:13',NULL),(22,'tech_sh_fa_1','tech_sh_fa_1@lab.com','$2b$12$WgXaEGS5nvZvIvHVlqdVRe9mRRfKOwqGAUdzj7.QlYAc0iTsEGmmW','黄超','TECHNICIAN',NULL,NULL,1,0,'2026-02-01 23:42:13','2026-02-01 23:42:13',NULL),(23,'tech_sh_fa_2','tech_sh_fa_2@lab.com','$2b$12$QvRF.3ZoDnxuXe5y4pbJrO2K7.mksEibWV4xV95GtAqmUlte.XeUG','罗娜','TECHNICIAN',NULL,NULL,1,0,'2026-02-01 23:42:13','2026-02-01 23:42:13',NULL),(24,'tech_sh_fa_3','tech_sh_fa_3@lab.com','$2b$12$O93qhnAZoIyCZBV3WkDB2ufiUiFtKB5Y9WKX6QjqYMWldL6xwwUb2','林芳','TECHNICIAN',NULL,NULL,1,0,'2026-02-01 23:42:14','2026-02-01 23:42:14',NULL),(25,'tech_sh_fa_4','tech_sh_fa_4@lab.com','$2b$12$l5E.fcGjXAkYGyuTD9agyuO9l7FEh6ovJnsdyZ218D3RyLSsGIPw2','胡平','TECHNICIAN',NULL,NULL,1,0,'2026-02-01 23:42:14','2026-02-01 23:42:14',NULL),(26,'tech_sh_fa_5','tech_sh_fa_5@lab.com','$2b$12$t47MXpN/w/GDFphhkw85MO1HF0KNUHVj9vJIef0z4xuZfFmSi7jZ2','陈平','TECHNICIAN',NULL,NULL,1,0,'2026-02-01 23:42:14','2026-02-01 23:42:14',NULL),(27,'manager_sh_rel','manager_sh_rel@lab.com','$2b$12$q8agaewyzbdvqJzMsuUCNOUe142Yfhey.aoXAPtwCslSH.r/I4jVK','罗涛','MANAGER',NULL,NULL,1,0,'2026-02-01 23:42:14','2026-02-01 23:42:14',NULL),(28,'engineer_sh_rel_1','engineer_sh_rel_1@lab.com','$2b$12$oIw9rbsNB4/0aKX6klO04eZe1yOQZvIVNO.UdIgL4L6QTGBuBtq0C','周刚','ENGINEER',NULL,NULL,1,0,'2026-02-01 23:42:14','2026-02-01 23:42:14',NULL),(29,'engineer_sh_rel_2','engineer_sh_rel_2@lab.com','$2b$12$2yI435W2KvRGH.cPK/GN5uSd8R9kWgQoOgjaJOn0xSi4bupub7iZO','刘娜','ENGINEER',NULL,NULL,1,0,'2026-02-01 23:42:15','2026-02-01 23:42:15',NULL),(30,'tech_sh_rel_1','tech_sh_rel_1@lab.com','$2b$12$wWkWdieKWXt9ZI46TbNs9OSQ0TtkP5Xw5yJTPoO0BQJWxk8dU8AVq','杨洋','TECHNICIAN',NULL,NULL,1,0,'2026-02-01 23:42:15','2026-02-01 23:42:15',NULL),(31,'tech_sh_rel_2','tech_sh_rel_2@lab.com','$2b$12$QAuwHoG3CXViCugg5EODB.iPF2rSloKqG/A.5yvomXa0h4MUM0.Xi','孙敏','TECHNICIAN',NULL,NULL,1,0,'2026-02-01 23:42:15','2026-02-01 23:42:15',NULL),(32,'tech_sh_rel_3','tech_sh_rel_3@lab.com','$2b$12$DxZ7XfL0hvciysh0ZXAi1OKpGNGY7gOJ/DX1HQ42q/NiYC6gHCJMG','赵丽','TECHNICIAN',NULL,NULL,1,0,'2026-02-01 23:42:15','2026-02-01 23:42:15',NULL),(33,'tech_sh_rel_4','tech_sh_rel_4@lab.com','$2b$12$qu1S6wvXl1hRz5aN9eWRquIxqS3gjbaRfJKsJHbmMzfXW7sp16BOe','胡娜','TECHNICIAN',NULL,NULL,1,0,'2026-02-01 23:42:16','2026-02-01 23:42:16',NULL),(34,'tech_sh_rel_5','tech_sh_rel_5@lab.com','$2b$12$sQIDjySHGDsOqQuMFegfPe05E5uyQhx6SzB75If2M9qbvR4Sk87we','赵强','TECHNICIAN',NULL,NULL,1,0,'2026-02-01 23:42:16','2026-02-01 23:42:16',NULL);
/*!40000 ALTER TABLE `users` ENABLE KEYS */;
UNLOCK TABLES;

--
-- Table structure for table `work_order_tasks`
--

DROP TABLE IF EXISTS `work_order_tasks`;
/*!40101 SET @saved_cs_client     = @@character_set_client */;
/*!40101 SET character_set_client = utf8 */;
CREATE TABLE `work_order_tasks` (
  `id` int NOT NULL AUTO_INCREMENT,
  `work_order_id` int NOT NULL,
  `task_number` varchar(20) COLLATE utf8mb4_unicode_ci NOT NULL,
  `title` varchar(200) COLLATE utf8mb4_unicode_ci NOT NULL,
  `description` text COLLATE utf8mb4_unicode_ci,
  `sequence` int DEFAULT NULL,
  `method_id` int DEFAULT NULL,
  `assigned_technician_id` int DEFAULT NULL,
  `required_equipment_id` int DEFAULT NULL,
  `scheduled_equipment_id` int DEFAULT NULL,
  `required_capacity` int DEFAULT NULL,
  `status` enum('PENDING','ASSIGNED','IN_PROGRESS','COMPLETED','BLOCKED','CANCELLED') COLLATE utf8mb4_unicode_ci NOT NULL,
  `standard_cycle_hours` float DEFAULT NULL,
  `actual_cycle_hours` float DEFAULT NULL,
  `created_at` datetime DEFAULT NULL,
  `updated_at` datetime DEFAULT NULL,
  `assigned_at` datetime DEFAULT NULL,
  `started_at` datetime DEFAULT NULL,
  `completed_at` datetime DEFAULT NULL,
  `notes` text COLLATE utf8mb4_unicode_ci,
  `results` text COLLATE utf8mb4_unicode_ci,
  PRIMARY KEY (`id`),
  KEY `work_order_id` (`work_order_id`),
  KEY `method_id` (`method_id`),
  KEY `assigned_technician_id` (`assigned_technician_id`),
  KEY `required_equipment_id` (`required_equipment_id`),
  KEY `scheduled_equipment_id` (`scheduled_equipment_id`),
  KEY `ix_work_order_tasks_status` (`status`),
  KEY `ix_work_order_tasks_id` (`id`),
  CONSTRAINT `work_order_tasks_ibfk_1` FOREIGN KEY (`work_order_id`) REFERENCES `work_orders` (`id`),
  CONSTRAINT `work_order_tasks_ibfk_2` FOREIGN KEY (`method_id`) REFERENCES `methods` (`id`),
  CONSTRAINT `work_order_tasks_ibfk_3` FOREIGN KEY (`assigned_technician_id`) REFERENCES `personnel` (`id`),
  CONSTRAINT `work_order_tasks_ibfk_4` FOREIGN KEY (`required_equipment_id`) REFERENCES `equipment` (`id`),
  CONSTRAINT `work_order_tasks_ibfk_5` FOREIGN KEY (`scheduled_equipment_id`) REFERENCES `equipment` (`id`)
) ENGINE=InnoDB AUTO_INCREMENT=801 DEFAULT CHARSET=utf8mb4 COLLATE=utf8mb4_unicode_ci;
/*!40101 SET character_set_client = @saved_cs_client */;

--
-- Dumping data for table `work_order_tasks`
--

LOCK TABLES `work_order_tasks` WRITE;
/*!40000 ALTER TABLE `work_order_tasks` DISABLE KEYS */;
INSERT INTO `work_order_tasks` VALUES (1,1,'T001','样品接收登记','长电科技股份-上海测试测试-001 - 样品接收登记',1,NULL,24,298,298,NULL,'COMPLETED',1,0.933608,'2026-02-01 23:42:16','2026-02-01 23:42:16','2026-01-02 03:00:00','2026-01-02 03:45:00','2026-01-02 04:54:00',NULL,NULL),(2,1,'T002','外观检查','长电科技股份-上海测试测试-001 - 外观检查',2,NULL,23,233,233,NULL,'COMPLETED',1,0.866878,'2026-02-01 23:42:16','2026-02-01 23:42:16','2026-01-02 05:29:00','2026-01-02 06:20:00','2026-01-02 07:18:36',NULL,NULL),(3,1,'T003','X射线检测','长电科技股份-上海测试测试-001 - X射线检测',3,NULL,21,225,225,NULL,'COMPLETED',2,1.78024,'2026-02-01 23:42:16','2026-02-01 23:42:16','2026-01-02 08:41:36','2026-01-02 09:07:36','2026-01-02 11:12:10',NULL,NULL),(4,1,'T004','开封处理','长电科技股份-上海测试测试-001 - 开封处理',4,NULL,23,290,290,NULL,'COMPLETED',4,3.99996,'2026-02-01 23:42:16','2026-02-01 23:42:16','2026-01-02 12:32:10','2026-01-02 13:04:10','2026-01-02 16:27:57',NULL,NULL),(5,1,'T005','SEM分析','长电科技股份-上海测试测试-001 - SEM分析',5,NULL,23,206,206,NULL,'COMPLETED',3,3.14188,'2026-02-01 23:42:16','2026-02-01 23:42:16','2026-01-02 17:41:57','2026-01-02 18:38:57','2026-01-02 21:26:47',NULL,NULL),(6,1,'T006','横截面制备','长电科技股份-上海测试测试-001 - 横截面制备',6,NULL,24,290,290,NULL,'COMPLETED',6,6.47213,'2026-02-01 23:42:16','2026-02-01 23:42:16','2026-01-02 22:40:47','2026-01-02 23:11:47','2026-01-03 05:34:48',NULL,NULL),(7,1,'T007','失效定位','长电科技股份-上海测试测试-001 - 失效定位',7,NULL,21,213,213,NULL,'COMPLETED',4,4.21518,'2026-02-01 23:42:16','2026-02-01 23:42:16','2026-01-03 06:57:48','2026-01-03 07:56:48','2026-01-03 12:27:15',NULL,NULL),(8,1,'T008','报告编写','长电科技股份-上海测试测试-001 - 报告编写',8,NULL,22,NULL,NULL,NULL,'COMPLETED',2,2.2468,'2026-02-01 23:42:16','2026-02-01 23:42:16','2026-01-03 13:26:15','2026-01-03 14:24:15','2026-01-03 16:15:38',NULL,NULL),(9,2,'T001','样品接收登记','华为技术有限公司-上海测试测试-002 - 样品接收登记',1,NULL,24,291,291,NULL,'COMPLETED',1,0.850415,'2026-02-01 23:42:16','2026-02-01 23:42:16','2026-01-02 18:00:00','2026-01-02 18:25:00','2026-01-02 19:20:13',NULL,NULL),(10,2,'T002','外观检查','华为技术有限公司-上海测试测试-002 - 外观检查',2,NULL,21,233,233,NULL,'COMPLETED',1,1.08265,'2026-02-01 23:42:16','2026-02-01 23:42:16','2026-01-02 21:16:13','2026-01-02 21:53:13','2026-01-02 22:42:01',NULL,NULL),(11,2,'T003','X射线检测','华为技术有限公司-上海测试测试-002 - X射线检测',3,NULL,24,227,227,NULL,'COMPLETED',2,1.70646,'2026-02-01 23:42:16','2026-02-01 23:42:16','2026-01-03 00:05:01','2026-01-03 00:43:01','2026-01-03 02:19:35',NULL,NULL),(12,2,'T004','开封处理','华为技术有限公司-上海测试测试-002 - 开封处理',4,NULL,21,272,272,NULL,'COMPLETED',4,4.47957,'2026-02-01 23:42:16','2026-02-01 23:42:16','2026-01-03 03:27:35','2026-01-03 04:05:35','2026-01-03 07:55:38',NULL,NULL),(13,2,'T005','SEM分析','华为技术有限公司-上海测试测试-002 - SEM分析',5,NULL,20,218,218,NULL,'COMPLETED',3,2.56407,'2026-02-01 23:42:16','2026-02-01 23:42:16','2026-01-03 09:02:38','2026-01-03 09:48:38','2026-01-03 12:39:11',NULL,NULL),(14,2,'T006','横截面制备','华为技术有限公司-上海测试测试-002 - 横截面制备',6,NULL,23,274,274,NULL,'COMPLETED',6,5.91205,'2026-02-01 23:42:16','2026-02-01 23:42:16','2026-01-03 13:33:11','2026-01-03 13:46:11','2026-01-03 20:01:22',NULL,NULL),(15,2,'T007','失效定位','华为技术有限公司-上海测试测试-002 - 失效定位',7,NULL,23,221,221,NULL,'COMPLETED',4,3.45878,'2026-02-01 23:42:16','2026-02-01 23:42:16','2026-01-03 21:29:22','2026-01-03 22:01:22','2026-01-04 01:42:15',NULL,NULL),(16,2,'T008','报告编写','华为技术有限公司-上海测试测试-002 - 报告编写',8,NULL,21,NULL,NULL,NULL,'COMPLETED',2,1.9706,'2026-02-01 23:42:16','2026-02-01 23:42:16','2026-01-04 02:53:15','2026-01-04 03:25:15','2026-01-04 05:25:37',NULL,NULL),(17,3,'T001','样品接收登记','华为技术有限公司-深圳研发测试-003 - 样品接收登记',1,NULL,6,97,97,NULL,'COMPLETED',1,0.983621,'2026-02-01 23:42:16','2026-02-01 23:42:16','2026-01-02 17:00:00','2026-01-02 17:21:00','2026-01-02 18:12:09',NULL,NULL),(18,3,'T002','外观检查','华为技术有限公司-深圳研发测试-003 - 外观检查',2,NULL,5,41,41,NULL,'COMPLETED',1,1.1447,'2026-02-01 23:42:16','2026-02-01 23:42:16','2026-01-02 19:55:09','2026-01-02 20:21:09','2026-01-02 21:29:58',NULL,NULL),(19,3,'T003','X射线检测','华为技术有限公司-深圳研发测试-003 - X射线检测',3,NULL,4,14,14,NULL,'COMPLETED',2,2.03075,'2026-02-01 23:42:16','2026-02-01 23:42:16','2026-01-02 22:49:58','2026-01-02 23:11:58','2026-01-03 01:13:13',NULL,NULL),(20,3,'T004','开封处理','华为技术有限公司-深圳研发测试-003 - 开封处理',4,NULL,6,79,79,NULL,'COMPLETED',4,3.8829,'2026-02-01 23:42:16','2026-02-01 23:42:16','2026-01-03 02:05:13','2026-01-03 03:01:13','2026-01-03 07:18:41',NULL,NULL),(21,3,'T005','SEM分析','华为技术有限公司-深圳研发测试-003 - SEM分析',5,NULL,5,29,29,NULL,'COMPLETED',3,2.7919,'2026-02-01 23:42:16','2026-02-01 23:42:16','2026-01-03 08:39:41','2026-01-03 08:54:41','2026-01-03 12:01:59',NULL,NULL),(22,3,'T006','横截面制备','华为技术有限公司-深圳研发测试-003 - 横截面制备',6,NULL,6,78,78,NULL,'COMPLETED',6,5.59171,'2026-02-01 23:42:16','2026-02-01 23:42:16','2026-01-03 12:58:59','2026-01-03 13:21:59','2026-01-03 19:01:17',NULL,NULL),(23,3,'T007','失效定位','华为技术有限公司-深圳研发测试-003 - 失效定位',7,NULL,5,23,23,NULL,'COMPLETED',4,3.69698,'2026-02-01 23:42:16','2026-02-01 23:42:16','2026-01-03 20:45:17','2026-01-03 21:17:17','2026-01-04 00:47:35',NULL,NULL),(24,3,'T008','报告编写','华为技术有限公司-深圳研发测试-003 - 报告编写',8,NULL,6,NULL,NULL,NULL,'COMPLETED',2,2.01627,'2026-02-01 23:42:16','2026-02-01 23:42:16','2026-01-04 02:11:35','2026-01-04 02:47:35','2026-01-04 04:34:38',NULL,NULL),(25,4,'T001','样品接收登记','中芯国际集成电路-上海测试测试-004 - 样品接收登记',1,NULL,20,291,291,NULL,'COMPLETED',1,0.850307,'2026-02-01 23:42:16','2026-02-01 23:42:16','2026-01-02 03:00:00','2026-01-02 03:41:00','2026-01-02 04:46:18',NULL,NULL),(26,4,'T002','外观检查','中芯国际集成电路-上海测试测试-004 - 外观检查',2,NULL,20,240,240,NULL,'COMPLETED',1,1.02396,'2026-02-01 23:42:16','2026-02-01 23:42:16','2026-01-02 06:26:18','2026-01-02 06:53:18','2026-01-02 07:56:47',NULL,NULL),(27,4,'T003','X射线检测','中芯国际集成电路-上海测试测试-004 - X射线检测',3,NULL,21,214,214,NULL,'COMPLETED',2,1.7276,'2026-02-01 23:42:16','2026-02-01 23:42:16','2026-01-02 08:32:47','2026-01-02 09:01:47','2026-01-02 10:44:06',NULL,NULL),(28,4,'T004','开封处理','中芯国际集成电路-上海测试测试-004 - 开封处理',4,NULL,22,274,274,NULL,'COMPLETED',4,4.4562,'2026-02-01 23:42:16','2026-02-01 23:42:16','2026-01-02 11:53:06','2026-01-02 12:18:06','2026-01-02 15:35:04',NULL,NULL),(29,4,'T005','SEM分析','中芯国际集成电路-上海测试测试-004 - SEM分析',5,NULL,24,224,224,NULL,'COMPLETED',3,3.00749,'2026-02-01 23:42:16','2026-02-01 23:42:16','2026-01-02 17:32:04','2026-01-02 17:46:04','2026-01-02 20:38:19',NULL,NULL),(30,4,'T006','横截面制备','中芯国际集成电路-上海测试测试-004 - 横截面制备',6,NULL,23,278,278,NULL,'COMPLETED',6,6.32268,'2026-02-01 23:42:16','2026-02-01 23:42:16','2026-01-02 21:38:19','2026-01-02 22:33:19','2026-01-03 05:14:16',NULL,NULL),(31,4,'T007','失效定位','中芯国际集成电路-上海测试测试-004 - 失效定位',7,NULL,20,224,224,NULL,'COMPLETED',4,4.4589,'2026-02-01 23:42:16','2026-02-01 23:42:16','2026-01-03 06:04:16','2026-01-03 06:54:16','2026-01-03 10:13:10',NULL,NULL),(32,4,'T008','报告编写','中芯国际集成电路-上海测试测试-004 - 报告编写',8,NULL,20,NULL,NULL,NULL,'COMPLETED',2,1.84236,'2026-02-01 23:42:16','2026-02-01 23:42:16','2026-01-03 11:30:10','2026-01-03 12:29:10','2026-01-03 14:15:42',NULL,NULL),(33,5,'T001','样品接收登记','中芯国际集成电路-深圳研发测试-005 - 样品接收登记',1,NULL,6,97,97,NULL,'COMPLETED',1,1.10194,'2026-02-01 23:42:16','2026-02-01 23:42:16','2026-01-03 10:00:00','2026-01-03 10:29:00','2026-01-03 11:17:11',NULL,NULL),(34,5,'T002','外观检查','中芯国际集成电路-深圳研发测试-005 - 外观检查',2,NULL,5,42,42,NULL,'COMPLETED',1,1.07348,'2026-02-01 23:42:16','2026-02-01 23:42:16','2026-01-03 12:57:11','2026-01-03 13:18:11','2026-01-03 14:08:21',NULL,NULL),(35,5,'T003','X射线检测','中芯国际集成电路-深圳研发测试-005 - X射线检测',3,NULL,7,12,12,NULL,'COMPLETED',2,2.26216,'2026-02-01 23:42:16','2026-02-01 23:42:16','2026-01-03 15:44:21','2026-01-03 16:33:21','2026-01-03 18:35:51',NULL,NULL),(36,5,'T004','开封处理','中芯国际集成电路-深圳研发测试-005 - 开封处理',4,NULL,6,74,74,NULL,'COMPLETED',4,3.95171,'2026-02-01 23:42:16','2026-02-01 23:42:16','2026-01-03 20:09:51','2026-01-03 20:53:51','2026-01-04 00:11:14',NULL,NULL),(37,5,'T005','SEM分析','中芯国际集成电路-深圳研发测试-005 - SEM分析',5,NULL,8,26,26,NULL,'COMPLETED',3,2.99275,'2026-02-01 23:42:16','2026-02-01 23:42:16','2026-01-04 01:24:14','2026-01-04 02:20:14','2026-01-04 04:47:13',NULL,NULL),(38,5,'T006','横截面制备','中芯国际集成电路-深圳研发测试-005 - 横截面制备',6,NULL,8,72,72,NULL,'COMPLETED',6,5.40261,'2026-02-01 23:42:16','2026-02-01 23:42:16','2026-01-04 05:28:13','2026-01-04 06:09:13','2026-01-04 13:20:45',NULL,NULL),(39,5,'T007','失效定位','中芯国际集成电路-深圳研发测试-005 - 失效定位',7,NULL,5,23,23,NULL,'COMPLETED',4,4.222,'2026-02-01 23:42:16','2026-02-01 23:42:16','2026-01-04 14:47:45','2026-01-04 15:36:45','2026-01-04 19:30:41',NULL,NULL),(40,5,'T008','报告编写','中芯国际集成电路-深圳研发测试-005 - 报告编写',8,NULL,4,NULL,NULL,NULL,'COMPLETED',2,2.18647,'2026-02-01 23:42:16','2026-02-01 23:42:16','2026-01-04 20:08:41','2026-01-04 20:48:41','2026-01-04 22:56:56',NULL,NULL),(41,6,'T001','样品接收登记','紫光展锐-上海测试测试-006 - 样品接收登记',1,NULL,20,291,291,NULL,'COMPLETED',1,0.911308,'2026-02-01 23:42:16','2026-02-01 23:42:16','2026-01-03 03:00:00','2026-01-03 03:15:00','2026-01-03 04:16:47',NULL,NULL),(42,6,'T002','外观检查','紫光展锐-上海测试测试-006 - 外观检查',2,NULL,23,250,250,NULL,'COMPLETED',1,1.00413,'2026-02-01 23:42:16','2026-02-01 23:42:16','2026-01-03 05:58:47','2026-01-03 06:20:47','2026-01-03 07:30:14',NULL,NULL),(43,6,'T003','X射线检测','紫光展锐-上海测试测试-006 - X射线检测',3,NULL,20,223,223,NULL,'COMPLETED',2,1.74818,'2026-02-01 23:42:16','2026-02-01 23:42:16','2026-01-03 09:16:14','2026-01-03 09:55:14','2026-01-03 11:44:30',NULL,NULL),(44,6,'T004','开封处理','紫光展锐-上海测试测试-006 - 开封处理',4,NULL,21,280,280,NULL,'COMPLETED',4,3.85418,'2026-02-01 23:42:16','2026-02-01 23:42:16','2026-01-03 13:39:30','2026-01-03 13:53:30','2026-01-03 17:49:32',NULL,NULL),(45,6,'T005','SEM分析','紫光展锐-上海测试测试-006 - SEM分析',5,NULL,21,205,205,NULL,'COMPLETED',3,3.41973,'2026-02-01 23:42:16','2026-02-01 23:42:16','2026-01-03 19:48:32','2026-01-03 20:05:32','2026-01-03 23:18:58',NULL,NULL),(46,6,'T006','横截面制备','紫光展锐-上海测试测试-006 - 横截面制备',6,NULL,21,285,285,NULL,'COMPLETED',6,5.57783,'2026-02-01 23:42:16','2026-02-01 23:42:16','2026-01-03 23:58:58','2026-01-04 00:10:58','2026-01-04 05:06:49',NULL,NULL),(47,6,'T007','失效定位','紫光展锐-上海测试测试-006 - 失效定位',7,NULL,23,217,217,NULL,'COMPLETED',4,4.05925,'2026-02-01 23:42:16','2026-02-01 23:42:16','2026-01-04 06:11:49','2026-01-04 06:51:49','2026-01-04 11:29:46',NULL,NULL),(48,6,'T008','报告编写','紫光展锐-上海测试测试-006 - 报告编写',8,NULL,20,NULL,NULL,NULL,'COMPLETED',2,2.03418,'2026-02-01 23:42:16','2026-02-01 23:42:16','2026-01-04 13:06:46','2026-01-04 13:22:46','2026-01-04 15:04:11',NULL,NULL),(49,7,'T001','样品接收登记','华为技术有限公司-深圳研发测试-007 - 样品接收登记',1,NULL,7,100,100,NULL,'COMPLETED',1,1.13464,'2026-02-01 23:42:16','2026-02-01 23:42:16','2026-01-03 14:00:00','2026-01-03 14:52:00','2026-01-03 15:48:46',NULL,NULL),(50,7,'T002','外观检查','华为技术有限公司-深圳研发测试-007 - 外观检查',2,NULL,6,31,31,NULL,'COMPLETED',1,0.897443,'2026-02-01 23:42:16','2026-02-01 23:42:16','2026-01-03 17:32:46','2026-01-03 18:32:46','2026-01-03 19:31:46',NULL,NULL),(51,7,'T003','X射线检测','华为技术有限公司-深圳研发测试-007 - X射线检测',3,NULL,8,3,3,NULL,'COMPLETED',2,2.02143,'2026-02-01 23:42:16','2026-02-01 23:42:16','2026-01-03 20:13:46','2026-01-03 20:36:46','2026-01-03 22:21:37',NULL,NULL),(52,7,'T004','开封处理','华为技术有限公司-深圳研发测试-007 - 开封处理',4,NULL,4,81,81,NULL,'COMPLETED',4,3.65181,'2026-02-01 23:42:16','2026-02-01 23:42:16','2026-01-03 22:57:37','2026-01-03 23:30:37','2026-01-04 03:40:56',NULL,NULL),(53,7,'T005','SEM分析','华为技术有限公司-深圳研发测试-007 - SEM分析',5,NULL,5,13,13,NULL,'COMPLETED',3,3.06548,'2026-02-01 23:42:16','2026-02-01 23:42:16','2026-01-04 04:18:56','2026-01-04 05:05:56','2026-01-04 08:13:43',NULL,NULL),(54,7,'T006','横截面制备','华为技术有限公司-深圳研发测试-007 - 横截面制备',6,NULL,8,76,76,NULL,'COMPLETED',6,5.31053,'2026-02-01 23:42:16','2026-02-01 23:42:16','2026-01-04 09:49:43','2026-01-04 10:34:43','2026-01-04 16:11:35',NULL,NULL),(55,7,'T007','失效定位','华为技术有限公司-深圳研发测试-007 - 失效定位',7,NULL,5,29,29,NULL,'COMPLETED',4,4.39774,'2026-02-01 23:42:16','2026-02-01 23:42:16','2026-01-04 17:18:35','2026-01-04 17:44:35','2026-01-04 22:16:28',NULL,NULL),(56,7,'T008','报告编写','华为技术有限公司-深圳研发测试-007 - 报告编写',8,NULL,8,NULL,NULL,NULL,'COMPLETED',2,2.19902,'2026-02-01 23:42:16','2026-02-01 23:42:16','2026-01-04 23:11:28','2026-01-04 23:57:28','2026-01-05 01:40:16',NULL,NULL),(57,8,'T001','样品准备编号','中芯国际集成电路-深圳研发测试-008 - 样品准备编号',1,NULL,15,NULL,NULL,NULL,'COMPLETED',2,1.77697,'2026-02-01 23:42:16','2026-02-01 23:42:16','2026-01-04 12:00:00','2026-01-04 12:14:00','2026-01-04 14:07:43',NULL,NULL),(58,8,'T002','初始电气测试','中芯国际集成电路-深圳研发测试-008 - 初始电气测试',2,NULL,15,192,192,NULL,'COMPLETED',4,3.42909,'2026-02-01 23:42:16','2026-02-01 23:42:16','2026-01-04 15:55:43','2026-01-04 16:42:43','2026-01-04 20:06:01',NULL,NULL),(59,8,'T003','环境应力测试','中芯国际集成电路-深圳研发测试-008 - 环境应力测试',3,NULL,13,129,129,NULL,'COMPLETED',168,169.359,'2026-02-01 23:42:16','2026-02-01 23:42:16','2026-01-04 22:05:01','2026-01-04 22:57:01','2026-01-12 02:17:45',NULL,NULL),(60,8,'T004','中间读数','中芯国际集成电路-深圳研发测试-008 - 中间读数',4,NULL,16,195,195,NULL,'COMPLETED',4,3.72031,'2026-02-01 23:42:16','2026-02-01 23:42:16','2026-01-12 02:51:45','2026-01-12 03:23:45','2026-01-12 08:06:28',NULL,NULL),(61,8,'T005','应力循环','中芯国际集成电路-深圳研发测试-008 - 应力循环',5,NULL,13,102,102,NULL,'COMPLETED',72,66.1223,'2026-02-01 23:42:16','2026-02-01 23:42:16','2026-01-12 10:00:28','2026-01-12 10:21:28','2026-01-15 00:42:27',NULL,NULL),(62,8,'T006','最终电气测试','中芯国际集成电路-深圳研发测试-008 - 最终电气测试',6,NULL,16,191,191,NULL,'COMPLETED',4,3.92107,'2026-02-01 23:42:16','2026-02-01 23:42:16','2026-01-15 01:17:27','2026-01-15 02:17:27','2026-01-15 05:31:07',NULL,NULL),(63,8,'T007','数据分析','中芯国际集成电路-深圳研发测试-008 - 数据分析',7,NULL,16,NULL,NULL,NULL,'COMPLETED',8,8.06377,'2026-02-01 23:42:16','2026-02-01 23:42:16','2026-01-15 06:37:07','2026-01-15 06:56:07','2026-01-15 14:35:16',NULL,NULL),(64,8,'T008','报告编写','中芯国际集成电路-深圳研发测试-008 - 报告编写',8,NULL,12,NULL,NULL,NULL,'COMPLETED',4,4.03736,'2026-02-01 23:42:16','2026-02-01 23:42:16','2026-01-15 15:14:16','2026-01-15 15:58:16','2026-01-15 19:37:55',NULL,NULL),(65,9,'T001','样品接收登记','紫光展锐-深圳研发测试-009 - 样品接收登记',1,NULL,8,91,91,NULL,'COMPLETED',1,1.1301,'2026-02-01 23:42:16','2026-02-01 23:42:16','2026-01-04 10:00:00','2026-01-04 10:20:00','2026-01-04 11:21:22',NULL,NULL),(66,9,'T002','外观检查','紫光展锐-深圳研发测试-009 - 外观检查',2,NULL,8,41,41,NULL,'COMPLETED',1,1.03995,'2026-02-01 23:42:16','2026-02-01 23:42:16','2026-01-04 13:05:22','2026-01-04 13:16:22','2026-01-04 14:18:20',NULL,NULL),(67,9,'T003','X射线检测','紫光展锐-深圳研发测试-009 - X射线检测',3,NULL,4,17,17,NULL,'COMPLETED',2,2.2587,'2026-02-01 23:42:16','2026-02-01 23:42:16','2026-01-04 15:03:20','2026-01-04 15:56:20','2026-01-04 17:49:03',NULL,NULL),(68,9,'T004','开封处理','紫光展锐-深圳研发测试-009 - 开封处理',4,NULL,7,89,89,NULL,'COMPLETED',4,4.27464,'2026-02-01 23:42:16','2026-02-01 23:42:16','2026-01-04 19:03:03','2026-01-04 19:43:03','2026-01-05 00:20:49',NULL,NULL),(69,9,'T005','SEM分析','紫光展锐-深圳研发测试-009 - SEM分析',5,NULL,8,7,7,NULL,'COMPLETED',3,2.7727,'2026-02-01 23:42:16','2026-02-01 23:42:16','2026-01-05 01:08:49','2026-01-05 01:42:49','2026-01-05 05:17:01',NULL,NULL),(70,9,'T006','横截面制备','紫光展锐-深圳研发测试-009 - 横截面制备',6,NULL,6,89,89,NULL,'COMPLETED',6,6.17047,'2026-02-01 23:42:16','2026-02-01 23:42:16','2026-01-05 07:00:01','2026-01-05 07:31:01','2026-01-05 12:50:20',NULL,NULL),(71,9,'T007','失效定位','紫光展锐-深圳研发测试-009 - 失效定位',7,NULL,5,17,17,NULL,'COMPLETED',4,4.0348,'2026-02-01 23:42:16','2026-02-01 23:42:16','2026-01-05 14:41:20','2026-01-05 15:40:20','2026-01-05 19:19:08',NULL,NULL),(72,9,'T008','报告编写','紫光展锐-深圳研发测试-009 - 报告编写',8,NULL,5,NULL,NULL,NULL,'COMPLETED',2,1.80553,'2026-02-01 23:42:16','2026-02-01 23:42:16','2026-01-05 20:39:08','2026-01-05 21:09:08','2026-01-05 22:49:55',NULL,NULL),(73,10,'T001','样品接收登记','紫光展锐-深圳研发测试-010 - 样品接收登记',1,NULL,5,98,98,NULL,'COMPLETED',1,1.04566,'2026-02-01 23:42:16','2026-02-01 23:42:16','2026-01-04 02:00:00','2026-01-04 02:54:00','2026-01-04 04:04:57',NULL,NULL),(74,10,'T002','外观检查','紫光展锐-深圳研发测试-010 - 外观检查',2,NULL,4,41,41,NULL,'COMPLETED',1,1.04276,'2026-02-01 23:42:16','2026-02-01 23:42:16','2026-01-04 05:24:57','2026-01-04 06:00:57','2026-01-04 07:07:42',NULL,NULL),(75,10,'T003','X射线检测','紫光展锐-深圳研发测试-010 - X射线检测',3,NULL,7,5,5,NULL,'COMPLETED',2,1.71726,'2026-02-01 23:42:16','2026-02-01 23:42:16','2026-01-04 08:48:42','2026-01-04 09:40:42','2026-01-04 11:29:30',NULL,NULL),(76,10,'T004','开封处理','紫光展锐-深圳研发测试-010 - 开封处理',4,NULL,7,90,90,NULL,'COMPLETED',4,4.27896,'2026-02-01 23:42:16','2026-02-01 23:42:16','2026-01-04 13:00:30','2026-01-04 13:24:30','2026-01-04 17:50:41',NULL,NULL),(77,10,'T005','SEM分析','紫光展锐-深圳研发测试-010 - SEM分析',5,NULL,5,17,17,NULL,'COMPLETED',3,3.16994,'2026-02-01 23:42:16','2026-02-01 23:42:16','2026-01-04 18:52:41','2026-01-04 19:15:41','2026-01-04 22:05:58',NULL,NULL),(78,10,'T006','横截面制备','紫光展锐-深圳研发测试-010 - 横截面制备',6,NULL,4,71,71,NULL,'COMPLETED',6,5.17134,'2026-02-01 23:42:16','2026-02-01 23:42:16','2026-01-05 00:04:58','2026-01-05 00:56:58','2026-01-05 07:34:59',NULL,NULL),(79,10,'T007','失效定位','紫光展锐-深圳研发测试-010 - 失效定位',7,NULL,5,10,10,NULL,'COMPLETED',4,4.58712,'2026-02-01 23:42:16','2026-02-01 23:42:16','2026-01-05 09:20:59','2026-01-05 10:20:59','2026-01-05 14:13:20',NULL,NULL),(80,10,'T008','报告编写','紫光展锐-深圳研发测试-010 - 报告编写',8,NULL,8,NULL,NULL,NULL,'COMPLETED',2,1.75958,'2026-02-01 23:42:16','2026-02-01 23:42:16','2026-01-05 15:13:20','2026-01-05 15:32:20','2026-01-05 17:52:29',NULL,NULL),(81,11,'T001','样品接收登记','通富微电子-深圳研发测试-011 - 样品接收登记',1,NULL,6,98,98,NULL,'COMPLETED',1,1.0467,'2026-02-01 23:42:16','2026-02-01 23:42:16','2026-01-05 18:00:00','2026-01-05 18:44:00','2026-01-05 19:45:50',NULL,NULL),(82,11,'T002','外观检查','通富微电子-深圳研发测试-011 - 外观检查',2,NULL,6,46,46,NULL,'COMPLETED',1,0.995519,'2026-02-01 23:42:16','2026-02-01 23:42:16','2026-01-05 20:21:50','2026-01-05 21:05:50','2026-01-05 21:55:17',NULL,NULL),(83,11,'T003','X射线检测','通富微电子-深圳研发测试-011 - X射线检测',3,NULL,6,16,16,NULL,'COMPLETED',2,1.73203,'2026-02-01 23:42:16','2026-02-01 23:42:16','2026-01-05 23:00:17','2026-01-05 23:34:17','2026-01-06 01:55:52',NULL,NULL),(84,11,'T004','开封处理','通富微电子-深圳研发测试-011 - 开封处理',4,NULL,7,88,88,NULL,'COMPLETED',4,4.3618,'2026-02-01 23:42:16','2026-02-01 23:42:16','2026-01-06 02:53:52','2026-01-06 03:12:52','2026-01-06 07:23:59',NULL,NULL),(85,11,'T005','SEM分析','通富微电子-深圳研发测试-011 - SEM分析',5,NULL,7,19,19,NULL,'COMPLETED',3,2.62033,'2026-02-01 23:42:16','2026-02-01 23:42:16','2026-01-06 08:20:59','2026-01-06 09:06:59','2026-01-06 12:37:26',NULL,NULL),(86,11,'T006','横截面制备','通富微电子-深圳研发测试-011 - 横截面制备',6,NULL,5,71,71,NULL,'COMPLETED',6,6.52604,'2026-02-01 23:42:16','2026-02-01 23:42:16','2026-01-06 14:30:26','2026-01-06 14:50:26','2026-01-06 21:24:28',NULL,NULL),(87,11,'T007','失效定位','通富微电子-深圳研发测试-011 - 失效定位',7,NULL,5,1,1,NULL,'COMPLETED',4,3.66308,'2026-02-01 23:42:16','2026-02-01 23:42:16','2026-01-06 22:59:28','2026-01-06 23:30:28','2026-01-07 03:34:57',NULL,NULL),(88,11,'T008','报告编写','通富微电子-深圳研发测试-011 - 报告编写',8,NULL,8,NULL,NULL,NULL,'COMPLETED',2,1.91595,'2026-02-01 23:42:16','2026-02-01 23:42:16','2026-01-07 04:17:57','2026-01-07 04:58:57','2026-01-07 06:41:33',NULL,NULL),(89,12,'T001','样品准备编号','长电科技股份-上海测试测试-012 - 样品准备编号',1,NULL,29,NULL,NULL,NULL,'COMPLETED',2,1.70871,'2026-02-01 23:42:16','2026-02-01 23:42:16','2026-01-05 08:00:00','2026-01-05 08:22:00','2026-01-05 10:14:13',NULL,NULL),(90,12,'T002','初始电气测试','长电科技股份-上海测试测试-012 - 初始电气测试',2,NULL,29,396,396,NULL,'COMPLETED',4,3.51641,'2026-02-01 23:42:16','2026-02-01 23:42:16','2026-01-05 10:44:13','2026-01-05 11:40:13','2026-01-05 15:24:44',NULL,NULL),(91,12,'T003','环境应力测试','长电科技股份-上海测试测试-012 - 环境应力测试',3,NULL,30,326,326,NULL,'COMPLETED',168,164.039,'2026-02-01 23:42:16','2026-02-01 23:42:16','2026-01-05 16:20:44','2026-01-05 17:13:44','2026-01-11 08:34:47',NULL,NULL),(92,12,'T004','中间读数','长电科技股份-上海测试测试-012 - 中间读数',4,NULL,32,393,393,NULL,'COMPLETED',4,3.53519,'2026-02-01 23:42:16','2026-02-01 23:42:16','2026-01-11 10:11:47','2026-01-11 10:33:47','2026-01-11 14:35:40',NULL,NULL),(93,12,'T005','应力循环','长电科技股份-上海测试测试-012 - 应力循环',5,NULL,28,308,308,NULL,'COMPLETED',72,75.6052,'2026-02-01 23:42:16','2026-02-01 23:42:16','2026-01-11 16:16:40','2026-01-11 17:09:40','2026-01-14 11:48:58',NULL,NULL),(94,12,'T006','最终电气测试','长电科技股份-上海测试测试-012 - 最终电气测试',6,NULL,31,391,391,NULL,'COMPLETED',4,4.0236,'2026-02-01 23:42:16','2026-02-01 23:42:16','2026-01-14 12:39:58','2026-01-14 12:50:58','2026-01-14 16:37:40',NULL,NULL),(95,12,'T007','数据分析','长电科技股份-上海测试测试-012 - 数据分析',7,NULL,32,NULL,NULL,NULL,'COMPLETED',8,8.57998,'2026-02-01 23:42:16','2026-02-01 23:42:16','2026-01-14 17:14:40','2026-01-14 17:45:40','2026-01-15 02:15:12',NULL,NULL),(96,12,'T008','报告编写','长电科技股份-上海测试测试-012 - 报告编写',8,NULL,28,NULL,NULL,NULL,'COMPLETED',4,3.77126,'2026-02-01 23:42:16','2026-02-01 23:42:16','2026-01-15 03:21:12','2026-01-15 03:47:12','2026-01-15 07:52:01',NULL,NULL),(97,13,'T001','样品准备编号','韦尔半导体-上海测试测试-013 - 样品准备编号',1,NULL,29,NULL,NULL,NULL,'COMPLETED',2,1.82229,'2026-02-01 23:42:16','2026-02-01 23:42:16','2026-01-05 01:00:00','2026-01-05 01:46:00','2026-01-05 03:22:56',NULL,NULL),(98,13,'T002','初始电气测试','韦尔半导体-上海测试测试-013 - 初始电气测试',2,NULL,29,392,392,NULL,'COMPLETED',4,4.23677,'2026-02-01 23:42:16','2026-02-01 23:42:16','2026-01-05 04:23:56','2026-01-05 05:00:56','2026-01-05 09:20:48',NULL,NULL),(99,13,'T003','环境应力测试','韦尔半导体-上海测试测试-013 - 环境应力测试',3,NULL,28,335,335,NULL,'COMPLETED',168,192.919,'2026-02-01 23:42:16','2026-02-01 23:42:16','2026-01-05 10:24:48','2026-01-05 10:40:48','2026-01-12 17:49:51',NULL,NULL),(100,13,'T004','中间读数','韦尔半导体-上海测试测试-013 - 中间读数',4,NULL,30,391,391,NULL,'COMPLETED',4,4.17768,'2026-02-01 23:42:16','2026-02-01 23:42:16','2026-01-12 19:07:51','2026-01-12 19:37:51','2026-01-12 22:49:55',NULL,NULL),(101,13,'T005','应力循环','韦尔半导体-上海测试测试-013 - 应力循环',5,NULL,28,302,302,NULL,'COMPLETED',72,74.7163,'2026-02-01 23:42:16','2026-02-01 23:42:16','2026-01-12 23:24:55','2026-01-13 00:04:55','2026-01-16 01:12:20',NULL,NULL),(102,13,'T006','最终电气测试','韦尔半导体-上海测试测试-013 - 最终电气测试',6,NULL,30,392,392,NULL,'COMPLETED',4,3.88021,'2026-02-01 23:42:16','2026-02-01 23:42:16','2026-01-16 02:12:20','2026-01-16 02:49:20','2026-01-16 06:07:16',NULL,NULL),(103,13,'T007','数据分析','韦尔半导体-上海测试测试-013 - 数据分析',7,NULL,31,NULL,NULL,NULL,'COMPLETED',8,9.03837,'2026-02-01 23:42:16','2026-02-01 23:42:16','2026-01-16 06:59:16','2026-01-16 07:33:16','2026-01-16 16:26:20',NULL,NULL),(104,13,'T008','报告编写','韦尔半导体-上海测试测试-013 - 报告编写',8,NULL,31,NULL,NULL,NULL,'COMPLETED',4,4.00635,'2026-02-01 23:42:16','2026-02-01 23:42:16','2026-01-16 17:16:20','2026-01-16 17:42:20','2026-01-16 21:38:07',NULL,NULL),(105,14,'T001','样品准备编号','紫光展锐-上海测试测试-014 - 样品准备编号',1,NULL,31,NULL,NULL,NULL,'COMPLETED',2,1.88289,'2026-02-01 23:42:16','2026-02-01 23:42:16','2026-01-06 08:00:00','2026-01-06 09:00:00','2026-01-06 11:13:15',NULL,NULL),(106,14,'T002','初始电气测试','紫光展锐-上海测试测试-014 - 初始电气测试',2,NULL,32,399,399,NULL,'COMPLETED',4,3.86581,'2026-02-01 23:42:16','2026-02-01 23:42:16','2026-01-06 12:07:15','2026-01-06 12:54:15','2026-01-06 17:15:19',NULL,NULL),(107,14,'T003','环境应力测试','紫光展锐-上海测试测试-014 - 环境应力测试',3,NULL,30,331,331,NULL,'COMPLETED',168,172.054,'2026-02-01 23:42:16','2026-02-01 23:42:16','2026-01-06 18:06:19','2026-01-06 18:52:19','2026-01-14 04:31:38',NULL,NULL),(108,14,'T004','中间读数','紫光展锐-上海测试测试-014 - 中间读数',4,NULL,32,393,393,NULL,'COMPLETED',4,4.55714,'2026-02-01 23:42:16','2026-02-01 23:42:16','2026-01-14 05:18:38','2026-01-14 05:46:38','2026-01-14 10:12:08',NULL,NULL),(109,14,'T005','应力循环','紫光展锐-上海测试测试-014 - 应力循环',5,NULL,32,308,308,NULL,'COMPLETED',72,64.1402,'2026-02-01 23:42:16','2026-02-01 23:42:16','2026-01-14 11:46:08','2026-01-14 12:44:08','2026-01-16 23:27:24',NULL,NULL),(110,14,'T006','最终电气测试','紫光展锐-上海测试测试-014 - 最终电气测试',6,NULL,30,399,399,NULL,'COMPLETED',4,4.0903,'2026-02-01 23:42:16','2026-02-01 23:42:16','2026-01-17 01:19:24','2026-01-17 01:40:24','2026-01-17 05:57:26',NULL,NULL),(111,14,'T007','数据分析','紫光展锐-上海测试测试-014 - 数据分析',7,NULL,32,NULL,NULL,NULL,'COMPLETED',8,7.53567,'2026-02-01 23:42:16','2026-02-01 23:42:16','2026-01-17 07:08:26','2026-01-17 07:37:26','2026-01-17 15:41:22',NULL,NULL),(112,14,'T008','报告编写','紫光展锐-上海测试测试-014 - 报告编写',8,NULL,31,NULL,NULL,NULL,'COMPLETED',4,4.2782,'2026-02-01 23:42:16','2026-02-01 23:42:16','2026-01-17 17:09:22','2026-01-17 17:23:22','2026-01-17 20:40:51',NULL,NULL),(113,15,'T001','样品接收登记','通富微电子-深圳研发测试-015 - 样品接收登记',1,NULL,4,93,93,NULL,'COMPLETED',1,1.06086,'2026-02-01 23:42:16','2026-02-01 23:42:16','2026-01-06 18:00:00','2026-01-06 18:40:00','2026-01-06 19:46:55',NULL,NULL),(114,15,'T002','外观检查','通富微电子-深圳研发测试-015 - 外观检查',2,NULL,6,45,45,NULL,'COMPLETED',1,0.900091,'2026-02-01 23:42:16','2026-02-01 23:42:16','2026-01-06 21:30:55','2026-01-06 22:11:55','2026-01-06 23:19:28',NULL,NULL),(115,15,'T003','X射线检测','通富微电子-深圳研发测试-015 - X射线检测',3,NULL,7,2,2,NULL,'COMPLETED',2,2.06179,'2026-02-01 23:42:16','2026-02-01 23:42:16','2026-01-07 01:19:28','2026-01-07 02:02:28','2026-01-07 04:23:28',NULL,NULL),(116,15,'T004','开封处理','通富微电子-深圳研发测试-015 - 开封处理',4,NULL,4,72,72,NULL,'COMPLETED',4,4.43849,'2026-02-01 23:42:16','2026-02-01 23:42:16','2026-01-07 05:13:28','2026-01-07 06:01:28','2026-01-07 10:23:10',NULL,NULL),(117,15,'T005','SEM分析','通富微电子-深圳研发测试-015 - SEM分析',5,NULL,7,23,23,NULL,'COMPLETED',3,2.8319,'2026-02-01 23:42:16','2026-02-01 23:42:16','2026-01-07 11:10:10','2026-01-07 11:42:10','2026-01-07 14:18:58',NULL,NULL),(118,15,'T006','横截面制备','通富微电子-深圳研发测试-015 - 横截面制备',6,NULL,5,85,85,NULL,'COMPLETED',6,6.04727,'2026-02-01 23:42:16','2026-02-01 23:42:16','2026-01-07 15:49:58','2026-01-07 16:47:58','2026-01-07 23:18:31',NULL,NULL),(119,15,'T007','失效定位','通富微电子-深圳研发测试-015 - 失效定位',7,NULL,5,17,17,NULL,'COMPLETED',4,4.17703,'2026-02-01 23:42:16','2026-02-01 23:42:16','2026-01-08 01:14:31','2026-01-08 02:05:31','2026-01-08 05:58:37',NULL,NULL),(120,15,'T008','报告编写','通富微电子-深圳研发测试-015 - 报告编写',8,NULL,7,NULL,NULL,NULL,'COMPLETED',2,2.09891,'2026-02-01 23:42:16','2026-02-01 23:42:16','2026-01-08 06:58:37','2026-01-08 07:44:37','2026-01-08 09:26:48',NULL,NULL),(121,16,'T001','样品接收登记','中芯国际集成电路-深圳研发测试-016 - 样品接收登记',1,NULL,8,91,91,NULL,'COMPLETED',1,1.14259,'2026-02-01 23:42:16','2026-02-01 23:42:16','2026-01-06 07:00:00','2026-01-06 07:22:00','2026-01-06 08:29:36',NULL,NULL),(122,16,'T002','外观检查','中芯国际集成电路-深圳研发测试-016 - 外观检查',2,NULL,6,39,39,NULL,'COMPLETED',1,0.985261,'2026-02-01 23:42:16','2026-02-01 23:42:16','2026-01-06 10:21:36','2026-01-06 10:56:36','2026-01-06 12:00:10',NULL,NULL),(123,16,'T003','X射线检测','中芯国际集成电路-深圳研发测试-016 - X射线检测',3,NULL,4,14,14,NULL,'COMPLETED',2,2.25634,'2026-02-01 23:42:16','2026-02-01 23:42:16','2026-01-06 13:02:10','2026-01-06 13:39:10','2026-01-06 15:16:25',NULL,NULL),(124,16,'T004','开封处理','中芯国际集成电路-深圳研发测试-016 - 开封处理',4,NULL,5,86,86,NULL,'COMPLETED',4,4.31731,'2026-02-01 23:42:16','2026-02-01 23:42:16','2026-01-06 16:57:25','2026-01-06 17:34:25','2026-01-06 22:01:15',NULL,NULL),(125,16,'T005','SEM分析','中芯国际集成电路-深圳研发测试-016 - SEM分析',5,NULL,5,8,8,NULL,'COMPLETED',3,3.3884,'2026-02-01 23:42:16','2026-02-01 23:42:16','2026-01-06 23:18:15','2026-01-06 23:44:15','2026-01-07 02:24:51',NULL,NULL),(126,16,'T006','横截面制备','中芯国际集成电路-深圳研发测试-016 - 横截面制备',6,NULL,7,71,71,NULL,'COMPLETED',6,5.92902,'2026-02-01 23:42:16','2026-02-01 23:42:16','2026-01-07 03:03:51','2026-01-07 03:31:51','2026-01-07 09:10:29',NULL,NULL),(127,16,'T007','失效定位','中芯国际集成电路-深圳研发测试-016 - 失效定位',7,NULL,4,27,27,NULL,'COMPLETED',4,4.18924,'2026-02-01 23:42:16','2026-02-01 23:42:16','2026-01-07 09:41:29','2026-01-07 10:23:29','2026-01-07 14:17:56',NULL,NULL),(128,16,'T008','报告编写','中芯国际集成电路-深圳研发测试-016 - 报告编写',8,NULL,6,NULL,NULL,NULL,'COMPLETED',2,2.13409,'2026-02-01 23:42:16','2026-02-01 23:42:16','2026-01-07 15:44:56','2026-01-07 16:09:56','2026-01-07 18:14:23',NULL,NULL),(129,17,'T001','样品准备编号','中芯国际集成电路-上海测试测试-017 - 样品准备编号',1,NULL,31,NULL,NULL,NULL,'COMPLETED',2,2.09522,'2026-02-01 23:42:16','2026-02-01 23:42:16','2026-01-06 00:00:00','2026-01-06 00:42:00','2026-01-06 02:52:35',NULL,NULL),(130,17,'T002','初始电气测试','中芯国际集成电路-上海测试测试-017 - 初始电气测试',2,NULL,28,399,399,NULL,'COMPLETED',4,4.0474,'2026-02-01 23:42:16','2026-02-01 23:42:16','2026-01-06 04:23:35','2026-01-06 04:45:35','2026-01-06 09:03:14',NULL,NULL),(131,17,'T003','环境应力测试','中芯国际集成电路-上海测试测试-017 - 环境应力测试',3,NULL,29,346,346,NULL,'COMPLETED',168,180.895,'2026-02-01 23:42:16','2026-02-01 23:42:16','2026-01-06 10:47:14','2026-01-06 10:57:14','2026-01-12 21:54:26',NULL,NULL),(132,17,'T004','中间读数','中芯国际集成电路-上海测试测试-017 - 中间读数',4,NULL,29,395,395,NULL,'COMPLETED',4,4.3791,'2026-02-01 23:42:16','2026-02-01 23:42:16','2026-01-12 23:26:26','2026-01-13 00:05:26','2026-01-13 03:27:52',NULL,NULL),(133,17,'T005','应力循环','中芯国际集成电路-上海测试测试-017 - 应力循环',5,NULL,28,312,312,NULL,'COMPLETED',72,77.9185,'2026-02-01 23:42:16','2026-02-01 23:42:16','2026-01-13 04:02:52','2026-01-13 04:14:52','2026-01-16 08:19:16',NULL,NULL),(134,17,'T006','最终电气测试','中芯国际集成电路-上海测试测试-017 - 最终电气测试',6,NULL,28,398,398,NULL,'COMPLETED',4,4.06717,'2026-02-01 23:42:16','2026-02-01 23:42:16','2026-01-16 10:08:16','2026-01-16 10:28:16','2026-01-16 13:53:11',NULL,NULL),(135,17,'T007','数据分析','中芯国际集成电路-上海测试测试-017 - 数据分析',7,NULL,30,NULL,NULL,NULL,'COMPLETED',8,7.28909,'2026-02-01 23:42:16','2026-02-01 23:42:16','2026-01-16 15:03:11','2026-01-16 15:24:11','2026-01-16 23:21:43',NULL,NULL),(136,17,'T008','报告编写','中芯国际集成电路-上海测试测试-017 - 报告编写',8,NULL,29,NULL,NULL,NULL,'COMPLETED',4,4.11204,'2026-02-01 23:42:16','2026-02-01 23:42:16','2026-01-17 00:43:43','2026-01-17 01:23:43','2026-01-17 04:53:33',NULL,NULL),(137,18,'T001','样品接收登记','质量保证部-上海测试测试-018 - 样品接收登记',1,NULL,23,300,300,NULL,'COMPLETED',1,1.03364,'2026-02-01 23:42:16','2026-02-01 23:42:16','2026-01-06 22:00:00','2026-01-06 22:58:00','2026-01-06 23:58:49',NULL,NULL),(138,18,'T002','外观检查','质量保证部-上海测试测试-018 - 外观检查',2,NULL,24,237,237,NULL,'COMPLETED',1,1.13026,'2026-02-01 23:42:16','2026-02-01 23:42:16','2026-01-07 00:36:49','2026-01-07 00:49:49','2026-01-07 01:40:45',NULL,NULL),(139,18,'T003','X射线检测','质量保证部-上海测试测试-018 - X射线检测',3,NULL,20,209,209,NULL,'COMPLETED',2,2.01897,'2026-02-01 23:42:16','2026-02-01 23:42:16','2026-01-07 02:51:45','2026-01-07 03:34:45','2026-01-07 05:50:30',NULL,NULL),(140,18,'T004','开封处理','质量保证部-上海测试测试-018 - 开封处理',4,NULL,20,289,289,NULL,'COMPLETED',4,3.60837,'2026-02-01 23:42:16','2026-02-01 23:42:16','2026-01-07 06:57:30','2026-01-07 07:39:30','2026-01-07 11:17:08',NULL,NULL),(141,18,'T005','SEM分析','质量保证部-上海测试测试-018 - SEM分析',5,NULL,23,204,204,NULL,'COMPLETED',3,2.99143,'2026-02-01 23:42:16','2026-02-01 23:42:16','2026-01-07 12:40:08','2026-01-07 13:00:08','2026-01-07 16:08:03',NULL,NULL),(142,18,'T006','横截面制备','质量保证部-上海测试测试-018 - 横截面制备',6,NULL,23,282,282,NULL,'COMPLETED',6,5.57165,'2026-02-01 23:42:16','2026-02-01 23:42:16','2026-01-07 16:45:03','2026-01-07 17:32:03','2026-01-07 23:59:09',NULL,NULL),(143,18,'T007','失效定位','质量保证部-上海测试测试-018 - 失效定位',7,NULL,23,221,221,NULL,'COMPLETED',4,3.87594,'2026-02-01 23:42:16','2026-02-01 23:42:16','2026-01-08 00:46:09','2026-01-08 01:37:09','2026-01-08 06:15:35',NULL,NULL),(144,18,'T008','报告编写','质量保证部-上海测试测试-018 - 报告编写',8,NULL,20,NULL,NULL,NULL,'COMPLETED',2,2.09114,'2026-02-01 23:42:16','2026-02-01 23:42:16','2026-01-08 06:56:35','2026-01-08 07:43:35','2026-01-08 09:43:20',NULL,NULL),(145,19,'T001','样品准备编号','紫光展锐-上海测试测试-019 - 样品准备编号',1,NULL,29,NULL,NULL,NULL,'COMPLETED',2,2.03613,'2026-02-01 23:42:16','2026-02-01 23:42:16','2026-01-06 21:00:00','2026-01-06 21:45:00','2026-01-06 23:58:01',NULL,NULL),(146,19,'T002','初始电气测试','紫光展锐-上海测试测试-019 - 初始电气测试',2,NULL,29,392,392,NULL,'COMPLETED',4,4.03838,'2026-02-01 23:42:16','2026-02-01 23:42:16','2026-01-07 01:37:01','2026-01-07 02:09:01','2026-01-07 06:12:24',NULL,NULL),(147,19,'T003','环境应力测试','紫光展锐-上海测试测试-019 - 环境应力测试',3,NULL,29,330,330,NULL,'COMPLETED',168,174.249,'2026-02-01 23:42:16','2026-02-01 23:42:16','2026-01-07 07:12:24','2026-01-07 07:30:24','2026-01-13 19:14:06',NULL,NULL),(148,19,'T004','中间读数','紫光展锐-上海测试测试-019 - 中间读数',4,NULL,28,396,396,NULL,'COMPLETED',4,3.42898,'2026-02-01 23:42:16','2026-02-01 23:42:16','2026-01-13 20:25:06','2026-01-13 21:12:06','2026-01-14 01:52:50',NULL,NULL),(149,19,'T005','应力循环','紫光展锐-上海测试测试-019 - 应力循环',5,NULL,29,318,318,NULL,'COMPLETED',72,81.0669,'2026-02-01 23:42:16','2026-02-01 23:42:16','2026-01-14 02:40:50','2026-01-14 03:07:50','2026-01-17 06:01:18',NULL,NULL),(150,19,'T006','最终电气测试','紫光展锐-上海测试测试-019 - 最终电气测试',6,NULL,31,396,396,NULL,'COMPLETED',4,3.84845,'2026-02-01 23:42:16','2026-02-01 23:42:16','2026-01-17 06:44:18','2026-01-17 07:32:18','2026-01-17 12:10:34',NULL,NULL),(151,19,'T007','数据分析','紫光展锐-上海测试测试-019 - 数据分析',7,NULL,29,NULL,NULL,NULL,'COMPLETED',8,7.29233,'2026-02-01 23:42:16','2026-02-01 23:42:16','2026-01-17 13:31:34','2026-01-17 14:22:34','2026-01-17 23:42:34',NULL,NULL),(152,19,'T008','报告编写','紫光展锐-上海测试测试-019 - 报告编写',8,NULL,28,NULL,NULL,NULL,'COMPLETED',4,3.58,'2026-02-01 23:42:16','2026-02-01 23:42:16','2026-01-18 00:28:34','2026-01-18 00:41:34','2026-01-18 03:55:12',NULL,NULL),(153,20,'T001','样品接收登记','内部研发部门-深圳研发测试-020 - 样品接收登记',1,NULL,NULL,91,91,NULL,'PENDING',1,NULL,'2026-02-01 23:42:16','2026-02-01 23:42:16',NULL,NULL,NULL,NULL,NULL),(154,20,'T002','外观检查','内部研发部门-深圳研发测试-020 - 外观检查',2,NULL,NULL,32,32,NULL,'PENDING',1,NULL,'2026-02-01 23:42:16','2026-02-01 23:42:16',NULL,NULL,NULL,NULL,NULL),(155,20,'T003','X射线检测','内部研发部门-深圳研发测试-020 - X射线检测',3,NULL,NULL,26,26,NULL,'PENDING',2,NULL,'2026-02-01 23:42:16','2026-02-01 23:42:16',NULL,NULL,NULL,NULL,NULL),(156,20,'T004','开封处理','内部研发部门-深圳研发测试-020 - 开封处理',4,NULL,NULL,72,72,NULL,'PENDING',4,NULL,'2026-02-01 23:42:16','2026-02-01 23:42:16',NULL,NULL,NULL,NULL,NULL),(157,20,'T005','SEM分析','内部研发部门-深圳研发测试-020 - SEM分析',5,NULL,NULL,19,19,NULL,'PENDING',3,NULL,'2026-02-01 23:42:16','2026-02-01 23:42:16',NULL,NULL,NULL,NULL,NULL),(158,20,'T006','横截面制备','内部研发部门-深圳研发测试-020 - 横截面制备',6,NULL,NULL,85,85,NULL,'PENDING',6,NULL,'2026-02-01 23:42:16','2026-02-01 23:42:16',NULL,NULL,NULL,NULL,NULL),(159,20,'T007','失效定位','内部研发部门-深圳研发测试-020 - 失效定位',7,NULL,NULL,19,19,NULL,'PENDING',4,NULL,'2026-02-01 23:42:16','2026-02-01 23:42:16',NULL,NULL,NULL,NULL,NULL),(160,20,'T008','报告编写','内部研发部门-深圳研发测试-020 - 报告编写',8,NULL,NULL,NULL,NULL,NULL,'PENDING',2,NULL,'2026-02-01 23:42:16','2026-02-01 23:42:16',NULL,NULL,NULL,NULL,NULL),(161,21,'T001','样品接收登记','华为技术有限公司-上海测试测试-021 - 样品接收登记',1,NULL,21,291,291,NULL,'COMPLETED',1,1.05608,'2026-02-01 23:42:16','2026-02-01 23:42:16','2026-01-08 10:00:00','2026-01-08 10:43:00','2026-01-08 11:32:15',NULL,NULL),(162,21,'T002','外观检查','华为技术有限公司-上海测试测试-021 - 外观检查',2,NULL,21,234,234,NULL,'COMPLETED',1,1.02862,'2026-02-01 23:42:16','2026-02-01 23:42:16','2026-01-08 13:05:15','2026-01-08 13:39:15','2026-01-08 14:35:51',NULL,NULL),(163,21,'T003','X射线检测','华为技术有限公司-上海测试测试-021 - X射线检测',3,NULL,21,226,226,NULL,'COMPLETED',2,1.73228,'2026-02-01 23:42:16','2026-02-01 23:42:16','2026-01-08 15:09:51','2026-01-08 15:34:51','2026-01-08 17:18:17',NULL,NULL),(164,21,'T004','开封处理','华为技术有限公司-上海测试测试-021 - 开封处理',4,NULL,23,275,275,NULL,'COMPLETED',4,3.62272,'2026-02-01 23:42:16','2026-02-01 23:42:16','2026-01-08 18:59:17','2026-01-08 19:40:17','2026-01-08 23:34:24',NULL,NULL),(165,21,'T005','SEM分析','华为技术有限公司-上海测试测试-021 - SEM分析',5,NULL,22,205,205,NULL,'COMPLETED',3,3.19889,'2026-02-01 23:42:16','2026-02-01 23:42:16','2026-01-09 00:10:24','2026-01-09 01:00:24','2026-01-09 04:26:49',NULL,NULL),(166,21,'T006','横截面制备','华为技术有限公司-上海测试测试-021 - 横截面制备',6,NULL,23,288,288,NULL,'COMPLETED',6,6.37594,'2026-02-01 23:42:16','2026-02-01 23:42:16','2026-01-09 05:51:49','2026-01-09 06:10:49','2026-01-09 12:55:48',NULL,NULL),(167,21,'T007','失效定位','华为技术有限公司-上海测试测试-021 - 失效定位',7,NULL,24,215,215,NULL,'COMPLETED',4,3.63733,'2026-02-01 23:42:16','2026-02-01 23:42:16','2026-01-09 14:32:48','2026-01-09 15:19:48','2026-01-09 18:37:14',NULL,NULL),(168,21,'T008','报告编写','华为技术有限公司-上海测试测试-021 - 报告编写',8,NULL,21,NULL,NULL,NULL,'COMPLETED',2,1.92404,'2026-02-01 23:42:16','2026-02-01 23:42:16','2026-01-09 20:33:14','2026-01-09 21:30:14','2026-01-09 23:36:49',NULL,NULL),(169,22,'T001','样品准备编号','兆易创新-上海测试测试-022 - 样品准备编号',1,NULL,29,NULL,NULL,NULL,'COMPLETED',2,2.13447,'2026-02-01 23:42:16','2026-02-01 23:42:16','2026-01-08 17:00:00','2026-01-08 17:33:00','2026-01-08 19:24:35',NULL,NULL),(170,22,'T002','初始电气测试','兆易创新-上海测试测试-022 - 初始电气测试',2,NULL,32,397,397,NULL,'COMPLETED',4,4.03578,'2026-02-01 23:42:16','2026-02-01 23:42:16','2026-01-08 19:59:35','2026-01-08 20:50:35','2026-01-09 00:06:15',NULL,NULL),(171,22,'T003','环境应力测试','兆易创新-上海测试测试-022 - 环境应力测试',3,NULL,29,333,333,NULL,'COMPLETED',168,145.268,'2026-02-01 23:42:16','2026-02-01 23:42:16','2026-01-09 01:46:15','2026-01-09 02:04:15','2026-01-14 19:33:04',NULL,NULL),(172,22,'T004','中间读数','兆易创新-上海测试测试-022 - 中间读数',4,NULL,31,399,399,NULL,'COMPLETED',4,4.03348,'2026-02-01 23:42:16','2026-02-01 23:42:16','2026-01-14 21:01:04','2026-01-14 21:52:04','2026-01-15 02:25:20',NULL,NULL),(173,22,'T005','应力循环','兆易创新-上海测试测试-022 - 应力循环',5,NULL,29,309,309,NULL,'COMPLETED',72,77.4351,'2026-02-01 23:42:16','2026-02-01 23:42:16','2026-01-15 03:14:20','2026-01-15 03:27:20','2026-01-17 16:05:30',NULL,NULL),(174,22,'T006','最终电气测试','兆易创新-上海测试测试-022 - 最终电气测试',6,NULL,32,392,392,NULL,'COMPLETED',4,4.03142,'2026-02-01 23:42:16','2026-02-01 23:42:16','2026-01-17 17:08:30','2026-01-17 17:49:30','2026-01-17 21:03:08',NULL,NULL),(175,22,'T007','数据分析','兆易创新-上海测试测试-022 - 数据分析',7,NULL,31,NULL,NULL,NULL,'COMPLETED',8,6.89795,'2026-02-01 23:42:16','2026-02-01 23:42:16','2026-01-17 22:26:08','2026-01-17 22:36:08','2026-01-18 08:08:29',NULL,NULL),(176,22,'T008','报告编写','兆易创新-上海测试测试-022 - 报告编写',8,NULL,28,NULL,NULL,NULL,'COMPLETED',4,4.00442,'2026-02-01 23:42:16','2026-02-01 23:42:16','2026-01-18 08:46:29','2026-01-18 09:13:29','2026-01-18 12:52:04',NULL,NULL),(177,23,'T001','样品接收登记','汇顶科技-深圳研发测试-023 - 样品接收登记',1,NULL,NULL,96,96,NULL,'PENDING',1,NULL,'2026-02-01 23:42:16','2026-02-01 23:42:16',NULL,NULL,NULL,NULL,NULL),(178,23,'T002','外观检查','汇顶科技-深圳研发测试-023 - 外观检查',2,NULL,NULL,37,37,NULL,'PENDING',1,NULL,'2026-02-01 23:42:16','2026-02-01 23:42:16',NULL,NULL,NULL,NULL,NULL),(179,23,'T003','X射线检测','汇顶科技-深圳研发测试-023 - X射线检测',3,NULL,NULL,4,4,NULL,'PENDING',2,NULL,'2026-02-01 23:42:16','2026-02-01 23:42:16',NULL,NULL,NULL,NULL,NULL),(180,23,'T004','开封处理','汇顶科技-深圳研发测试-023 - 开封处理',4,NULL,NULL,88,88,NULL,'PENDING',4,NULL,'2026-02-01 23:42:16','2026-02-01 23:42:16',NULL,NULL,NULL,NULL,NULL),(181,23,'T005','SEM分析','汇顶科技-深圳研发测试-023 - SEM分析',5,NULL,NULL,30,30,NULL,'PENDING',3,NULL,'2026-02-01 23:42:16','2026-02-01 23:42:16',NULL,NULL,NULL,NULL,NULL),(182,23,'T006','横截面制备','汇顶科技-深圳研发测试-023 - 横截面制备',6,NULL,NULL,80,80,NULL,'PENDING',6,NULL,'2026-02-01 23:42:16','2026-02-01 23:42:16',NULL,NULL,NULL,NULL,NULL),(183,23,'T007','失效定位','汇顶科技-深圳研发测试-023 - 失效定位',7,NULL,NULL,3,3,NULL,'PENDING',4,NULL,'2026-02-01 23:42:16','2026-02-01 23:42:16',NULL,NULL,NULL,NULL,NULL),(184,23,'T008','报告编写','汇顶科技-深圳研发测试-023 - 报告编写',8,NULL,NULL,NULL,NULL,NULL,'PENDING',2,NULL,'2026-02-01 23:42:16','2026-02-01 23:42:16',NULL,NULL,NULL,NULL,NULL),(185,24,'T001','样品接收登记','长电科技股份-深圳研发测试-024 - 样品接收登记',1,NULL,4,95,95,NULL,'COMPLETED',1,1.12492,'2026-02-01 23:42:16','2026-02-01 23:42:16','2026-01-09 10:00:00','2026-01-09 10:19:00','2026-01-09 11:19:41',NULL,NULL),(186,24,'T002','外观检查','长电科技股份-深圳研发测试-024 - 外观检查',2,NULL,5,39,39,NULL,'COMPLETED',1,0.926698,'2026-02-01 23:42:16','2026-02-01 23:42:16','2026-01-09 12:32:41','2026-01-09 13:31:41','2026-01-09 14:30:16',NULL,NULL),(187,24,'T003','X射线检测','长电科技股份-深圳研发测试-024 - X射线检测',3,NULL,8,3,3,NULL,'COMPLETED',2,1.78569,'2026-02-01 23:42:16','2026-02-01 23:42:16','2026-01-09 15:14:16','2026-01-09 15:39:16','2026-01-09 17:23:04',NULL,NULL),(188,24,'T004','开封处理','长电科技股份-深圳研发测试-024 - 开封处理',4,NULL,6,76,76,NULL,'COMPLETED',4,3.45177,'2026-02-01 23:42:16','2026-02-01 23:42:16','2026-01-09 19:03:04','2026-01-09 19:46:04','2026-01-10 00:30:04',NULL,NULL),(189,24,'T005','SEM分析','长电科技股份-深圳研发测试-024 - SEM分析',5,NULL,8,25,25,NULL,'COMPLETED',3,2.85014,'2026-02-01 23:42:16','2026-02-01 23:42:16','2026-01-10 02:27:04','2026-01-10 02:44:04','2026-01-10 05:36:03',NULL,NULL),(190,24,'T006','横截面制备','长电科技股份-深圳研发测试-024 - 横截面制备',6,NULL,8,72,72,NULL,'COMPLETED',6,5.34934,'2026-02-01 23:42:16','2026-02-01 23:42:16','2026-01-10 07:10:03','2026-01-10 07:59:03','2026-01-10 13:30:22',NULL,NULL),(191,24,'T007','失效定位','长电科技股份-深圳研发测试-024 - 失效定位',7,NULL,7,1,1,NULL,'COMPLETED',4,3.71863,'2026-02-01 23:42:16','2026-02-01 23:42:16','2026-01-10 14:32:22','2026-01-10 15:01:22','2026-01-10 19:28:41',NULL,NULL),(192,24,'T008','报告编写','长电科技股份-深圳研发测试-024 - 报告编写',8,NULL,8,NULL,NULL,NULL,'COMPLETED',2,2.08058,'2026-02-01 23:42:16','2026-02-01 23:42:16','2026-01-10 20:58:41','2026-01-10 21:45:41','2026-01-10 23:46:38',NULL,NULL),(193,25,'T001','样品接收登记','长电科技股份-深圳研发测试-025 - 样品接收登记',1,NULL,7,95,95,NULL,'COMPLETED',1,0.943264,'2026-02-01 23:42:16','2026-02-01 23:42:16','2026-01-09 04:00:00','2026-01-09 04:21:00','2026-01-09 05:09:20',NULL,NULL),(194,25,'T002','外观检查','长电科技股份-深圳研发测试-025 - 外观检查',2,NULL,7,37,37,NULL,'COMPLETED',1,0.976304,'2026-02-01 23:42:16','2026-02-01 23:42:16','2026-01-09 06:22:20','2026-01-09 06:47:20','2026-01-09 07:38:22',NULL,NULL),(195,25,'T003','X射线检测','长电科技股份-深圳研发测试-025 - X射线检测',3,NULL,6,26,26,NULL,'COMPLETED',2,1.83988,'2026-02-01 23:42:16','2026-02-01 23:42:16','2026-01-09 08:42:22','2026-01-09 08:52:22','2026-01-09 10:47:10',NULL,NULL),(196,25,'T004','开封处理','长电科技股份-深圳研发测试-025 - 开封处理',4,NULL,4,78,78,NULL,'COMPLETED',4,3.77437,'2026-02-01 23:42:16','2026-02-01 23:42:16','2026-01-09 12:39:10','2026-01-09 13:29:10','2026-01-09 17:33:30',NULL,NULL),(197,25,'T005','SEM分析','长电科技股份-深圳研发测试-025 - SEM分析',5,NULL,6,26,26,NULL,'COMPLETED',3,2.90118,'2026-02-01 23:42:16','2026-02-01 23:42:16','2026-01-09 18:22:30','2026-01-09 18:46:30','2026-01-09 21:35:23',NULL,NULL),(198,25,'T006','横截面制备','长电科技股份-深圳研发测试-025 - 横截面制备',6,NULL,5,76,76,NULL,'COMPLETED',6,5.75444,'2026-02-01 23:42:16','2026-02-01 23:42:16','2026-01-09 22:36:23','2026-01-09 23:34:23','2026-01-10 05:15:30',NULL,NULL),(199,25,'T007','失效定位','长电科技股份-深圳研发测试-025 - 失效定位',7,NULL,4,18,18,NULL,'COMPLETED',4,3.8913,'2026-02-01 23:42:16','2026-02-01 23:42:16','2026-01-10 06:57:30','2026-01-10 07:37:30','2026-01-10 11:52:50',NULL,NULL),(200,25,'T008','报告编写','长电科技股份-深圳研发测试-025 - 报告编写',8,NULL,5,NULL,NULL,NULL,'COMPLETED',2,2.29289,'2026-02-01 23:42:16','2026-02-01 23:42:16','2026-01-10 12:24:50','2026-01-10 13:20:50','2026-01-10 15:11:40',NULL,NULL),(201,26,'T001','样品准备编号','质量保证部-深圳研发测试-026 - 样品准备编号',1,NULL,14,NULL,NULL,NULL,'COMPLETED',2,1.71747,'2026-02-01 23:42:16','2026-02-01 23:42:16','2026-01-09 04:00:00','2026-01-09 04:25:00','2026-01-09 06:44:25',NULL,NULL),(202,26,'T002','初始电气测试','质量保证部-深圳研发测试-026 - 初始电气测试',2,NULL,12,191,191,NULL,'COMPLETED',4,4.4063,'2026-02-01 23:42:16','2026-02-01 23:42:16','2026-01-09 08:08:25','2026-01-09 08:49:25','2026-01-09 13:05:50',NULL,NULL),(203,26,'T003','环境应力测试','质量保证部-深圳研发测试-026 - 环境应力测试',3,NULL,14,141,141,NULL,'COMPLETED',168,159.238,'2026-02-01 23:42:16','2026-02-01 23:42:16','2026-01-09 14:37:50','2026-01-09 15:07:50','2026-01-16 18:15:09',NULL,NULL),(204,26,'T004','中间读数','质量保证部-深圳研发测试-026 - 中间读数',4,NULL,13,197,197,NULL,'COMPLETED',4,3.64837,'2026-02-01 23:42:16','2026-02-01 23:42:16','2026-01-16 19:42:09','2026-01-16 20:26:09','2026-01-16 23:50:59',NULL,NULL),(205,26,'T005','应力循环','质量保证部-深圳研发测试-026 - 应力循环',5,NULL,14,102,102,NULL,'COMPLETED',72,78.6109,'2026-02-01 23:42:16','2026-02-01 23:42:16','2026-01-17 00:57:59','2026-01-17 01:18:59','2026-01-19 21:39:24',NULL,NULL),(206,26,'T006','最终电气测试','质量保证部-深圳研发测试-026 - 最终电气测试',6,NULL,16,200,200,NULL,'COMPLETED',4,3.46426,'2026-02-01 23:42:16','2026-02-01 23:42:16','2026-01-19 23:35:24','2026-01-20 00:32:24','2026-01-20 05:14:58',NULL,NULL),(207,26,'T007','数据分析','质量保证部-深圳研发测试-026 - 数据分析',7,NULL,12,NULL,NULL,NULL,'COMPLETED',8,7.44074,'2026-02-01 23:42:16','2026-02-01 23:42:16','2026-01-20 06:48:58','2026-01-20 07:08:58','2026-01-20 14:11:25',NULL,NULL),(208,26,'T008','报告编写','质量保证部-深圳研发测试-026 - 报告编写',8,NULL,14,NULL,NULL,NULL,'COMPLETED',4,3.56405,'2026-02-01 23:42:16','2026-02-01 23:42:16','2026-01-20 15:34:25','2026-01-20 16:18:25','2026-01-20 20:44:12',NULL,NULL),(209,27,'T001','样品准备编号','兆易创新-深圳研发测试-027 - 样品准备编号',1,NULL,12,NULL,NULL,NULL,'COMPLETED',2,1.84944,'2026-02-01 23:42:16','2026-02-01 23:42:16','2026-01-09 23:00:00','2026-01-09 23:26:00','2026-01-10 01:48:53',NULL,NULL),(210,27,'T002','初始电气测试','兆易创新-深圳研发测试-027 - 初始电气测试',2,NULL,12,196,196,NULL,'COMPLETED',4,4.3362,'2026-02-01 23:42:16','2026-02-01 23:42:16','2026-01-10 02:52:53','2026-01-10 03:34:53','2026-01-10 06:48:41',NULL,NULL),(211,27,'T003','环境应力测试','兆易创新-深圳研发测试-027 - 环境应力测试',3,NULL,15,122,122,NULL,'COMPLETED',168,143.682,'2026-02-01 23:42:16','2026-02-01 23:42:16','2026-01-10 07:46:41','2026-01-10 07:56:41','2026-01-18 13:44:02',NULL,NULL),(212,27,'T004','中间读数','兆易创新-深圳研发测试-027 - 中间读数',4,NULL,12,199,199,NULL,'COMPLETED',4,4.0026,'2026-02-01 23:42:16','2026-02-01 23:42:16','2026-01-18 14:49:02','2026-01-18 15:20:02','2026-01-18 18:46:45',NULL,NULL),(213,27,'T005','应力循环','兆易创新-深圳研发测试-027 - 应力循环',5,NULL,15,119,119,NULL,'COMPLETED',72,63.6171,'2026-02-01 23:42:16','2026-02-01 23:42:16','2026-01-18 19:28:45','2026-01-18 20:10:45','2026-01-21 11:41:19',NULL,NULL),(214,27,'T006','最终电气测试','兆易创新-深圳研发测试-027 - 最终电气测试',6,NULL,15,197,197,NULL,'COMPLETED',4,3.86832,'2026-02-01 23:42:16','2026-02-01 23:42:16','2026-01-21 13:12:19','2026-01-21 13:48:19','2026-01-21 18:26:02',NULL,NULL),(215,27,'T007','数据分析','兆易创新-深圳研发测试-027 - 数据分析',7,NULL,13,NULL,NULL,NULL,'COMPLETED',8,7.93119,'2026-02-01 23:42:16','2026-02-01 23:42:16','2026-01-21 19:18:02','2026-01-21 20:12:02','2026-01-22 03:56:16',NULL,NULL),(216,27,'T008','报告编写','兆易创新-深圳研发测试-027 - 报告编写',8,NULL,14,NULL,NULL,NULL,'COMPLETED',4,4.12853,'2026-02-01 23:42:16','2026-02-01 23:42:16','2026-01-22 05:02:16','2026-01-22 05:59:16','2026-01-22 10:44:25',NULL,NULL),(217,28,'T001','样品接收登记','质量保证部-深圳研发测试-028 - 样品接收登记',1,NULL,5,98,98,NULL,'COMPLETED',1,0.942243,'2026-02-01 23:42:16','2026-02-01 23:42:16','2026-01-10 09:00:00','2026-01-10 09:17:00','2026-01-10 10:21:01',NULL,NULL),(218,28,'T002','外观检查','质量保证部-深圳研发测试-028 - 外观检查',2,NULL,4,37,37,NULL,'COMPLETED',1,0.998699,'2026-02-01 23:42:16','2026-02-01 23:42:16','2026-01-10 12:21:01','2026-01-10 13:20:01','2026-01-10 14:29:52',NULL,NULL),(219,28,'T003','X射线检测','质量保证部-深圳研发测试-028 - X射线检测',3,NULL,4,9,9,NULL,'COMPLETED',2,1.92043,'2026-02-01 23:42:16','2026-02-01 23:42:16','2026-01-10 15:13:52','2026-01-10 15:52:52','2026-01-10 17:32:24',NULL,NULL),(220,28,'T004','开封处理','质量保证部-深圳研发测试-028 - 开封处理',4,NULL,4,73,73,NULL,'COMPLETED',4,3.85866,'2026-02-01 23:42:16','2026-02-01 23:42:16','2026-01-10 18:42:24','2026-01-10 19:19:24','2026-01-10 23:29:27',NULL,NULL),(221,28,'T005','SEM分析','质量保证部-深圳研发测试-028 - SEM分析',5,NULL,8,19,19,NULL,'COMPLETED',3,3.27485,'2026-02-01 23:42:16','2026-02-01 23:42:16','2026-01-11 01:20:27','2026-01-11 02:13:27','2026-01-11 05:47:27',NULL,NULL),(222,28,'T006','横截面制备','质量保证部-深圳研发测试-028 - 横截面制备',6,NULL,4,87,87,NULL,'COMPLETED',6,5.85452,'2026-02-01 23:42:16','2026-02-01 23:42:16','2026-01-11 06:29:27','2026-01-11 07:23:27','2026-01-11 12:25:21',NULL,NULL),(223,28,'T007','失效定位','质量保证部-深圳研发测试-028 - 失效定位',7,NULL,4,16,16,NULL,'COMPLETED',4,4.18634,'2026-02-01 23:42:16','2026-02-01 23:42:16','2026-01-11 13:24:21','2026-01-11 14:00:21','2026-01-11 18:32:33',NULL,NULL),(224,28,'T008','报告编写','质量保证部-深圳研发测试-028 - 报告编写',8,NULL,7,NULL,NULL,NULL,'COMPLETED',2,1.9068,'2026-02-01 23:42:16','2026-02-01 23:42:16','2026-01-11 20:30:33','2026-01-11 21:11:33','2026-01-11 23:33:44',NULL,NULL),(225,29,'T001','样品接收登记','兆易创新-上海测试测试-029 - 样品接收登记',1,NULL,24,297,297,NULL,'COMPLETED',1,0.889646,'2026-02-01 23:42:16','2026-02-01 23:42:16','2026-01-10 16:00:00','2026-01-10 16:28:00','2026-01-10 17:28:02',NULL,NULL),(226,29,'T002','外观检查','兆易创新-上海测试测试-029 - 外观检查',2,NULL,21,246,246,NULL,'COMPLETED',1,1.01797,'2026-02-01 23:42:16','2026-02-01 23:42:16','2026-01-10 18:08:02','2026-01-10 18:26:02','2026-01-10 19:24:01',NULL,NULL),(227,29,'T003','X射线检测','兆易创新-上海测试测试-029 - X射线检测',3,NULL,20,225,225,NULL,'COMPLETED',2,2.01323,'2026-02-01 23:42:16','2026-02-01 23:42:16','2026-01-10 20:19:01','2026-01-10 20:47:01','2026-01-10 22:28:27',NULL,NULL),(228,29,'T004','开封处理','兆易创新-上海测试测试-029 - 开封处理',4,NULL,20,273,273,NULL,'COMPLETED',4,4.55431,'2026-02-01 23:42:16','2026-02-01 23:42:16','2026-01-11 00:26:27','2026-01-11 01:01:27','2026-01-11 05:13:40',NULL,NULL),(229,29,'T005','SEM分析','兆易创新-上海测试测试-029 - SEM分析',5,NULL,21,221,221,NULL,'COMPLETED',3,2.75585,'2026-02-01 23:42:16','2026-02-01 23:42:16','2026-01-11 05:58:40','2026-01-11 06:46:40','2026-01-11 10:19:06',NULL,NULL),(230,29,'T006','横截面制备','兆易创新-上海测试测试-029 - 横截面制备',6,NULL,21,289,289,NULL,'COMPLETED',6,5.90572,'2026-02-01 23:42:16','2026-02-01 23:42:16','2026-01-11 11:23:06','2026-01-11 11:43:06','2026-01-11 17:54:01',NULL,NULL),(231,29,'T007','失效定位','兆易创新-上海测试测试-029 - 失效定位',7,NULL,20,223,223,NULL,'COMPLETED',4,3.42193,'2026-02-01 23:42:16','2026-02-01 23:42:16','2026-01-11 19:14:01','2026-01-11 19:40:01','2026-01-11 23:18:55',NULL,NULL),(232,29,'T008','报告编写','兆易创新-上海测试测试-029 - 报告编写',8,NULL,20,NULL,NULL,NULL,'COMPLETED',2,2.12799,'2026-02-01 23:42:16','2026-02-01 23:42:16','2026-01-12 00:28:55','2026-01-12 00:55:55','2026-01-12 02:56:05',NULL,NULL),(233,30,'T001','样品准备编号','兆易创新-深圳研发测试-030 - 样品准备编号',1,NULL,NULL,NULL,NULL,NULL,'PENDING',2,NULL,'2026-02-01 23:42:16','2026-02-01 23:42:16',NULL,NULL,NULL,NULL,NULL),(234,30,'T002','初始电气测试','兆易创新-深圳研发测试-030 - 初始电气测试',2,NULL,NULL,199,199,NULL,'PENDING',4,NULL,'2026-02-01 23:42:16','2026-02-01 23:42:16',NULL,NULL,NULL,NULL,NULL),(235,30,'T003','环境应力测试','兆易创新-深圳研发测试-030 - 环境应力测试',3,NULL,NULL,145,145,NULL,'PENDING',168,NULL,'2026-02-01 23:42:16','2026-02-01 23:42:16',NULL,NULL,NULL,NULL,NULL),(236,30,'T004','中间读数','兆易创新-深圳研发测试-030 - 中间读数',4,NULL,NULL,196,196,NULL,'PENDING',4,NULL,'2026-02-01 23:42:16','2026-02-01 23:42:16',NULL,NULL,NULL,NULL,NULL),(237,30,'T005','应力循环','兆易创新-深圳研发测试-030 - 应力循环',5,NULL,NULL,103,103,NULL,'PENDING',72,NULL,'2026-02-01 23:42:16','2026-02-01 23:42:16',NULL,NULL,NULL,NULL,NULL),(238,30,'T006','最终电气测试','兆易创新-深圳研发测试-030 - 最终电气测试',6,NULL,NULL,196,196,NULL,'PENDING',4,NULL,'2026-02-01 23:42:16','2026-02-01 23:42:16',NULL,NULL,NULL,NULL,NULL),(239,30,'T007','数据分析','兆易创新-深圳研发测试-030 - 数据分析',7,NULL,NULL,NULL,NULL,NULL,'PENDING',8,NULL,'2026-02-01 23:42:16','2026-02-01 23:42:16',NULL,NULL,NULL,NULL,NULL),(240,30,'T008','报告编写','兆易创新-深圳研发测试-030 - 报告编写',8,NULL,NULL,NULL,NULL,NULL,'PENDING',4,NULL,'2026-02-01 23:42:16','2026-02-01 23:42:16',NULL,NULL,NULL,NULL,NULL),(241,31,'T001','样品准备编号','兆易创新-深圳研发测试-031 - 样品准备编号',1,NULL,16,NULL,NULL,NULL,'COMPLETED',2,1.84302,'2026-02-01 23:42:16','2026-02-01 23:42:16','2026-01-11 05:00:00','2026-01-11 05:15:00','2026-01-11 06:55:42',NULL,NULL),(242,31,'T002','初始电气测试','兆易创新-深圳研发测试-031 - 初始电气测试',2,NULL,15,192,192,NULL,'COMPLETED',4,4.46725,'2026-02-01 23:42:16','2026-02-01 23:42:16','2026-01-11 08:43:42','2026-01-11 08:55:42','2026-01-11 13:18:41',NULL,NULL),(243,31,'T003','环境应力测试','兆易创新-深圳研发测试-031 - 环境应力测试',3,NULL,13,145,145,NULL,'COMPLETED',168,166.332,'2026-02-01 23:42:16','2026-02-01 23:42:16','2026-01-11 15:00:41','2026-01-11 15:54:41','2026-01-19 22:52:24',NULL,NULL),(244,31,'T004','中间读数','兆易创新-深圳研发测试-031 - 中间读数',4,NULL,13,195,195,NULL,'COMPLETED',4,4.33269,'2026-02-01 23:42:16','2026-02-01 23:42:16','2026-01-20 00:46:24','2026-01-20 01:45:24','2026-01-20 05:47:37',NULL,NULL),(245,31,'T005','应力循环','兆易创新-深圳研发测试-031 - 应力循环',5,NULL,12,106,106,NULL,'COMPLETED',72,81.0777,'2026-02-01 23:42:16','2026-02-01 23:42:16','2026-01-20 06:18:37','2026-01-20 06:36:37','2026-01-23 13:55:39',NULL,NULL),(246,31,'T006','最终电气测试','兆易创新-深圳研发测试-031 - 最终电气测试',6,NULL,13,195,195,NULL,'COMPLETED',4,3.9682,'2026-02-01 23:42:16','2026-02-01 23:42:16','2026-01-23 15:28:39','2026-01-23 16:07:39','2026-01-23 19:27:45',NULL,NULL),(247,31,'T007','数据分析','兆易创新-深圳研发测试-031 - 数据分析',7,NULL,14,NULL,NULL,NULL,'COMPLETED',8,7.75532,'2026-02-01 23:42:16','2026-02-01 23:42:16','2026-01-23 20:19:45','2026-01-23 20:50:45','2026-01-24 03:54:54',NULL,NULL),(248,31,'T008','报告编写','兆易创新-深圳研发测试-031 - 报告编写',8,NULL,16,NULL,NULL,NULL,'COMPLETED',4,3.99482,'2026-02-01 23:42:16','2026-02-01 23:42:16','2026-01-24 05:44:54','2026-01-24 06:08:54','2026-01-24 09:48:47',NULL,NULL),(249,32,'T001','样品接收登记','通富微电子-深圳研发测试-032 - 样品接收登记',1,NULL,7,99,99,NULL,'COMPLETED',1,1.12341,'2026-02-01 23:42:16','2026-02-01 23:42:16','2026-01-11 09:00:00','2026-01-11 09:27:00','2026-01-11 10:27:48',NULL,NULL),(250,32,'T002','外观检查','通富微电子-深圳研发测试-032 - 外观检查',2,NULL,7,35,35,NULL,'COMPLETED',1,1.05451,'2026-02-01 23:42:16','2026-02-01 23:42:16','2026-01-11 11:55:48','2026-01-11 12:40:48','2026-01-11 13:38:35',NULL,NULL),(251,32,'T003','X射线检测','通富微电子-深圳研发测试-032 - X射线检测',3,NULL,4,3,3,NULL,'COMPLETED',2,1.94274,'2026-02-01 23:42:16','2026-02-01 23:42:16','2026-01-11 14:29:35','2026-01-11 15:04:35','2026-01-11 17:28:28',NULL,NULL),(252,32,'T004','开封处理','通富微电子-深圳研发测试-032 - 开封处理',4,NULL,8,73,73,NULL,'COMPLETED',4,3.5132,'2026-02-01 23:42:16','2026-02-01 23:42:16','2026-01-11 18:16:28','2026-01-11 18:36:28','2026-01-11 23:03:32',NULL,NULL),(253,32,'T005','SEM分析','通富微电子-深圳研发测试-032 - SEM分析',5,NULL,5,29,29,NULL,'COMPLETED',3,2.95436,'2026-02-01 23:42:16','2026-02-01 23:42:16','2026-01-12 00:04:32','2026-01-12 00:56:32','2026-01-12 03:54:55',NULL,NULL),(254,32,'T006','横截面制备','通富微电子-深圳研发测试-032 - 横截面制备',6,NULL,7,76,76,NULL,'COMPLETED',6,6.07221,'2026-02-01 23:42:16','2026-02-01 23:42:16','2026-01-12 05:23:55','2026-01-12 06:23:55','2026-01-12 11:16:28',NULL,NULL),(255,32,'T007','失效定位','通富微电子-深圳研发测试-032 - 失效定位',7,NULL,4,6,6,NULL,'COMPLETED',4,3.59442,'2026-02-01 23:42:16','2026-02-01 23:42:16','2026-01-12 12:01:28','2026-01-12 12:48:28','2026-01-12 17:36:12',NULL,NULL),(256,32,'T008','报告编写','通富微电子-深圳研发测试-032 - 报告编写',8,NULL,5,NULL,NULL,NULL,'COMPLETED',2,1.9816,'2026-02-01 23:42:16','2026-02-01 23:42:16','2026-01-12 18:58:12','2026-01-12 19:09:12','2026-01-12 21:21:25',NULL,NULL),(257,33,'T001','样品准备编号','华为技术有限公司-上海测试测试-033 - 样品准备编号',1,NULL,29,NULL,NULL,NULL,'COMPLETED',2,1.9941,'2026-02-01 23:42:16','2026-02-01 23:42:16','2026-01-11 14:00:00','2026-01-11 14:30:00','2026-01-11 16:32:57',NULL,NULL),(258,33,'T002','初始电气测试','华为技术有限公司-上海测试测试-033 - 初始电气测试',2,NULL,31,391,391,NULL,'COMPLETED',4,3.91351,'2026-02-01 23:42:16','2026-02-01 23:42:16','2026-01-11 17:32:57','2026-01-11 18:02:57','2026-01-11 22:04:12',NULL,NULL),(259,33,'T003','环境应力测试','华为技术有限公司-上海测试测试-033 - 环境应力测试',3,NULL,32,336,336,NULL,'COMPLETED',168,157.328,'2026-02-01 23:42:16','2026-02-01 23:42:16','2026-01-11 23:04:12','2026-01-11 23:34:12','2026-01-19 11:05:52',NULL,NULL),(260,33,'T004','中间读数','华为技术有限公司-上海测试测试-033 - 中间读数',4,NULL,31,391,391,NULL,'COMPLETED',4,3.986,'2026-02-01 23:42:16','2026-02-01 23:42:16','2026-01-19 12:05:52','2026-01-19 12:35:52','2026-01-19 16:55:42',NULL,NULL),(261,33,'T005','应力循环','华为技术有限公司-上海测试测试-033 - 应力循环',5,NULL,NULL,304,304,NULL,'PENDING',72,NULL,'2026-02-01 23:42:16','2026-02-01 23:42:16',NULL,NULL,NULL,NULL,NULL),(262,33,'T006','最终电气测试','华为技术有限公司-上海测试测试-033 - 最终电气测试',6,NULL,NULL,395,395,NULL,'PENDING',4,NULL,'2026-02-01 23:42:16','2026-02-01 23:42:16',NULL,NULL,NULL,NULL,NULL),(263,33,'T007','数据分析','华为技术有限公司-上海测试测试-033 - 数据分析',7,NULL,NULL,NULL,NULL,NULL,'PENDING',8,NULL,'2026-02-01 23:42:16','2026-02-01 23:42:16',NULL,NULL,NULL,NULL,NULL),(264,33,'T008','报告编写','华为技术有限公司-上海测试测试-033 - 报告编写',8,NULL,NULL,NULL,NULL,NULL,'PENDING',4,NULL,'2026-02-01 23:42:16','2026-02-01 23:42:16',NULL,NULL,NULL,NULL,NULL),(265,34,'T001','样品接收登记','中芯国际集成电路-上海测试测试-034 - 样品接收登记',1,NULL,23,294,294,NULL,'COMPLETED',1,0.959656,'2026-02-01 23:42:16','2026-02-01 23:42:16','2026-01-11 17:00:00','2026-01-11 17:30:00','2026-01-11 18:34:45',NULL,NULL),(266,34,'T002','外观检查','中芯国际集成电路-上海测试测试-034 - 外观检查',2,NULL,24,231,231,NULL,'COMPLETED',1,0.93391,'2026-02-01 23:42:16','2026-02-01 23:42:16','2026-01-11 19:34:45','2026-01-11 20:04:45','2026-01-11 21:07:27',NULL,NULL),(267,34,'T003','X射线检测','中芯国际集成电路-上海测试测试-034 - X射线检测',3,NULL,22,227,227,NULL,'COMPLETED',2,2.02595,'2026-02-01 23:42:16','2026-02-01 23:42:16','2026-01-11 22:07:27','2026-01-11 22:37:27','2026-01-12 00:44:43',NULL,NULL),(268,34,'T004','开封处理','中芯国际集成电路-上海测试测试-034 - 开封处理',4,NULL,24,272,272,NULL,'COMPLETED',4,4.31235,'2026-02-01 23:42:16','2026-02-01 23:42:16','2026-01-12 01:44:43','2026-01-12 02:14:43','2026-01-12 06:24:20',NULL,NULL),(269,34,'T005','SEM分析','中芯国际集成电路-上海测试测试-034 - SEM分析',5,NULL,24,205,205,NULL,'IN_PROGRESS',3,NULL,'2026-02-01 23:42:16','2026-02-01 23:42:16','2026-01-12 07:24:20','2026-01-12 07:39:20',NULL,NULL,NULL),(270,34,'T006','横截面制备','中芯国际集成电路-上海测试测试-034 - 横截面制备',6,NULL,21,275,275,NULL,'IN_PROGRESS',6,NULL,'2026-02-01 23:42:16','2026-02-01 23:42:16','2026-01-12 07:24:20','2026-01-12 07:39:20',NULL,NULL,NULL),(271,34,'T007','失效定位','中芯国际集成电路-上海测试测试-034 - 失效定位',7,NULL,NULL,230,230,NULL,'PENDING',4,NULL,'2026-02-01 23:42:16','2026-02-01 23:42:16',NULL,NULL,NULL,NULL,NULL),(272,34,'T008','报告编写','中芯国际集成电路-上海测试测试-034 - 报告编写',8,NULL,NULL,NULL,NULL,NULL,'PENDING',2,NULL,'2026-02-01 23:42:16','2026-02-01 23:42:16',NULL,NULL,NULL,NULL,NULL),(273,35,'T001','样品接收登记','通富微电子-深圳研发测试-035 - 样品接收登记',1,NULL,5,97,97,NULL,'COMPLETED',1,1.13853,'2026-02-01 23:42:16','2026-02-01 23:42:16','2026-01-11 21:00:00','2026-01-11 21:53:00','2026-01-11 22:48:27',NULL,NULL),(274,35,'T002','外观检查','通富微电子-深圳研发测试-035 - 外观检查',2,NULL,6,37,37,NULL,'COMPLETED',1,0.988023,'2026-02-01 23:42:16','2026-02-01 23:42:16','2026-01-12 00:48:27','2026-01-12 01:23:27','2026-01-12 02:12:00',NULL,NULL),(275,35,'T003','X射线检测','通富微电子-深圳研发测试-035 - X射线检测',3,NULL,8,16,16,NULL,'COMPLETED',2,1.70111,'2026-02-01 23:42:16','2026-02-01 23:42:16','2026-01-12 04:00:00','2026-01-12 04:44:00','2026-01-12 06:36:01',NULL,NULL),(276,35,'T004','开封处理','通富微电子-深圳研发测试-035 - 开封处理',4,NULL,8,87,87,NULL,'COMPLETED',4,3.51237,'2026-02-01 23:42:16','2026-02-01 23:42:16','2026-01-12 08:32:01','2026-01-12 08:46:01','2026-01-12 12:13:08',NULL,NULL),(277,35,'T005','SEM分析','通富微电子-深圳研发测试-035 - SEM分析',5,NULL,6,17,17,NULL,'COMPLETED',3,3.00126,'2026-02-01 23:42:16','2026-02-01 23:42:16','2026-01-12 13:08:08','2026-01-12 13:53:08','2026-01-12 16:18:18',NULL,NULL),(278,35,'T006','横截面制备','通富微电子-深圳研发测试-035 - 横截面制备',6,NULL,8,89,89,NULL,'COMPLETED',6,6.04668,'2026-02-01 23:42:16','2026-02-01 23:42:16','2026-01-12 18:11:18','2026-01-12 18:30:18','2026-01-13 00:56:14',NULL,NULL),(279,35,'T007','失效定位','通富微电子-深圳研发测试-035 - 失效定位',7,NULL,4,6,6,NULL,'COMPLETED',4,4.18322,'2026-02-01 23:42:16','2026-02-01 23:42:16','2026-01-13 01:34:14','2026-01-13 02:24:14','2026-01-13 06:19:47',NULL,NULL),(280,35,'T008','报告编写','通富微电子-深圳研发测试-035 - 报告编写',8,NULL,4,NULL,NULL,NULL,'COMPLETED',2,2.05119,'2026-02-01 23:42:16','2026-02-01 23:42:16','2026-01-13 07:07:47','2026-01-13 07:59:47','2026-01-13 10:19:19',NULL,NULL),(281,36,'T001','样品接收登记','华为技术有限公司-上海测试测试-036 - 样品接收登记',1,NULL,23,294,294,NULL,'COMPLETED',1,0.856268,'2026-02-01 23:42:16','2026-02-01 23:42:16','2026-01-12 00:00:00','2026-01-12 00:56:00','2026-01-12 01:55:59',NULL,NULL),(282,36,'T002','外观检查','华为技术有限公司-上海测试测试-036 - 外观检查',2,NULL,24,239,239,NULL,'COMPLETED',1,1.01476,'2026-02-01 23:42:16','2026-02-01 23:42:16','2026-01-12 03:10:59','2026-01-12 04:03:59','2026-01-12 05:02:10',NULL,NULL),(283,36,'T003','X射线检测','华为技术有限公司-上海测试测试-036 - X射线检测',3,NULL,22,204,204,NULL,'COMPLETED',2,1.83298,'2026-02-01 23:42:16','2026-02-01 23:42:16','2026-01-12 06:10:10','2026-01-12 07:03:10','2026-01-12 09:19:11',NULL,NULL),(284,36,'T004','开封处理','华为技术有限公司-上海测试测试-036 - 开封处理',4,NULL,20,275,275,NULL,'COMPLETED',4,3.83679,'2026-02-01 23:42:16','2026-02-01 23:42:16','2026-01-12 10:04:11','2026-01-12 10:45:11','2026-01-12 14:25:18',NULL,NULL),(285,36,'T005','SEM分析','华为技术有限公司-上海测试测试-036 - SEM分析',5,NULL,23,221,221,NULL,'COMPLETED',3,2.56832,'2026-02-01 23:42:16','2026-02-01 23:42:16','2026-01-12 15:48:18','2026-01-12 16:06:18','2026-01-12 19:40:55',NULL,NULL),(286,36,'T006','横截面制备','华为技术有限公司-上海测试测试-036 - 横截面制备',6,NULL,22,290,290,NULL,'COMPLETED',6,5.94185,'2026-02-01 23:42:16','2026-02-01 23:42:16','2026-01-12 20:31:55','2026-01-12 21:18:55','2026-01-13 03:45:53',NULL,NULL),(287,36,'T007','失效定位','华为技术有限公司-上海测试测试-036 - 失效定位',7,NULL,21,205,205,NULL,'COMPLETED',4,3.93894,'2026-02-01 23:42:16','2026-02-01 23:42:16','2026-01-13 04:21:53','2026-01-13 04:54:53','2026-01-13 08:43:49',NULL,NULL),(288,36,'T008','报告编写','华为技术有限公司-上海测试测试-036 - 报告编写',8,NULL,22,NULL,NULL,NULL,'COMPLETED',2,2.08729,'2026-02-01 23:42:16','2026-02-01 23:42:16','2026-01-13 09:33:49','2026-01-13 10:14:49','2026-01-13 12:04:08',NULL,NULL),(289,37,'T001','样品接收登记','华为技术有限公司-深圳研发测试-037 - 样品接收登记',1,NULL,4,98,98,NULL,'COMPLETED',1,1.13348,'2026-02-01 23:42:16','2026-02-01 23:42:16','2026-01-13 10:00:00','2026-01-13 10:56:00','2026-01-13 11:54:10',NULL,NULL),(290,37,'T002','外观检查','华为技术有限公司-深圳研发测试-037 - 外观检查',2,NULL,7,35,35,NULL,'COMPLETED',1,0.859303,'2026-02-01 23:42:16','2026-02-01 23:42:16','2026-01-13 13:15:10','2026-01-13 13:47:10','2026-01-13 14:57:33',NULL,NULL),(291,37,'T003','X射线检测','华为技术有限公司-深圳研发测试-037 - X射线检测',3,NULL,6,10,10,NULL,'COMPLETED',2,1.9853,'2026-02-01 23:42:16','2026-02-01 23:42:16','2026-01-13 15:37:33','2026-01-13 16:33:33','2026-01-13 18:14:19',NULL,NULL),(292,37,'T004','开封处理','华为技术有限公司-深圳研发测试-037 - 开封处理',4,NULL,4,79,79,NULL,'COMPLETED',4,3.73927,'2026-02-01 23:42:16','2026-02-01 23:42:16','2026-01-13 19:53:19','2026-01-13 20:29:19','2026-01-14 00:50:23',NULL,NULL),(293,37,'T005','SEM分析','华为技术有限公司-深圳研发测试-037 - SEM分析',5,NULL,5,1,1,NULL,'COMPLETED',3,2.99289,'2026-02-01 23:42:16','2026-02-01 23:42:16','2026-01-14 02:26:23','2026-01-14 02:49:23','2026-01-14 05:21:49',NULL,NULL),(294,37,'T006','横截面制备','华为技术有限公司-深圳研发测试-037 - 横截面制备',6,NULL,7,76,76,NULL,'COMPLETED',6,5.17661,'2026-02-01 23:42:16','2026-02-01 23:42:16','2026-01-14 05:56:49','2026-01-14 06:38:49','2026-01-14 11:30:13',NULL,NULL),(295,37,'T007','失效定位','华为技术有限公司-深圳研发测试-037 - 失效定位',7,NULL,4,26,26,NULL,'COMPLETED',4,3.89811,'2026-02-01 23:42:16','2026-02-01 23:42:16','2026-01-14 12:56:13','2026-01-14 13:40:13','2026-01-14 17:14:10',NULL,NULL),(296,37,'T008','报告编写','华为技术有限公司-深圳研发测试-037 - 报告编写',8,NULL,5,NULL,NULL,NULL,'COMPLETED',2,1.75425,'2026-02-01 23:42:16','2026-02-01 23:42:16','2026-01-14 18:55:10','2026-01-14 19:39:10','2026-01-14 21:22:42',NULL,NULL),(297,38,'T001','样品准备编号','紫光展锐-上海测试测试-038 - 样品准备编号',1,NULL,28,NULL,NULL,NULL,'COMPLETED',2,1.8019,'2026-02-01 23:42:16','2026-02-01 23:42:16','2026-01-13 00:00:00','2026-01-13 00:30:00','2026-01-13 02:23:44',NULL,NULL),(298,38,'T002','初始电气测试','紫光展锐-上海测试测试-038 - 初始电气测试',2,NULL,30,393,393,NULL,'COMPLETED',4,4.15591,'2026-02-01 23:42:16','2026-02-01 23:42:16','2026-01-13 03:23:44','2026-01-13 03:53:44','2026-01-13 07:49:32',NULL,NULL),(299,38,'T003','环境应力测试','紫光展锐-上海测试测试-038 - 环境应力测试',3,NULL,31,336,336,NULL,'COMPLETED',168,155.331,'2026-02-01 23:42:16','2026-02-01 23:42:16','2026-01-13 08:49:32','2026-01-13 09:19:32','2026-01-20 15:26:42',NULL,NULL),(300,38,'T004','中间读数','紫光展锐-上海测试测试-038 - 中间读数',4,NULL,28,397,397,NULL,'IN_PROGRESS',4,NULL,'2026-02-01 23:42:16','2026-02-01 23:42:16','2026-01-20 16:26:42','2026-01-20 16:41:42',NULL,NULL,NULL),(301,38,'T005','应力循环','紫光展锐-上海测试测试-038 - 应力循环',5,NULL,30,310,310,NULL,'IN_PROGRESS',72,NULL,'2026-02-01 23:42:16','2026-02-01 23:42:16','2026-01-20 16:26:42','2026-01-20 16:41:42',NULL,NULL,NULL),(302,38,'T006','最终电气测试','紫光展锐-上海测试测试-038 - 最终电气测试',6,NULL,NULL,399,399,NULL,'PENDING',4,NULL,'2026-02-01 23:42:16','2026-02-01 23:42:16',NULL,NULL,NULL,NULL,NULL),(303,38,'T007','数据分析','紫光展锐-上海测试测试-038 - 数据分析',7,NULL,NULL,NULL,NULL,NULL,'PENDING',8,NULL,'2026-02-01 23:42:16','2026-02-01 23:42:16',NULL,NULL,NULL,NULL,NULL),(304,38,'T008','报告编写','紫光展锐-上海测试测试-038 - 报告编写',8,NULL,NULL,NULL,NULL,NULL,'PENDING',4,NULL,'2026-02-01 23:42:16','2026-02-01 23:42:16',NULL,NULL,NULL,NULL,NULL),(305,39,'T001','样品接收登记','长电科技股份-深圳研发测试-039 - 样品接收登记',1,NULL,4,91,91,NULL,'COMPLETED',1,1.08199,'2026-02-01 23:42:16','2026-02-01 23:42:16','2026-01-13 01:00:00','2026-01-13 01:59:00','2026-01-13 03:05:43',NULL,NULL),(306,39,'T002','外观检查','长电科技股份-深圳研发测试-039 - 外观检查',2,NULL,5,47,47,NULL,'COMPLETED',1,0.90846,'2026-02-01 23:42:16','2026-02-01 23:42:16','2026-01-13 04:02:43','2026-01-13 04:50:43','2026-01-13 05:38:57',NULL,NULL),(307,39,'T003','X射线检测','长电科技股份-深圳研发测试-039 - X射线检测',3,NULL,5,4,4,NULL,'COMPLETED',2,1.9379,'2026-02-01 23:42:16','2026-02-01 23:42:16','2026-01-13 07:00:57','2026-01-13 07:16:57','2026-01-13 09:08:24',NULL,NULL),(308,39,'T004','开封处理','长电科技股份-深圳研发测试-039 - 开封处理',4,NULL,5,72,72,NULL,'COMPLETED',4,4.07355,'2026-02-01 23:42:16','2026-02-01 23:42:16','2026-01-13 10:50:24','2026-01-13 11:28:24','2026-01-13 15:06:59',NULL,NULL),(309,39,'T005','SEM分析','长电科技股份-深圳研发测试-039 - SEM分析',5,NULL,8,14,14,NULL,'COMPLETED',3,3.38962,'2026-02-01 23:42:16','2026-02-01 23:42:16','2026-01-13 16:51:59','2026-01-13 17:48:59','2026-01-13 20:21:49',NULL,NULL),(310,39,'T006','横截面制备','长电科技股份-深圳研发测试-039 - 横截面制备',6,NULL,8,85,85,NULL,'COMPLETED',6,6.54073,'2026-02-01 23:42:16','2026-02-01 23:42:16','2026-01-13 21:18:49','2026-01-13 21:55:49','2026-01-14 03:19:14',NULL,NULL),(311,39,'T007','失效定位','长电科技股份-深圳研发测试-039 - 失效定位',7,NULL,6,14,14,NULL,'COMPLETED',4,3.78235,'2026-02-01 23:42:16','2026-02-01 23:42:16','2026-01-14 05:03:14','2026-01-14 05:18:14','2026-01-14 08:33:15',NULL,NULL),(312,39,'T008','报告编写','长电科技股份-深圳研发测试-039 - 报告编写',8,NULL,8,NULL,NULL,NULL,'COMPLETED',2,2.13187,'2026-02-01 23:42:16','2026-02-01 23:42:16','2026-01-14 10:22:15','2026-01-14 10:55:15','2026-01-14 12:52:28',NULL,NULL),(313,40,'T001','样品准备编号','汇顶科技-深圳研发测试-040 - 样品准备编号',1,NULL,15,NULL,NULL,NULL,'COMPLETED',2,2.07997,'2026-02-01 23:42:16','2026-02-01 23:42:16','2026-01-14 10:00:00','2026-01-14 10:30:00','2026-01-14 12:25:54',NULL,NULL),(314,40,'T002','初始电气测试','汇顶科技-深圳研发测试-040 - 初始电气测试',2,NULL,14,195,195,NULL,'COMPLETED',4,4.27139,'2026-02-01 23:42:16','2026-02-01 23:42:16','2026-01-14 13:25:54','2026-01-14 13:55:54','2026-01-14 18:02:14',NULL,NULL),(315,40,'T003','环境应力测试','汇顶科技-深圳研发测试-040 - 环境应力测试',3,NULL,15,149,149,NULL,'COMPLETED',168,162.106,'2026-02-01 23:42:16','2026-02-01 23:42:16','2026-01-14 19:02:14','2026-01-14 19:32:14','2026-01-22 00:46:10',NULL,NULL),(316,40,'T004','中间读数','汇顶科技-深圳研发测试-040 - 中间读数',4,NULL,12,191,191,NULL,'IN_PROGRESS',4,NULL,'2026-02-01 23:42:16','2026-02-01 23:42:16','2026-01-22 01:46:10','2026-01-22 02:01:10',NULL,NULL,NULL),(317,40,'T005','应力循环','汇顶科技-深圳研发测试-040 - 应力循环',5,NULL,15,117,117,NULL,'IN_PROGRESS',72,NULL,'2026-02-01 23:42:16','2026-02-01 23:42:16','2026-01-22 01:46:10','2026-01-22 02:01:10',NULL,NULL,NULL),(318,40,'T006','最终电气测试','汇顶科技-深圳研发测试-040 - 最终电气测试',6,NULL,NULL,199,199,NULL,'PENDING',4,NULL,'2026-02-01 23:42:16','2026-02-01 23:42:16',NULL,NULL,NULL,NULL,NULL),(319,40,'T007','数据分析','汇顶科技-深圳研发测试-040 - 数据分析',7,NULL,NULL,NULL,NULL,NULL,'PENDING',8,NULL,'2026-02-01 23:42:16','2026-02-01 23:42:16',NULL,NULL,NULL,NULL,NULL),(320,40,'T008','报告编写','汇顶科技-深圳研发测试-040 - 报告编写',8,NULL,NULL,NULL,NULL,NULL,'PENDING',4,NULL,'2026-02-01 23:42:16','2026-02-01 23:42:16',NULL,NULL,NULL,NULL,NULL),(321,41,'T001','样品接收登记','长电科技股份-深圳研发测试-041 - 样品接收登记',1,NULL,6,98,98,NULL,'COMPLETED',1,1.06133,'2026-02-01 23:42:16','2026-02-01 23:42:16','2026-01-14 12:00:00','2026-01-14 12:30:00','2026-01-14 13:30:11',NULL,NULL),(322,41,'T002','外观检查','长电科技股份-深圳研发测试-041 - 外观检查',2,NULL,6,32,32,NULL,'COMPLETED',1,0.911501,'2026-02-01 23:42:16','2026-02-01 23:42:16','2026-01-14 14:30:11','2026-01-14 15:00:11','2026-01-14 16:04:54',NULL,NULL),(323,41,'T003','X射线检测','长电科技股份-深圳研发测试-041 - X射线检测',3,NULL,5,28,28,NULL,'COMPLETED',2,1.88539,'2026-02-01 23:42:16','2026-02-01 23:42:16','2026-01-14 17:04:54','2026-01-14 17:34:54','2026-01-14 19:24:23',NULL,NULL),(324,41,'T004','开封处理','长电科技股份-深圳研发测试-041 - 开封处理',4,NULL,5,88,88,NULL,'COMPLETED',4,3.62296,'2026-02-01 23:42:16','2026-02-01 23:42:16','2026-01-14 20:24:23','2026-01-14 20:54:23','2026-01-15 00:45:07',NULL,NULL),(325,41,'T005','SEM分析','长电科技股份-深圳研发测试-041 - SEM分析',5,NULL,4,14,14,NULL,'COMPLETED',3,3.18557,'2026-02-01 23:42:16','2026-02-01 23:42:16','2026-01-15 01:45:07','2026-01-15 02:15:07','2026-01-15 05:26:11',NULL,NULL),(326,41,'T006','横截面制备','长电科技股份-深圳研发测试-041 - 横截面制备',6,NULL,NULL,73,73,NULL,'PENDING',6,NULL,'2026-02-01 23:42:16','2026-02-01 23:42:16',NULL,NULL,NULL,NULL,NULL),(327,41,'T007','失效定位','长电科技股份-深圳研发测试-041 - 失效定位',7,NULL,NULL,30,30,NULL,'PENDING',4,NULL,'2026-02-01 23:42:16','2026-02-01 23:42:16',NULL,NULL,NULL,NULL,NULL),(328,41,'T008','报告编写','长电科技股份-深圳研发测试-041 - 报告编写',8,NULL,NULL,NULL,NULL,NULL,'PENDING',2,NULL,'2026-02-01 23:42:16','2026-02-01 23:42:16',NULL,NULL,NULL,NULL,NULL),(329,42,'T001','样品接收登记','兆易创新-深圳研发测试-042 - 样品接收登记',1,NULL,7,99,99,NULL,'COMPLETED',1,0.860715,'2026-02-01 23:42:16','2026-02-01 23:42:16','2026-01-13 21:00:00','2026-01-13 21:27:00','2026-01-13 22:23:22',NULL,NULL),(330,42,'T002','外观检查','兆易创新-深圳研发测试-042 - 外观检查',2,NULL,8,46,46,NULL,'COMPLETED',1,0.928328,'2026-02-01 23:42:16','2026-02-01 23:42:16','2026-01-13 23:26:22','2026-01-14 00:26:22','2026-01-14 01:37:24',NULL,NULL),(331,42,'T003','X射线检测','兆易创新-深圳研发测试-042 - X射线检测',3,NULL,7,8,8,NULL,'COMPLETED',2,2.25792,'2026-02-01 23:42:16','2026-02-01 23:42:16','2026-01-14 02:41:24','2026-01-14 03:07:24','2026-01-14 04:57:53',NULL,NULL),(332,42,'T004','开封处理','兆易创新-深圳研发测试-042 - 开封处理',4,NULL,4,72,72,NULL,'COMPLETED',4,4.20136,'2026-02-01 23:42:16','2026-02-01 23:42:16','2026-01-14 05:52:53','2026-01-14 06:24:53','2026-01-14 09:54:33',NULL,NULL),(333,42,'T005','SEM分析','兆易创新-深圳研发测试-042 - SEM分析',5,NULL,6,23,23,NULL,'COMPLETED',3,2.78709,'2026-02-01 23:42:16','2026-02-01 23:42:16','2026-01-14 11:51:33','2026-01-14 12:19:33','2026-01-14 15:30:21',NULL,NULL),(334,42,'T006','横截面制备','兆易创新-深圳研发测试-042 - 横截面制备',6,NULL,4,89,89,NULL,'COMPLETED',6,5.45297,'2026-02-01 23:42:16','2026-02-01 23:42:16','2026-01-14 16:05:21','2026-01-14 16:18:21','2026-01-14 23:21:35',NULL,NULL),(335,42,'T007','失效定位','兆易创新-深圳研发测试-042 - 失效定位',7,NULL,5,1,1,NULL,'COMPLETED',4,4.49707,'2026-02-01 23:42:16','2026-02-01 23:42:16','2026-01-15 00:53:35','2026-01-15 01:34:35','2026-01-15 06:16:07',NULL,NULL),(336,42,'T008','报告编写','兆易创新-深圳研发测试-042 - 报告编写',8,NULL,4,NULL,NULL,NULL,'COMPLETED',2,2.29176,'2026-02-01 23:42:16','2026-02-01 23:42:16','2026-01-15 08:12:07','2026-01-15 08:47:07','2026-01-15 10:43:02',NULL,NULL),(337,43,'T001','样品准备编号','质量保证部-上海测试测试-043 - 样品准备编号',1,NULL,28,NULL,NULL,NULL,'COMPLETED',2,2.19432,'2026-02-01 23:42:16','2026-02-01 23:42:16','2026-01-15 13:00:00','2026-01-15 13:30:00','2026-01-15 15:21:38',NULL,NULL),(338,43,'T002','初始电气测试','质量保证部-上海测试测试-043 - 初始电气测试',2,NULL,28,393,393,NULL,'COMPLETED',4,3.81719,'2026-02-01 23:42:16','2026-02-01 23:42:16','2026-01-15 16:21:38','2026-01-15 16:51:38','2026-01-15 20:31:40',NULL,NULL),(339,43,'T003','环境应力测试','质量保证部-上海测试测试-043 - 环境应力测试',3,NULL,29,330,330,NULL,'COMPLETED',168,184.559,'2026-02-01 23:42:16','2026-02-01 23:42:16','2026-01-15 21:31:40','2026-01-15 22:01:40','2026-01-23 13:07:15',NULL,NULL),(340,43,'T004','中间读数','质量保证部-上海测试测试-043 - 中间读数',4,NULL,32,393,393,NULL,'COMPLETED',4,3.94122,'2026-02-01 23:42:16','2026-02-01 23:42:16','2026-01-23 14:07:15','2026-01-23 14:37:15','2026-01-23 18:40:54',NULL,NULL),(341,43,'T005','应力循环','质量保证部-上海测试测试-043 - 应力循环',5,NULL,29,312,312,NULL,'COMPLETED',72,66.8302,'2026-02-01 23:42:16','2026-02-01 23:42:16','2026-01-23 19:40:54','2026-01-23 20:10:54','2026-01-26 20:58:37',NULL,NULL),(342,43,'T006','最终电气测试','质量保证部-上海测试测试-043 - 最终电气测试',6,NULL,29,391,391,NULL,'IN_PROGRESS',4,NULL,'2026-02-01 23:42:16','2026-02-01 23:42:16','2026-01-26 21:58:37','2026-01-26 22:13:37',NULL,NULL,NULL),(343,43,'T007','数据分析','质量保证部-上海测试测试-043 - 数据分析',7,NULL,NULL,NULL,NULL,NULL,'PENDING',8,NULL,'2026-02-01 23:42:16','2026-02-01 23:42:16',NULL,NULL,NULL,NULL,NULL),(344,43,'T008','报告编写','质量保证部-上海测试测试-043 - 报告编写',8,NULL,NULL,NULL,NULL,NULL,'PENDING',4,NULL,'2026-02-01 23:42:16','2026-02-01 23:42:16',NULL,NULL,NULL,NULL,NULL),(345,44,'T001','样品接收登记','中芯国际集成电路-上海测试测试-044 - 样品接收登记',1,NULL,23,297,297,NULL,'COMPLETED',1,0.862907,'2026-02-01 23:42:16','2026-02-01 23:42:16','2026-01-15 20:00:00','2026-01-15 20:33:00','2026-01-15 21:29:47',NULL,NULL),(346,44,'T002','外观检查','中芯国际集成电路-上海测试测试-044 - 外观检查',2,NULL,22,231,231,NULL,'COMPLETED',1,1.10685,'2026-02-01 23:42:16','2026-02-01 23:42:16','2026-01-15 22:10:47','2026-01-15 23:01:47','2026-01-16 00:10:14',NULL,NULL),(347,44,'T003','X射线检测','中芯国际集成电路-上海测试测试-044 - X射线检测',3,NULL,23,214,214,NULL,'COMPLETED',2,1.83872,'2026-02-01 23:42:16','2026-02-01 23:42:16','2026-01-16 01:47:14','2026-01-16 02:14:14','2026-01-16 04:15:36',NULL,NULL),(348,44,'T004','开封处理','中芯国际集成电路-上海测试测试-044 - 开封处理',4,NULL,23,273,273,NULL,'COMPLETED',4,3.72396,'2026-02-01 23:42:16','2026-02-01 23:42:16','2026-01-16 05:08:36','2026-01-16 05:21:36','2026-01-16 08:53:06',NULL,NULL),(349,44,'T005','SEM分析','中芯国际集成电路-上海测试测试-044 - SEM分析',5,NULL,22,209,209,NULL,'COMPLETED',3,3.05189,'2026-02-01 23:42:16','2026-02-01 23:42:16','2026-01-16 10:30:06','2026-01-16 11:15:06','2026-01-16 13:52:00',NULL,NULL),(350,44,'T006','横截面制备','中芯国际集成电路-上海测试测试-044 - 横截面制备',6,NULL,23,277,277,NULL,'COMPLETED',6,5.15829,'2026-02-01 23:42:16','2026-02-01 23:42:16','2026-01-16 14:36:00','2026-01-16 15:00:00','2026-01-16 21:00:28',NULL,NULL),(351,44,'T007','失效定位','中芯国际集成电路-上海测试测试-044 - 失效定位',7,NULL,20,207,207,NULL,'COMPLETED',4,3.53252,'2026-02-01 23:42:16','2026-02-01 23:42:16','2026-01-16 22:19:28','2026-01-16 22:38:28','2026-01-17 02:30:45',NULL,NULL),(352,44,'T008','报告编写','中芯国际集成电路-上海测试测试-044 - 报告编写',8,NULL,23,NULL,NULL,NULL,'COMPLETED',2,1.89089,'2026-02-01 23:42:16','2026-02-01 23:42:16','2026-01-17 03:06:45','2026-01-17 03:24:45','2026-01-17 05:09:46',NULL,NULL),(353,45,'T001','样品准备编号','通富微电子-上海测试测试-045 - 样品准备编号',1,NULL,31,NULL,NULL,NULL,'COMPLETED',2,1.71684,'2026-02-01 23:42:16','2026-02-01 23:42:16','2026-01-15 04:00:00','2026-01-15 04:44:00','2026-01-15 06:42:27',NULL,NULL),(354,45,'T002','初始电气测试','通富微电子-上海测试测试-045 - 初始电气测试',2,NULL,31,398,398,NULL,'COMPLETED',4,3.9077,'2026-02-01 23:42:16','2026-02-01 23:42:16','2026-01-15 08:32:27','2026-01-15 08:46:27','2026-01-15 12:45:21',NULL,NULL),(355,45,'T003','环境应力测试','通富微电子-上海测试测试-045 - 环境应力测试',3,NULL,30,343,343,NULL,'COMPLETED',168,190.794,'2026-02-01 23:42:16','2026-02-01 23:42:16','2026-01-15 13:34:21','2026-01-15 14:06:21','2026-01-22 21:25:58',NULL,NULL),(356,45,'T004','中间读数','通富微电子-上海测试测试-045 - 中间读数',4,NULL,29,400,400,NULL,'COMPLETED',4,4.40312,'2026-02-01 23:42:16','2026-02-01 23:42:16','2026-01-22 22:52:58','2026-01-22 23:25:58','2026-01-23 03:40:26',NULL,NULL),(357,45,'T005','应力循环','通富微电子-上海测试测试-045 - 应力循环',5,NULL,29,317,317,NULL,'COMPLETED',72,76.7618,'2026-02-01 23:42:16','2026-02-01 23:42:16','2026-01-23 05:16:26','2026-01-23 05:41:26','2026-01-25 17:45:59',NULL,NULL),(358,45,'T006','最终电气测试','通富微电子-上海测试测试-045 - 最终电气测试',6,NULL,32,393,393,NULL,'COMPLETED',4,4.40011,'2026-02-01 23:42:16','2026-02-01 23:42:16','2026-01-25 18:52:59','2026-01-25 19:37:59','2026-01-25 22:57:38',NULL,NULL),(359,45,'T007','数据分析','通富微电子-上海测试测试-045 - 数据分析',7,NULL,31,NULL,NULL,NULL,'COMPLETED',8,8.75518,'2026-02-01 23:42:16','2026-02-01 23:42:16','2026-01-25 23:37:38','2026-01-25 23:55:38','2026-01-26 08:16:30',NULL,NULL),(360,45,'T008','报告编写','通富微电子-上海测试测试-045 - 报告编写',8,NULL,31,NULL,NULL,NULL,'COMPLETED',4,4.25602,'2026-02-01 23:42:16','2026-02-01 23:42:16','2026-01-26 10:08:30','2026-01-26 10:37:30','2026-01-26 14:17:22',NULL,NULL),(361,46,'T001','样品接收登记','紫光展锐-上海测试测试-046 - 样品接收登记',1,NULL,23,292,292,NULL,'COMPLETED',1,0.968065,'2026-02-01 23:42:16','2026-02-01 23:42:16','2026-01-15 12:00:00','2026-01-15 12:55:00','2026-01-15 13:46:18',NULL,NULL),(362,46,'T002','外观检查','紫光展锐-上海测试测试-046 - 外观检查',2,NULL,22,234,234,NULL,'COMPLETED',1,0.958479,'2026-02-01 23:42:16','2026-02-01 23:42:16','2026-01-15 15:43:18','2026-01-15 16:07:18','2026-01-15 17:18:14',NULL,NULL),(363,46,'T003','X射线检测','紫光展锐-上海测试测试-046 - X射线检测',3,NULL,22,214,214,NULL,'COMPLETED',2,2.04064,'2026-02-01 23:42:16','2026-02-01 23:42:16','2026-01-15 18:58:14','2026-01-15 19:18:14','2026-01-15 21:01:07',NULL,NULL),(364,46,'T004','开封处理','紫光展锐-上海测试测试-046 - 开封处理',4,NULL,22,281,281,NULL,'COMPLETED',4,3.72485,'2026-02-01 23:42:16','2026-02-01 23:42:16','2026-01-15 22:52:07','2026-01-15 23:47:07','2026-01-16 03:08:11',NULL,NULL),(365,46,'T005','SEM分析','紫光展锐-上海测试测试-046 - SEM分析',5,NULL,20,224,224,NULL,'COMPLETED',3,2.96977,'2026-02-01 23:42:16','2026-02-01 23:42:16','2026-01-16 04:04:11','2026-01-16 04:58:11','2026-01-16 08:21:01',NULL,NULL),(366,46,'T006','横截面制备','紫光展锐-上海测试测试-046 - 横截面制备',6,NULL,23,288,288,NULL,'COMPLETED',6,6.58409,'2026-02-01 23:42:16','2026-02-01 23:42:16','2026-01-16 10:17:01','2026-01-16 11:01:01','2026-01-16 15:49:28',NULL,NULL),(367,46,'T007','失效定位','紫光展锐-上海测试测试-046 - 失效定位',7,NULL,24,214,214,NULL,'COMPLETED',4,3.82331,'2026-02-01 23:42:16','2026-02-01 23:42:16','2026-01-16 16:36:28','2026-01-16 17:35:28','2026-01-16 21:13:07',NULL,NULL),(368,46,'T008','报告编写','紫光展锐-上海测试测试-046 - 报告编写',8,NULL,23,NULL,NULL,NULL,'COMPLETED',2,1.88886,'2026-02-01 23:42:16','2026-02-01 23:42:16','2026-01-16 22:54:07','2026-01-16 23:24:07','2026-01-17 01:07:58',NULL,NULL),(369,47,'T001','样品接收登记','中芯国际集成电路-上海测试测试-047 - 样品接收登记',1,NULL,22,296,296,NULL,'COMPLETED',1,1.03664,'2026-02-01 23:42:16','2026-02-01 23:42:16','2026-01-16 14:00:00','2026-01-16 14:30:00','2026-01-16 15:34:23',NULL,NULL),(370,47,'T002','外观检查','中芯国际集成电路-上海测试测试-047 - 外观检查',2,NULL,21,243,243,NULL,'COMPLETED',1,1.0595,'2026-02-01 23:42:16','2026-02-01 23:42:16','2026-01-16 16:34:23','2026-01-16 17:04:23','2026-01-16 18:08:54',NULL,NULL),(371,47,'T003','X射线检测','中芯国际集成电路-上海测试测试-047 - X射线检测',3,NULL,20,215,215,NULL,'IN_PROGRESS',2,NULL,'2026-02-01 23:42:16','2026-02-01 23:42:16','2026-01-16 19:08:54','2026-01-16 19:23:54',NULL,NULL,NULL),(372,47,'T004','开封处理','中芯国际集成电路-上海测试测试-047 - 开封处理',4,NULL,NULL,271,271,NULL,'PENDING',4,NULL,'2026-02-01 23:42:16','2026-02-01 23:42:16',NULL,NULL,NULL,NULL,NULL),(373,47,'T005','SEM分析','中芯国际集成电路-上海测试测试-047 - SEM分析',5,NULL,23,230,230,NULL,'IN_PROGRESS',3,NULL,'2026-02-01 23:42:16','2026-02-01 23:42:16','2026-01-16 19:08:54','2026-01-16 19:23:54',NULL,NULL,NULL),(374,47,'T006','横截面制备','中芯国际集成电路-上海测试测试-047 - 横截面制备',6,NULL,23,285,285,NULL,'IN_PROGRESS',6,NULL,'2026-02-01 23:42:16','2026-02-01 23:42:16','2026-01-16 19:08:54','2026-01-16 19:23:54',NULL,NULL,NULL),(375,47,'T007','失效定位','中芯国际集成电路-上海测试测试-047 - 失效定位',7,NULL,NULL,222,222,NULL,'PENDING',4,NULL,'2026-02-01 23:42:16','2026-02-01 23:42:16',NULL,NULL,NULL,NULL,NULL),(376,47,'T008','报告编写','中芯国际集成电路-上海测试测试-047 - 报告编写',8,NULL,NULL,NULL,NULL,NULL,'PENDING',2,NULL,'2026-02-01 23:42:16','2026-02-01 23:42:16',NULL,NULL,NULL,NULL,NULL),(377,48,'T001','样品准备编号','韦尔半导体-深圳研发测试-048 - 样品准备编号',1,NULL,NULL,NULL,NULL,NULL,'PENDING',2,NULL,'2026-02-01 23:42:16','2026-02-01 23:42:16',NULL,NULL,NULL,NULL,NULL),(378,48,'T002','初始电气测试','韦尔半导体-深圳研发测试-048 - 初始电气测试',2,NULL,NULL,194,194,NULL,'PENDING',4,NULL,'2026-02-01 23:42:16','2026-02-01 23:42:16',NULL,NULL,NULL,NULL,NULL),(379,48,'T003','环境应力测试','韦尔半导体-深圳研发测试-048 - 环境应力测试',3,NULL,NULL,125,125,NULL,'PENDING',168,NULL,'2026-02-01 23:42:16','2026-02-01 23:42:16',NULL,NULL,NULL,NULL,NULL),(380,48,'T004','中间读数','韦尔半导体-深圳研发测试-048 - 中间读数',4,NULL,NULL,193,193,NULL,'PENDING',4,NULL,'2026-02-01 23:42:16','2026-02-01 23:42:16',NULL,NULL,NULL,NULL,NULL),(381,48,'T005','应力循环','韦尔半导体-深圳研发测试-048 - 应力循环',5,NULL,NULL,114,114,NULL,'PENDING',72,NULL,'2026-02-01 23:42:16','2026-02-01 23:42:16',NULL,NULL,NULL,NULL,NULL),(382,48,'T006','最终电气测试','韦尔半导体-深圳研发测试-048 - 最终电气测试',6,NULL,NULL,197,197,NULL,'PENDING',4,NULL,'2026-02-01 23:42:16','2026-02-01 23:42:16',NULL,NULL,NULL,NULL,NULL),(383,48,'T007','数据分析','韦尔半导体-深圳研发测试-048 - 数据分析',7,NULL,NULL,NULL,NULL,NULL,'PENDING',8,NULL,'2026-02-01 23:42:16','2026-02-01 23:42:16',NULL,NULL,NULL,NULL,NULL),(384,48,'T008','报告编写','韦尔半导体-深圳研发测试-048 - 报告编写',8,NULL,NULL,NULL,NULL,NULL,'PENDING',4,NULL,'2026-02-01 23:42:16','2026-02-01 23:42:16',NULL,NULL,NULL,NULL,NULL),(385,49,'T001','样品准备编号','长电科技股份-上海测试测试-049 - 样品准备编号',1,NULL,31,NULL,NULL,NULL,'COMPLETED',2,2.055,'2026-02-01 23:42:16','2026-02-01 23:42:16','2026-01-16 01:00:00','2026-01-16 01:40:00','2026-01-16 03:51:21',NULL,NULL),(386,49,'T002','初始电气测试','长电科技股份-上海测试测试-049 - 初始电气测试',2,NULL,31,399,399,NULL,'COMPLETED',4,3.8446,'2026-02-01 23:42:16','2026-02-01 23:42:16','2026-01-16 05:04:21','2026-01-16 05:14:21','2026-01-16 08:37:33',NULL,NULL),(387,49,'T003','环境应力测试','长电科技股份-上海测试测试-049 - 环境应力测试',3,NULL,32,337,337,NULL,'COMPLETED',168,177.638,'2026-02-01 23:42:16','2026-02-01 23:42:16','2026-01-16 10:31:33','2026-01-16 11:29:33','2026-01-22 08:44:55',NULL,NULL),(388,49,'T004','中间读数','长电科技股份-上海测试测试-049 - 中间读数',4,NULL,32,391,391,NULL,'COMPLETED',4,4.11435,'2026-02-01 23:42:16','2026-02-01 23:42:16','2026-01-22 10:24:55','2026-01-22 10:51:55','2026-01-22 14:53:11',NULL,NULL),(389,49,'T005','应力循环','长电科技股份-上海测试测试-049 - 应力循环',5,NULL,28,314,314,NULL,'COMPLETED',72,72.4434,'2026-02-01 23:42:16','2026-02-01 23:42:16','2026-01-22 16:41:11','2026-01-22 17:18:11','2026-01-26 05:15:10',NULL,NULL),(390,49,'T006','最终电气测试','长电科技股份-上海测试测试-049 - 最终电气测试',6,NULL,29,391,391,NULL,'COMPLETED',4,3.55469,'2026-02-01 23:42:16','2026-02-01 23:42:16','2026-01-26 07:13:10','2026-01-26 08:04:10','2026-01-26 12:22:32',NULL,NULL),(391,49,'T007','数据分析','长电科技股份-上海测试测试-049 - 数据分析',7,NULL,30,NULL,NULL,NULL,'COMPLETED',8,8.10978,'2026-02-01 23:42:16','2026-02-01 23:42:16','2026-01-26 13:35:32','2026-01-26 14:27:32','2026-01-26 20:59:32',NULL,NULL),(392,49,'T008','报告编写','长电科技股份-上海测试测试-049 - 报告编写',8,NULL,32,NULL,NULL,NULL,'COMPLETED',4,4.2794,'2026-02-01 23:42:16','2026-02-01 23:42:16','2026-01-26 21:45:32','2026-01-26 22:24:32','2026-01-27 02:06:58',NULL,NULL),(393,50,'T001','样品接收登记','中芯国际集成电路-深圳研发测试-050 - 样品接收登记',1,NULL,6,96,96,NULL,'COMPLETED',1,1.0284,'2026-02-01 23:42:16','2026-02-01 23:42:16','2026-01-17 09:00:00','2026-01-17 09:30:00','2026-01-17 10:35:29',NULL,NULL),(394,50,'T002','外观检查','中芯国际集成电路-深圳研发测试-050 - 外观检查',2,NULL,5,42,42,NULL,'COMPLETED',1,1.04425,'2026-02-01 23:42:16','2026-02-01 23:42:16','2026-01-17 11:35:29','2026-01-17 12:05:29','2026-01-17 13:09:28',NULL,NULL),(395,50,'T003','X射线检测','中芯国际集成电路-深圳研发测试-050 - X射线检测',3,NULL,4,30,30,NULL,'COMPLETED',2,1.89225,'2026-02-01 23:42:16','2026-02-01 23:42:16','2026-01-17 14:09:28','2026-01-17 14:39:28','2026-01-17 16:34:11',NULL,NULL),(396,50,'T004','开封处理','中芯国际集成电路-深圳研发测试-050 - 开封处理',4,NULL,5,80,80,NULL,'COMPLETED',4,4.22068,'2026-02-01 23:42:16','2026-02-01 23:42:16','2026-01-17 17:34:11','2026-01-17 18:04:11','2026-01-17 22:25:23',NULL,NULL),(397,50,'T005','SEM分析','中芯国际集成电路-深圳研发测试-050 - SEM分析',5,NULL,NULL,13,13,NULL,'PENDING',3,NULL,'2026-02-01 23:42:16','2026-02-01 23:42:16',NULL,NULL,NULL,NULL,NULL),(398,50,'T006','横截面制备','中芯国际集成电路-深圳研发测试-050 - 横截面制备',6,NULL,NULL,78,78,NULL,'PENDING',6,NULL,'2026-02-01 23:42:16','2026-02-01 23:42:16',NULL,NULL,NULL,NULL,NULL),(399,50,'T007','失效定位','中芯国际集成电路-深圳研发测试-050 - 失效定位',7,NULL,NULL,14,14,NULL,'PENDING',4,NULL,'2026-02-01 23:42:16','2026-02-01 23:42:16',NULL,NULL,NULL,NULL,NULL),(400,50,'T008','报告编写','中芯国际集成电路-深圳研发测试-050 - 报告编写',8,NULL,NULL,NULL,NULL,NULL,'PENDING',2,NULL,'2026-02-01 23:42:16','2026-02-01 23:42:16',NULL,NULL,NULL,NULL,NULL),(401,51,'T001','样品接收登记','质量保证部-深圳研发测试-051 - 样品接收登记',1,NULL,NULL,95,95,NULL,'PENDING',1,NULL,'2026-02-01 23:42:16','2026-02-01 23:42:16',NULL,NULL,NULL,NULL,NULL),(402,51,'T002','外观检查','质量保证部-深圳研发测试-051 - 外观检查',2,NULL,NULL,50,50,NULL,'PENDING',1,NULL,'2026-02-01 23:42:16','2026-02-01 23:42:16',NULL,NULL,NULL,NULL,NULL),(403,51,'T003','X射线检测','质量保证部-深圳研发测试-051 - X射线检测',3,NULL,NULL,23,23,NULL,'PENDING',2,NULL,'2026-02-01 23:42:16','2026-02-01 23:42:16',NULL,NULL,NULL,NULL,NULL),(404,51,'T004','开封处理','质量保证部-深圳研发测试-051 - 开封处理',4,NULL,NULL,74,74,NULL,'PENDING',4,NULL,'2026-02-01 23:42:16','2026-02-01 23:42:16',NULL,NULL,NULL,NULL,NULL),(405,51,'T005','SEM分析','质量保证部-深圳研发测试-051 - SEM分析',5,NULL,NULL,30,30,NULL,'PENDING',3,NULL,'2026-02-01 23:42:16','2026-02-01 23:42:16',NULL,NULL,NULL,NULL,NULL),(406,51,'T006','横截面制备','质量保证部-深圳研发测试-051 - 横截面制备',6,NULL,NULL,86,86,NULL,'PENDING',6,NULL,'2026-02-01 23:42:16','2026-02-01 23:42:16',NULL,NULL,NULL,NULL,NULL),(407,51,'T007','失效定位','质量保证部-深圳研发测试-051 - 失效定位',7,NULL,NULL,27,27,NULL,'PENDING',4,NULL,'2026-02-01 23:42:16','2026-02-01 23:42:16',NULL,NULL,NULL,NULL,NULL),(408,51,'T008','报告编写','质量保证部-深圳研发测试-051 - 报告编写',8,NULL,NULL,NULL,NULL,NULL,'PENDING',2,NULL,'2026-02-01 23:42:16','2026-02-01 23:42:16',NULL,NULL,NULL,NULL,NULL),(409,52,'T001','样品接收登记','华为技术有限公司-深圳研发测试-052 - 样品接收登记',1,NULL,7,97,97,NULL,'COMPLETED',1,1.00429,'2026-02-01 23:42:16','2026-02-01 23:42:16','2026-01-16 21:00:00','2026-01-16 21:31:00','2026-01-16 22:21:40',NULL,NULL),(410,52,'T002','外观检查','华为技术有限公司-深圳研发测试-052 - 外观检查',2,NULL,4,31,31,NULL,'COMPLETED',1,0.963876,'2026-02-01 23:42:16','2026-02-01 23:42:16','2026-01-17 00:18:40','2026-01-17 01:09:40','2026-01-17 02:04:00',NULL,NULL),(411,52,'T003','X射线检测','华为技术有限公司-深圳研发测试-052 - X射线检测',3,NULL,4,27,27,NULL,'COMPLETED',2,2.24091,'2026-02-01 23:42:16','2026-02-01 23:42:16','2026-01-17 02:52:00','2026-01-17 03:37:00','2026-01-17 05:36:50',NULL,NULL),(412,52,'T004','开封处理','华为技术有限公司-深圳研发测试-052 - 开封处理',4,NULL,5,74,74,NULL,'COMPLETED',4,4.40415,'2026-02-01 23:42:16','2026-02-01 23:42:16','2026-01-17 06:22:50','2026-01-17 07:08:50','2026-01-17 11:30:34',NULL,NULL),(413,52,'T005','SEM分析','华为技术有限公司-深圳研发测试-052 - SEM分析',5,NULL,7,1,1,NULL,'COMPLETED',3,3.30537,'2026-02-01 23:42:16','2026-02-01 23:42:16','2026-01-17 13:01:34','2026-01-17 13:37:34','2026-01-17 17:10:03',NULL,NULL),(414,52,'T006','横截面制备','华为技术有限公司-深圳研发测试-052 - 横截面制备',6,NULL,6,78,78,NULL,'COMPLETED',6,5.24072,'2026-02-01 23:42:16','2026-02-01 23:42:16','2026-01-17 18:13:03','2026-01-17 18:31:03','2026-01-17 23:42:50',NULL,NULL),(415,52,'T007','失效定位','华为技术有限公司-深圳研发测试-052 - 失效定位',7,NULL,5,29,29,NULL,'COMPLETED',4,4.50694,'2026-02-01 23:42:16','2026-02-01 23:42:16','2026-01-18 00:23:50','2026-01-18 01:22:50','2026-01-18 06:00:13',NULL,NULL),(416,52,'T008','报告编写','华为技术有限公司-深圳研发测试-052 - 报告编写',8,NULL,5,NULL,NULL,NULL,'COMPLETED',2,2.0235,'2026-02-01 23:42:16','2026-02-01 23:42:16','2026-01-18 06:51:13','2026-01-18 07:34:13','2026-01-18 09:39:18',NULL,NULL),(417,53,'T001','样品准备编号','华为技术有限公司-深圳研发测试-053 - 样品准备编号',1,NULL,15,NULL,NULL,NULL,'COMPLETED',2,2.22464,'2026-02-01 23:42:16','2026-02-01 23:42:16','2026-01-18 05:00:00','2026-01-18 05:16:00','2026-01-18 07:39:35',NULL,NULL),(418,53,'T002','初始电气测试','华为技术有限公司-深圳研发测试-053 - 初始电气测试',2,NULL,16,197,197,NULL,'COMPLETED',4,3.80906,'2026-02-01 23:42:16','2026-02-01 23:42:16','2026-01-18 09:24:35','2026-01-18 10:07:35','2026-01-18 14:12:29',NULL,NULL),(419,53,'T003','环境应力测试','华为技术有限公司-深圳研发测试-053 - 环境应力测试',3,NULL,15,123,123,NULL,'COMPLETED',168,150.942,'2026-02-01 23:42:16','2026-02-01 23:42:16','2026-01-18 15:45:29','2026-01-18 16:40:29','2026-01-24 16:12:53',NULL,NULL),(420,53,'T004','中间读数','华为技术有限公司-深圳研发测试-053 - 中间读数',4,NULL,16,193,193,NULL,'COMPLETED',4,4.29723,'2026-02-01 23:42:16','2026-02-01 23:42:16','2026-01-24 17:21:53','2026-01-24 18:08:53','2026-01-24 22:10:11',NULL,NULL),(421,53,'T005','应力循环','华为技术有限公司-深圳研发测试-053 - 应力循环',5,NULL,14,103,103,NULL,'COMPLETED',72,64.0066,'2026-02-01 23:42:16','2026-02-01 23:42:16','2026-01-24 22:41:11','2026-01-24 23:41:11','2026-01-28 05:43:37',NULL,NULL),(422,53,'T006','最终电气测试','华为技术有限公司-深圳研发测试-053 - 最终电气测试',6,NULL,12,193,193,NULL,'COMPLETED',4,3.96052,'2026-02-01 23:42:16','2026-02-01 23:42:16','2026-01-28 07:17:37','2026-01-28 07:50:37','2026-01-28 12:36:52',NULL,NULL),(423,53,'T007','数据分析','华为技术有限公司-深圳研发测试-053 - 数据分析',7,NULL,13,NULL,NULL,NULL,'COMPLETED',8,8.80115,'2026-02-01 23:42:16','2026-02-01 23:42:16','2026-01-28 13:59:52','2026-01-28 14:28:52','2026-01-28 22:10:57',NULL,NULL),(424,53,'T008','报告编写','华为技术有限公司-深圳研发测试-053 - 报告编写',8,NULL,13,NULL,NULL,NULL,'COMPLETED',4,4.18824,'2026-02-01 23:42:16','2026-02-01 23:42:16','2026-01-28 22:54:57','2026-01-28 23:40:57','2026-01-29 03:44:20',NULL,NULL),(425,54,'T001','样品接收登记','韦尔半导体-上海测试测试-054 - 样品接收登记',1,NULL,24,294,294,NULL,'COMPLETED',1,1.04516,'2026-02-01 23:42:16','2026-02-01 23:42:16','2026-01-18 08:00:00','2026-01-18 08:30:00','2026-01-18 09:41:47',NULL,NULL),(426,54,'T002','外观检查','韦尔半导体-上海测试测试-054 - 外观检查',2,NULL,21,245,245,NULL,'COMPLETED',1,0.868162,'2026-02-01 23:42:16','2026-02-01 23:42:16','2026-01-18 10:12:47','2026-01-18 11:10:47','2026-01-18 12:17:53',NULL,NULL),(427,54,'T003','X射线检测','韦尔半导体-上海测试测试-054 - X射线检测',3,NULL,21,214,214,NULL,'COMPLETED',2,2.14401,'2026-02-01 23:42:16','2026-02-01 23:42:16','2026-01-18 13:19:53','2026-01-18 14:07:53','2026-01-18 16:24:12',NULL,NULL),(428,54,'T004','开封处理','韦尔半导体-上海测试测试-054 - 开封处理',4,NULL,24,287,287,NULL,'COMPLETED',4,4.1649,'2026-02-01 23:42:16','2026-02-01 23:42:16','2026-01-18 17:12:12','2026-01-18 17:28:12','2026-01-18 22:05:57',NULL,NULL),(429,54,'T005','SEM分析','韦尔半导体-上海测试测试-054 - SEM分析',5,NULL,22,203,203,NULL,'COMPLETED',3,2.84698,'2026-02-01 23:42:16','2026-02-01 23:42:16','2026-01-18 23:46:57','2026-01-19 00:01:57','2026-01-19 02:48:09',NULL,NULL),(430,54,'T006','横截面制备','韦尔半导体-上海测试测试-054 - 横截面制备',6,NULL,20,272,272,NULL,'COMPLETED',6,5.23702,'2026-02-01 23:42:16','2026-02-01 23:42:16','2026-01-19 04:14:09','2026-01-19 04:50:09','2026-01-19 10:21:45',NULL,NULL),(431,54,'T007','失效定位','韦尔半导体-上海测试测试-054 - 失效定位',7,NULL,22,226,226,NULL,'COMPLETED',4,3.67324,'2026-02-01 23:42:16','2026-02-01 23:42:16','2026-01-19 12:03:45','2026-01-19 12:30:45','2026-01-19 16:45:36',NULL,NULL),(432,54,'T008','报告编写','韦尔半导体-上海测试测试-054 - 报告编写',8,NULL,23,NULL,NULL,NULL,'COMPLETED',2,2.27847,'2026-02-01 23:42:16','2026-02-01 23:42:16','2026-01-19 18:19:36','2026-01-19 19:17:36','2026-01-19 21:08:32',NULL,NULL),(433,55,'T001','样品准备编号','内部研发部门-上海测试测试-055 - 样品准备编号',1,NULL,29,NULL,NULL,NULL,'COMPLETED',2,2.17699,'2026-02-01 23:42:16','2026-02-01 23:42:16','2026-01-17 22:00:00','2026-01-17 22:18:00','2026-01-18 00:20:39',NULL,NULL),(434,55,'T002','初始电气测试','内部研发部门-上海测试测试-055 - 初始电气测试',2,NULL,32,396,396,NULL,'COMPLETED',4,3.76354,'2026-02-01 23:42:16','2026-02-01 23:42:16','2026-01-18 02:05:39','2026-01-18 02:15:39','2026-01-18 06:30:05',NULL,NULL),(435,55,'T003','环境应力测试','内部研发部门-上海测试测试-055 - 环境应力测试',3,NULL,28,343,343,NULL,'COMPLETED',168,186.75,'2026-02-01 23:42:16','2026-02-01 23:42:16','2026-01-18 07:57:05','2026-01-18 08:34:05','2026-01-26 14:11:53',NULL,NULL),(436,55,'T004','中间读数','内部研发部门-上海测试测试-055 - 中间读数',4,NULL,30,395,395,NULL,'COMPLETED',4,3.66263,'2026-02-01 23:42:16','2026-02-01 23:42:16','2026-01-26 16:00:53','2026-01-26 16:34:53','2026-01-26 20:31:41',NULL,NULL),(437,55,'T005','应力循环','内部研发部门-上海测试测试-055 - 应力循环',5,NULL,28,314,314,NULL,'COMPLETED',72,68.7928,'2026-02-01 23:42:16','2026-02-01 23:42:16','2026-01-26 21:26:41','2026-01-26 21:40:41','2026-01-30 02:39:24',NULL,NULL),(438,55,'T006','最终电气测试','内部研发部门-上海测试测试-055 - 最终电气测试',6,NULL,30,395,395,NULL,'COMPLETED',4,3.47498,'2026-02-01 23:42:16','2026-02-01 23:42:16','2026-01-30 04:38:24','2026-01-30 05:07:24','2026-01-30 08:27:41',NULL,NULL),(439,55,'T007','数据分析','内部研发部门-上海测试测试-055 - 数据分析',7,NULL,29,NULL,NULL,NULL,'COMPLETED',8,9.00227,'2026-02-01 23:42:16','2026-02-01 23:42:16','2026-01-30 09:33:41','2026-01-30 09:44:41','2026-01-30 18:00:28',NULL,NULL),(440,55,'T008','报告编写','内部研发部门-上海测试测试-055 - 报告编写',8,NULL,30,NULL,NULL,NULL,'COMPLETED',4,4.56655,'2026-02-01 23:42:16','2026-02-01 23:42:16','2026-01-30 19:36:28','2026-01-30 20:15:28','2026-01-31 00:33:38',NULL,NULL),(441,56,'T001','样品准备编号','华为技术有限公司-深圳研发测试-056 - 样品准备编号',1,NULL,12,NULL,NULL,NULL,'COMPLETED',2,2.1489,'2026-02-01 23:42:16','2026-02-01 23:42:16','2026-01-19 12:00:00','2026-01-19 12:32:00','2026-01-19 14:43:14',NULL,NULL),(442,56,'T002','初始电气测试','华为技术有限公司-深圳研发测试-056 - 初始电气测试',2,NULL,13,196,196,NULL,'COMPLETED',4,4.27241,'2026-02-01 23:42:16','2026-02-01 23:42:16','2026-01-19 16:10:14','2026-01-19 17:10:14','2026-01-19 20:33:21',NULL,NULL),(443,56,'T003','环境应力测试','华为技术有限公司-深圳研发测试-056 - 环境应力测试',3,NULL,12,123,123,NULL,'COMPLETED',168,170.818,'2026-02-01 23:42:16','2026-02-01 23:42:16','2026-01-19 21:38:21','2026-01-19 21:49:21','2026-01-27 05:59:20',NULL,NULL),(444,56,'T004','中间读数','华为技术有限公司-深圳研发测试-056 - 中间读数',4,NULL,14,194,194,NULL,'COMPLETED',4,3.416,'2026-02-01 23:42:16','2026-02-01 23:42:16','2026-01-27 07:03:20','2026-01-27 08:03:20','2026-01-27 11:24:15',NULL,NULL),(445,56,'T005','应力循环','华为技术有限公司-深圳研发测试-056 - 应力循环',5,NULL,14,120,120,NULL,'COMPLETED',72,77.2643,'2026-02-01 23:42:16','2026-02-01 23:42:16','2026-01-27 12:52:15','2026-01-27 13:24:15','2026-01-31 03:33:30',NULL,NULL),(446,56,'T006','最终电气测试','华为技术有限公司-深圳研发测试-056 - 最终电气测试',6,NULL,16,192,192,NULL,'COMPLETED',4,4.03412,'2026-02-01 23:42:16','2026-02-01 23:42:16','2026-01-31 04:47:30','2026-01-31 05:35:30','2026-01-31 08:55:25',NULL,NULL),(447,56,'T007','数据分析','华为技术有限公司-深圳研发测试-056 - 数据分析',7,NULL,12,NULL,NULL,NULL,'COMPLETED',8,7.6799,'2026-02-01 23:42:16','2026-02-01 23:42:16','2026-01-31 10:45:25','2026-01-31 11:03:25','2026-01-31 18:37:00',NULL,NULL),(448,56,'T008','报告编写','华为技术有限公司-深圳研发测试-056 - 报告编写',8,NULL,13,NULL,NULL,NULL,'COMPLETED',4,3.7684,'2026-02-01 23:42:16','2026-02-01 23:42:16','2026-01-31 19:58:00','2026-01-31 20:14:00','2026-01-31 23:54:04',NULL,NULL),(449,57,'T001','样品接收登记','汇顶科技-上海测试测试-057 - 样品接收登记',1,NULL,22,292,292,NULL,'COMPLETED',1,0.997593,'2026-02-01 23:42:16','2026-02-01 23:42:16','2026-01-19 00:00:00','2026-01-19 00:30:00','2026-01-19 01:32:04',NULL,NULL),(450,57,'T002','外观检查','汇顶科技-上海测试测试-057 - 外观检查',2,NULL,20,233,233,NULL,'COMPLETED',1,1.02222,'2026-02-01 23:42:16','2026-02-01 23:42:16','2026-01-19 02:32:04','2026-01-19 03:02:04','2026-01-19 04:04:31',NULL,NULL),(451,57,'T003','X射线检测','汇顶科技-上海测试测试-057 - X射线检测',3,NULL,21,202,202,NULL,'COMPLETED',2,2.13119,'2026-02-01 23:42:16','2026-02-01 23:42:16','2026-01-19 05:04:31','2026-01-19 05:34:31','2026-01-19 07:31:40',NULL,NULL),(452,57,'T004','开封处理','汇顶科技-上海测试测试-057 - 开封处理',4,NULL,23,278,278,NULL,'IN_PROGRESS',4,NULL,'2026-02-01 23:42:16','2026-02-01 23:42:16','2026-01-19 08:31:40','2026-01-19 08:46:40',NULL,NULL,NULL),(453,57,'T005','SEM分析','汇顶科技-上海测试测试-057 - SEM分析',5,NULL,20,204,204,NULL,'COMPLETED',3,2.88228,'2026-02-01 23:42:16','2026-02-01 23:42:16','2026-01-19 08:31:40','2026-01-19 09:01:40','2026-01-19 12:14:37',NULL,NULL),(454,57,'T006','横截面制备','汇顶科技-上海测试测试-057 - 横截面制备',6,NULL,NULL,275,275,NULL,'PENDING',6,NULL,'2026-02-01 23:42:16','2026-02-01 23:42:16',NULL,NULL,NULL,NULL,NULL),(455,57,'T007','失效定位','汇顶科技-上海测试测试-057 - 失效定位',7,NULL,NULL,210,210,NULL,'PENDING',4,NULL,'2026-02-01 23:42:16','2026-02-01 23:42:16',NULL,NULL,NULL,NULL,NULL),(456,57,'T008','报告编写','汇顶科技-上海测试测试-057 - 报告编写',8,NULL,NULL,NULL,NULL,NULL,'PENDING',2,NULL,'2026-02-01 23:42:16','2026-02-01 23:42:16',NULL,NULL,NULL,NULL,NULL),(457,58,'T001','样品接收登记','内部研发部门-深圳研发测试-058 - 样品接收登记',1,NULL,5,93,93,NULL,'COMPLETED',1,0.925905,'2026-02-01 23:42:16','2026-02-01 23:42:16','2026-01-18 22:00:00','2026-01-18 22:50:00','2026-01-18 23:51:30',NULL,NULL),(458,58,'T002','外观检查','内部研发部门-深圳研发测试-058 - 外观检查',2,NULL,6,33,33,NULL,'COMPLETED',1,0.910317,'2026-02-01 23:42:16','2026-02-01 23:42:16','2026-01-19 00:54:30','2026-01-19 01:50:30','2026-01-19 02:43:05',NULL,NULL),(459,58,'T003','X射线检测','内部研发部门-深圳研发测试-058 - X射线检测',3,NULL,8,11,11,NULL,'COMPLETED',2,2.06456,'2026-02-01 23:42:16','2026-02-01 23:42:16','2026-01-19 03:46:05','2026-01-19 04:29:05','2026-01-19 06:23:47',NULL,NULL),(460,58,'T004','开封处理','内部研发部门-深圳研发测试-058 - 开封处理',4,NULL,6,75,75,NULL,'COMPLETED',4,3.66453,'2026-02-01 23:42:16','2026-02-01 23:42:16','2026-01-19 06:55:47','2026-01-19 07:37:47','2026-01-19 10:52:51',NULL,NULL),(461,58,'T005','SEM分析','内部研发部门-深圳研发测试-058 - SEM分析',5,NULL,8,8,8,NULL,'COMPLETED',3,2.84135,'2026-02-01 23:42:16','2026-02-01 23:42:16','2026-01-19 11:40:51','2026-01-19 12:36:51','2026-01-19 16:11:24',NULL,NULL),(462,58,'T006','横截面制备','内部研发部门-深圳研发测试-058 - 横截面制备',6,NULL,4,72,72,NULL,'COMPLETED',6,5.88376,'2026-02-01 23:42:16','2026-02-01 23:42:16','2026-01-19 17:21:24','2026-01-19 17:34:24','2026-01-19 22:49:02',NULL,NULL),(463,58,'T007','失效定位','内部研发部门-深圳研发测试-058 - 失效定位',7,NULL,4,4,4,NULL,'COMPLETED',4,4.21899,'2026-02-01 23:42:16','2026-02-01 23:42:16','2026-01-20 00:38:02','2026-01-20 00:50:02','2026-01-20 04:24:26',NULL,NULL),(464,58,'T008','报告编写','内部研发部门-深圳研发测试-058 - 报告编写',8,NULL,4,NULL,NULL,NULL,'COMPLETED',2,1.98657,'2026-02-01 23:42:16','2026-02-01 23:42:16','2026-01-20 05:04:26','2026-01-20 05:49:26','2026-01-20 07:58:13',NULL,NULL),(465,59,'T001','样品接收登记','中芯国际集成电路-上海测试测试-059 - 样品接收登记',1,NULL,21,292,292,NULL,'COMPLETED',1,0.957561,'2026-02-01 23:42:16','2026-02-01 23:42:16','2026-01-19 09:00:00','2026-01-19 09:30:00','2026-01-19 10:25:14',NULL,NULL),(466,59,'T002','外观检查','中芯国际集成电路-上海测试测试-059 - 外观检查',2,NULL,23,236,236,NULL,'COMPLETED',1,0.928372,'2026-02-01 23:42:16','2026-02-01 23:42:16','2026-01-19 11:25:14','2026-01-19 11:55:14','2026-01-19 12:50:24',NULL,NULL),(467,59,'T003','X射线检测','中芯国际集成电路-上海测试测试-059 - X射线检测',3,NULL,23,227,227,NULL,'COMPLETED',2,1.98371,'2026-02-01 23:42:16','2026-02-01 23:42:16','2026-01-19 13:50:24','2026-01-19 14:20:24','2026-01-19 16:15:19',NULL,NULL),(468,59,'T004','开封处理','中芯国际集成电路-上海测试测试-059 - 开封处理',4,NULL,22,274,274,NULL,'IN_PROGRESS',4,NULL,'2026-02-01 23:42:16','2026-02-01 23:42:16','2026-01-19 17:15:19','2026-01-19 17:30:19',NULL,NULL,NULL),(469,59,'T005','SEM分析','中芯国际集成电路-上海测试测试-059 - SEM分析',5,NULL,21,220,220,NULL,'IN_PROGRESS',3,NULL,'2026-02-01 23:42:16','2026-02-01 23:42:16','2026-01-19 17:15:19','2026-01-19 17:30:19',NULL,NULL,NULL),(470,59,'T006','横截面制备','中芯国际集成电路-上海测试测试-059 - 横截面制备',6,NULL,NULL,283,283,NULL,'PENDING',6,NULL,'2026-02-01 23:42:16','2026-02-01 23:42:16',NULL,NULL,NULL,NULL,NULL),(471,59,'T007','失效定位','中芯国际集成电路-上海测试测试-059 - 失效定位',7,NULL,NULL,209,209,NULL,'PENDING',4,NULL,'2026-02-01 23:42:16','2026-02-01 23:42:16',NULL,NULL,NULL,NULL,NULL),(472,59,'T008','报告编写','中芯国际集成电路-上海测试测试-059 - 报告编写',8,NULL,NULL,NULL,NULL,NULL,'PENDING',2,NULL,'2026-02-01 23:42:16','2026-02-01 23:42:16',NULL,NULL,NULL,NULL,NULL),(473,60,'T001','样品准备编号','韦尔半导体-上海测试测试-060 - 样品准备编号',1,NULL,28,NULL,NULL,NULL,'COMPLETED',2,2.19059,'2026-02-01 23:42:16','2026-02-01 23:42:16','2026-01-20 14:00:00','2026-01-20 14:25:00','2026-01-20 16:25:25',NULL,NULL),(474,60,'T002','初始电气测试','韦尔半导体-上海测试测试-060 - 初始电气测试',2,NULL,32,395,395,NULL,'COMPLETED',4,4.46502,'2026-02-01 23:42:16','2026-02-01 23:42:16','2026-01-20 17:11:25','2026-01-20 18:10:25','2026-01-20 21:59:23',NULL,NULL),(475,60,'T003','环境应力测试','韦尔半导体-上海测试测试-060 - 环境应力测试',3,NULL,28,347,347,NULL,'COMPLETED',168,177.547,'2026-02-01 23:42:16','2026-02-01 23:42:16','2026-01-20 22:53:23','2026-01-20 23:49:23','2026-01-27 11:11:48',NULL,NULL),(476,60,'T004','中间读数','韦尔半导体-上海测试测试-060 - 中间读数',4,NULL,28,397,397,NULL,'COMPLETED',4,3.7681,'2026-02-01 23:42:16','2026-02-01 23:42:16','2026-01-27 12:36:48','2026-01-27 13:27:48','2026-01-27 18:05:16',NULL,NULL),(477,60,'T005','应力循环','韦尔半导体-上海测试测试-060 - 应力循环',5,NULL,32,317,317,NULL,'COMPLETED',72,66.2671,'2026-02-01 23:42:16','2026-02-01 23:42:16','2026-01-27 19:57:16','2026-01-27 20:31:16','2026-01-30 19:22:58',NULL,NULL),(478,60,'T006','最终电气测试','韦尔半导体-上海测试测试-060 - 最终电气测试',6,NULL,30,393,393,NULL,'COMPLETED',4,4.10824,'2026-02-01 23:42:16','2026-02-01 23:42:16','2026-01-30 20:29:58','2026-01-30 21:15:58','2026-01-31 00:40:08',NULL,NULL),(479,60,'T007','数据分析','韦尔半导体-上海测试测试-060 - 数据分析',7,NULL,30,NULL,NULL,NULL,'COMPLETED',8,7.46526,'2026-02-01 23:42:16','2026-02-01 23:42:16','2026-01-31 01:44:08','2026-01-31 02:04:08','2026-01-31 11:00:25',NULL,NULL),(480,60,'T008','报告编写','韦尔半导体-上海测试测试-060 - 报告编写',8,NULL,32,NULL,NULL,NULL,'COMPLETED',4,4.52686,'2026-02-01 23:42:16','2026-02-01 23:42:16','2026-01-31 12:10:25','2026-01-31 12:23:25','2026-01-31 16:20:44',NULL,NULL),(481,61,'T001','样品准备编号','内部研发部门-上海测试测试-061 - 样品准备编号',1,NULL,31,NULL,NULL,NULL,'COMPLETED',2,2.2527,'2026-02-01 23:42:16','2026-02-01 23:42:16','2026-01-20 12:00:00','2026-01-20 12:24:00','2026-01-20 14:32:03',NULL,NULL),(482,61,'T002','初始电气测试','内部研发部门-上海测试测试-061 - 初始电气测试',2,NULL,28,396,396,NULL,'COMPLETED',4,3.59199,'2026-02-01 23:42:16','2026-02-01 23:42:16','2026-01-20 15:26:03','2026-01-20 16:04:03','2026-01-20 20:43:44',NULL,NULL),(483,61,'T003','环境应力测试','内部研发部门-上海测试测试-061 - 环境应力测试',3,NULL,29,330,330,NULL,'COMPLETED',168,157.235,'2026-02-01 23:42:16','2026-02-01 23:42:16','2026-01-20 21:14:44','2026-01-20 22:14:44','2026-01-27 23:01:06',NULL,NULL),(484,61,'T004','中间读数','内部研发部门-上海测试测试-061 - 中间读数',4,NULL,28,400,400,NULL,'COMPLETED',4,3.79901,'2026-02-01 23:42:16','2026-02-01 23:42:16','2026-01-28 00:17:06','2026-01-28 00:54:06','2026-01-28 04:17:55',NULL,NULL),(485,61,'T005','应力循环','内部研发部门-上海测试测试-061 - 应力循环',5,NULL,32,302,302,NULL,'COMPLETED',72,68.3439,'2026-02-01 23:42:16','2026-02-01 23:42:16','2026-01-28 05:33:55','2026-01-28 06:20:55','2026-01-30 18:25:33',NULL,NULL),(486,61,'T006','最终电气测试','内部研发部门-上海测试测试-061 - 最终电气测试',6,NULL,30,395,395,NULL,'COMPLETED',4,3.67911,'2026-02-01 23:42:16','2026-02-01 23:42:16','2026-01-30 19:37:33','2026-01-30 20:23:33','2026-01-31 00:45:40',NULL,NULL),(487,61,'T007','数据分析','内部研发部门-上海测试测试-061 - 数据分析',7,NULL,32,NULL,NULL,NULL,'COMPLETED',8,7.01111,'2026-02-01 23:42:16','2026-02-01 23:42:16','2026-01-31 01:57:40','2026-01-31 02:33:40','2026-01-31 09:56:20',NULL,NULL),(488,61,'T008','报告编写','内部研发部门-上海测试测试-061 - 报告编写',8,NULL,30,NULL,NULL,NULL,'COMPLETED',4,3.54695,'2026-02-01 23:42:16','2026-02-01 23:42:16','2026-01-31 11:28:20','2026-01-31 12:13:20','2026-01-31 16:09:21',NULL,NULL),(489,62,'T001','样品准备编号','质量保证部-上海测试测试-062 - 样品准备编号',1,NULL,32,NULL,NULL,NULL,'COMPLETED',2,2.1116,'2026-02-01 23:42:16','2026-02-01 23:42:16','2026-01-19 23:00:00','2026-01-19 23:39:00','2026-01-20 01:24:36',NULL,NULL),(490,62,'T002','初始电气测试','质量保证部-上海测试测试-062 - 初始电气测试',2,NULL,30,392,392,NULL,'COMPLETED',4,3.87031,'2026-02-01 23:42:16','2026-02-01 23:42:16','2026-01-20 02:51:36','2026-01-20 03:01:36','2026-01-20 06:23:14',NULL,NULL),(491,62,'T003','环境应力测试','质量保证部-上海测试测试-062 - 环境应力测试',3,NULL,30,332,332,NULL,'COMPLETED',168,188.648,'2026-02-01 23:42:16','2026-02-01 23:42:16','2026-01-20 07:41:14','2026-01-20 08:12:14','2026-01-28 08:46:30',NULL,NULL),(492,62,'T004','中间读数','质量保证部-上海测试测试-062 - 中间读数',4,NULL,32,396,396,NULL,'COMPLETED',4,4.58674,'2026-02-01 23:42:16','2026-02-01 23:42:16','2026-01-28 10:37:30','2026-01-28 10:53:30','2026-01-28 15:12:58',NULL,NULL),(493,62,'T005','应力循环','质量保证部-上海测试测试-062 - 应力循环',5,NULL,30,307,307,NULL,'COMPLETED',72,69.1026,'2026-02-01 23:42:16','2026-02-01 23:42:16','2026-01-28 15:57:58','2026-01-28 16:50:58','2026-01-31 10:14:34',NULL,NULL),(494,62,'T006','最终电气测试','质量保证部-上海测试测试-062 - 最终电气测试',6,NULL,31,393,393,NULL,'COMPLETED',4,3.66045,'2026-02-01 23:42:16','2026-02-01 23:42:16','2026-01-31 10:47:34','2026-01-31 10:58:34','2026-01-31 15:05:36',NULL,NULL),(495,62,'T007','数据分析','质量保证部-上海测试测试-062 - 数据分析',7,NULL,28,NULL,NULL,NULL,'COMPLETED',8,7.34457,'2026-02-01 23:42:16','2026-02-01 23:42:16','2026-01-31 16:01:36','2026-01-31 17:00:36','2026-02-01 01:10:29',NULL,NULL),(496,62,'T008','报告编写','质量保证部-上海测试测试-062 - 报告编写',8,NULL,29,NULL,NULL,NULL,'COMPLETED',4,3.96869,'2026-02-01 23:42:16','2026-02-01 23:42:16','2026-02-01 02:18:29','2026-02-01 02:51:29','2026-02-01 06:27:29',NULL,NULL),(497,63,'T001','样品准备编号','质量保证部-上海测试测试-063 - 样品准备编号',1,NULL,32,NULL,NULL,NULL,'COMPLETED',2,1.92146,'2026-02-01 23:42:16','2026-02-01 23:42:16','2026-01-20 20:00:00','2026-01-20 20:30:00','2026-01-20 22:41:59',NULL,NULL),(498,63,'T002','初始电气测试','质量保证部-上海测试测试-063 - 初始电气测试',2,NULL,31,395,395,NULL,'COMPLETED',4,4.09813,'2026-02-01 23:42:16','2026-02-01 23:42:16','2026-01-20 23:41:59','2026-01-21 00:11:59','2026-01-21 04:00:08',NULL,NULL),(499,63,'T003','环境应力测试','质量保证部-上海测试测试-063 - 环境应力测试',3,NULL,32,321,321,NULL,'IN_PROGRESS',168,NULL,'2026-02-01 23:42:16','2026-02-01 23:42:16','2026-01-21 05:00:08','2026-01-21 05:15:08',NULL,NULL,NULL),(500,63,'T004','中间读数','质量保证部-上海测试测试-063 - 中间读数',4,NULL,31,392,392,NULL,'IN_PROGRESS',4,NULL,'2026-02-01 23:42:16','2026-02-01 23:42:16','2026-01-21 05:00:08','2026-01-21 05:15:08',NULL,NULL,NULL),(501,63,'T005','应力循环','质量保证部-上海测试测试-063 - 应力循环',5,NULL,30,306,306,NULL,'COMPLETED',72,69.0423,'2026-02-01 23:42:16','2026-02-01 23:42:16','2026-01-21 05:00:08','2026-01-21 05:30:08','2026-01-24 00:48:05',NULL,NULL),(502,63,'T006','最终电气测试','质量保证部-上海测试测试-063 - 最终电气测试',6,NULL,NULL,400,400,NULL,'PENDING',4,NULL,'2026-02-01 23:42:16','2026-02-01 23:42:16',NULL,NULL,NULL,NULL,NULL),(503,63,'T007','数据分析','质量保证部-上海测试测试-063 - 数据分析',7,NULL,NULL,NULL,NULL,NULL,'PENDING',8,NULL,'2026-02-01 23:42:16','2026-02-01 23:42:16',NULL,NULL,NULL,NULL,NULL),(504,63,'T008','报告编写','质量保证部-上海测试测试-063 - 报告编写',8,NULL,NULL,NULL,NULL,NULL,'PENDING',4,NULL,'2026-02-01 23:42:16','2026-02-01 23:42:16',NULL,NULL,NULL,NULL,NULL),(505,64,'T001','样品准备编号','汇顶科技-深圳研发测试-064 - 样品准备编号',1,NULL,15,NULL,NULL,NULL,'COMPLETED',2,1.88938,'2026-02-01 23:42:16','2026-02-01 23:42:16','2026-01-21 15:00:00','2026-01-21 15:57:00','2026-01-21 18:03:06',NULL,NULL),(506,64,'T002','初始电气测试','汇顶科技-深圳研发测试-064 - 初始电气测试',2,NULL,13,191,191,NULL,'COMPLETED',4,4.08207,'2026-02-01 23:42:16','2026-02-01 23:42:16','2026-01-21 19:39:06','2026-01-21 20:29:06','2026-01-22 01:05:01',NULL,NULL),(507,64,'T003','环境应力测试','汇顶科技-深圳研发测试-064 - 环境应力测试',3,NULL,13,130,130,NULL,'COMPLETED',168,160.603,'2026-02-01 23:42:16','2026-02-01 23:42:16','2026-01-22 01:41:01','2026-01-22 02:31:01','2026-01-30 09:59:52',NULL,NULL),(508,64,'T004','中间读数','汇顶科技-深圳研发测试-064 - 中间读数',4,NULL,14,200,200,NULL,'COMPLETED',4,3.65679,'2026-02-01 23:42:16','2026-02-01 23:42:16','2026-01-30 11:54:52','2026-01-30 12:51:52','2026-01-30 17:36:14',NULL,NULL),(509,64,'T005','应力循环','汇顶科技-深圳研发测试-064 - 应力循环',5,NULL,16,103,103,NULL,'COMPLETED',72,73.8155,'2026-02-01 23:42:16','2026-02-01 23:42:16','2026-01-30 18:16:14','2026-01-30 19:06:14','2026-02-02 13:51:14',NULL,NULL),(510,64,'T006','最终电气测试','汇顶科技-深圳研发测试-064 - 最终电气测试',6,NULL,15,199,199,NULL,'COMPLETED',4,3.78107,'2026-02-01 23:42:16','2026-02-01 23:42:16','2026-02-02 15:30:14','2026-02-02 16:23:14','2026-02-02 19:44:17',NULL,NULL),(511,64,'T007','数据分析','汇顶科技-深圳研发测试-064 - 数据分析',7,NULL,12,NULL,NULL,NULL,'COMPLETED',8,7.04745,'2026-02-01 23:42:16','2026-02-01 23:42:16','2026-02-02 21:14:17','2026-02-02 21:55:17','2026-02-03 04:51:46',NULL,NULL),(512,64,'T008','报告编写','汇顶科技-深圳研发测试-064 - 报告编写',8,NULL,13,NULL,NULL,NULL,'COMPLETED',4,3.85055,'2026-02-01 23:42:16','2026-02-01 23:42:16','2026-02-03 05:44:46','2026-02-03 05:55:46','2026-02-03 10:00:16',NULL,NULL),(513,65,'T001','样品接收登记','汇顶科技-深圳研发测试-065 - 样品接收登记',1,NULL,7,96,96,NULL,'COMPLETED',1,0.974881,'2026-02-01 23:42:16','2026-02-01 23:42:16','2026-01-21 03:00:00','2026-01-21 03:30:00','2026-01-21 04:29:29',NULL,NULL),(514,65,'T002','外观检查','汇顶科技-深圳研发测试-065 - 外观检查',2,NULL,4,35,35,NULL,'COMPLETED',1,1.06828,'2026-02-01 23:42:16','2026-02-01 23:42:16','2026-01-21 05:29:29','2026-01-21 05:59:29','2026-01-21 06:54:49',NULL,NULL),(515,65,'T003','X射线检测','汇顶科技-深圳研发测试-065 - X射线检测',3,NULL,7,4,4,NULL,'IN_PROGRESS',2,NULL,'2026-02-01 23:42:16','2026-02-01 23:42:16','2026-01-21 07:54:49','2026-01-21 08:09:49',NULL,NULL,NULL),(516,65,'T004','开封处理','汇顶科技-深圳研发测试-065 - 开封处理',4,NULL,6,72,72,NULL,'COMPLETED',4,3.91724,'2026-02-01 23:42:16','2026-02-01 23:42:16','2026-01-21 07:54:49','2026-01-21 08:24:49','2026-01-21 12:36:09',NULL,NULL),(517,65,'T005','SEM分析','汇顶科技-深圳研发测试-065 - SEM分析',5,NULL,7,1,1,NULL,'COMPLETED',3,3.05323,'2026-02-01 23:42:16','2026-02-01 23:42:16','2026-01-21 13:36:09','2026-01-21 14:06:09','2026-01-21 16:59:16',NULL,NULL),(518,65,'T006','横截面制备','汇顶科技-深圳研发测试-065 - 横截面制备',6,NULL,5,73,73,NULL,'IN_PROGRESS',6,NULL,'2026-02-01 23:42:16','2026-02-01 23:42:16','2026-01-21 17:59:16','2026-01-21 18:14:16',NULL,NULL,NULL),(519,65,'T007','失效定位','汇顶科技-深圳研发测试-065 - 失效定位',7,NULL,NULL,15,15,NULL,'PENDING',4,NULL,'2026-02-01 23:42:16','2026-02-01 23:42:16',NULL,NULL,NULL,NULL,NULL),(520,65,'T008','报告编写','汇顶科技-深圳研发测试-065 - 报告编写',8,NULL,NULL,NULL,NULL,NULL,'PENDING',2,NULL,'2026-02-01 23:42:16','2026-02-01 23:42:16',NULL,NULL,NULL,NULL,NULL),(521,66,'T001','样品接收登记','韦尔半导体-上海测试测试-066 - 样品接收登记',1,NULL,21,298,298,NULL,'COMPLETED',1,0.937373,'2026-02-01 23:42:16','2026-02-01 23:42:16','2026-01-21 23:00:00','2026-01-21 23:30:00','2026-01-22 00:28:55',NULL,NULL),(522,66,'T002','外观检查','韦尔半导体-上海测试测试-066 - 外观检查',2,NULL,20,242,242,NULL,'COMPLETED',1,0.959121,'2026-02-01 23:42:16','2026-02-01 23:42:16','2026-01-22 01:28:55','2026-01-22 01:58:55','2026-01-22 03:04:44',NULL,NULL),(523,66,'T003','X射线检测','韦尔半导体-上海测试测试-066 - X射线检测',3,NULL,21,217,217,NULL,'COMPLETED',2,2.05675,'2026-02-01 23:42:16','2026-02-01 23:42:16','2026-01-22 04:04:44','2026-01-22 04:34:44','2026-01-22 06:32:29',NULL,NULL),(524,66,'T004','开封处理','韦尔半导体-上海测试测试-066 - 开封处理',4,NULL,20,289,289,NULL,'COMPLETED',4,4.02143,'2026-02-01 23:42:16','2026-02-01 23:42:16','2026-01-22 07:32:29','2026-01-22 08:02:29','2026-01-22 11:57:27',NULL,NULL),(525,66,'T005','SEM分析','韦尔半导体-上海测试测试-066 - SEM分析',5,NULL,21,214,214,NULL,'COMPLETED',3,3.12161,'2026-02-01 23:42:16','2026-02-01 23:42:16','2026-01-22 12:57:27','2026-01-22 13:27:27','2026-01-22 16:43:52',NULL,NULL),(526,66,'T006','横截面制备','韦尔半导体-上海测试测试-066 - 横截面制备',6,NULL,NULL,288,288,NULL,'PENDING',6,NULL,'2026-02-01 23:42:16','2026-02-01 23:42:16',NULL,NULL,NULL,NULL,NULL),(527,66,'T007','失效定位','韦尔半导体-上海测试测试-066 - 失效定位',7,NULL,NULL,219,219,NULL,'PENDING',4,NULL,'2026-02-01 23:42:16','2026-02-01 23:42:16',NULL,NULL,NULL,NULL,NULL),(528,66,'T008','报告编写','韦尔半导体-上海测试测试-066 - 报告编写',8,NULL,NULL,NULL,NULL,NULL,'PENDING',2,NULL,'2026-02-01 23:42:16','2026-02-01 23:42:16',NULL,NULL,NULL,NULL,NULL),(529,67,'T001','样品接收登记','内部研发部门-上海测试测试-067 - 样品接收登记',1,NULL,22,296,296,NULL,'COMPLETED',1,0.910747,'2026-02-01 23:42:16','2026-02-01 23:42:16','2026-01-22 00:00:00','2026-01-22 00:43:00','2026-01-22 01:31:04',NULL,NULL),(530,67,'T002','外观检查','内部研发部门-上海测试测试-067 - 外观检查',2,NULL,23,232,232,NULL,'COMPLETED',1,0.877864,'2026-02-01 23:42:16','2026-02-01 23:42:16','2026-01-22 03:09:04','2026-01-22 03:39:04','2026-01-22 04:40:15',NULL,NULL),(531,67,'T003','X射线检测','内部研发部门-上海测试测试-067 - X射线检测',3,NULL,23,218,218,NULL,'COMPLETED',2,1.93891,'2026-02-01 23:42:16','2026-02-01 23:42:16','2026-01-22 05:21:15','2026-01-22 06:21:15','2026-01-22 08:01:27',NULL,NULL),(532,67,'T004','开封处理','内部研发部门-上海测试测试-067 - 开封处理',4,NULL,23,289,289,NULL,'COMPLETED',4,4.19219,'2026-02-01 23:42:16','2026-02-01 23:42:16','2026-01-22 09:40:27','2026-01-22 10:26:27','2026-01-22 14:04:05',NULL,NULL),(533,67,'T005','SEM分析','内部研发部门-上海测试测试-067 - SEM分析',5,NULL,23,222,222,NULL,'COMPLETED',3,2.76875,'2026-02-01 23:42:16','2026-02-01 23:42:16','2026-01-22 15:04:05','2026-01-22 15:56:05','2026-01-22 19:19:02',NULL,NULL),(534,67,'T006','横截面制备','内部研发部门-上海测试测试-067 - 横截面制备',6,NULL,23,275,275,NULL,'COMPLETED',6,6.20454,'2026-02-01 23:42:16','2026-02-01 23:42:16','2026-01-22 20:00:02','2026-01-22 20:15:02','2026-01-23 01:05:40',NULL,NULL),(535,67,'T007','失效定位','内部研发部门-上海测试测试-067 - 失效定位',7,NULL,24,205,205,NULL,'COMPLETED',4,4.57461,'2026-02-01 23:42:16','2026-02-01 23:42:16','2026-01-23 02:22:40','2026-01-23 02:56:40','2026-01-23 06:13:27',NULL,NULL),(536,67,'T008','报告编写','内部研发部门-上海测试测试-067 - 报告编写',8,NULL,21,NULL,NULL,NULL,'COMPLETED',2,1.90843,'2026-02-01 23:42:16','2026-02-01 23:42:16','2026-01-23 07:47:27','2026-01-23 08:40:27','2026-01-23 10:45:37',NULL,NULL),(537,68,'T001','样品接收登记','质量保证部-深圳研发测试-068 - 样品接收登记',1,NULL,8,95,95,NULL,'COMPLETED',1,1.07227,'2026-02-01 23:42:16','2026-02-01 23:42:16','2026-01-22 01:00:00','2026-01-22 01:30:00','2026-01-22 02:29:49',NULL,NULL),(538,68,'T002','外观检查','质量保证部-深圳研发测试-068 - 外观检查',2,NULL,5,46,46,NULL,'COMPLETED',1,1.09389,'2026-02-01 23:42:16','2026-02-01 23:42:16','2026-01-22 03:29:49','2026-01-22 03:59:49','2026-01-22 05:01:58',NULL,NULL),(539,68,'T003','X射线检测','质量保证部-深圳研发测试-068 - X射线检测',3,NULL,5,7,7,NULL,'COMPLETED',2,1.81248,'2026-02-01 23:42:16','2026-02-01 23:42:16','2026-01-22 06:01:58','2026-01-22 06:31:58','2026-01-22 08:36:15',NULL,NULL),(540,68,'T004','开封处理','质量保证部-深圳研发测试-068 - 开封处理',4,NULL,7,88,88,NULL,'IN_PROGRESS',4,NULL,'2026-02-01 23:42:16','2026-02-01 23:42:16','2026-01-22 09:36:15','2026-01-22 09:51:15',NULL,NULL,NULL),(541,68,'T005','SEM分析','质量保证部-深圳研发测试-068 - SEM分析',5,NULL,5,28,28,NULL,'COMPLETED',3,3.20587,'2026-02-01 23:42:16','2026-02-01 23:42:16','2026-01-22 09:36:15','2026-01-22 10:06:15','2026-01-22 13:09:57',NULL,NULL),(542,68,'T006','横截面制备','质量保证部-深圳研发测试-068 - 横截面制备',6,NULL,7,86,86,NULL,'IN_PROGRESS',6,NULL,'2026-02-01 23:42:16','2026-02-01 23:42:16','2026-01-22 14:09:57','2026-01-22 14:24:57',NULL,NULL,NULL),(543,68,'T007','失效定位','质量保证部-深圳研发测试-068 - 失效定位',7,NULL,NULL,17,17,NULL,'PENDING',4,NULL,'2026-02-01 23:42:16','2026-02-01 23:42:16',NULL,NULL,NULL,NULL,NULL),(544,68,'T008','报告编写','质量保证部-深圳研发测试-068 - 报告编写',8,NULL,NULL,NULL,NULL,NULL,'PENDING',2,NULL,'2026-02-01 23:42:16','2026-02-01 23:42:16',NULL,NULL,NULL,NULL,NULL),(545,69,'T001','样品准备编号','长电科技股份-上海测试测试-069 - 样品准备编号',1,NULL,32,NULL,NULL,NULL,'COMPLETED',2,2.02966,'2026-02-01 23:42:16','2026-02-01 23:42:16','2026-01-23 14:00:00','2026-01-23 14:20:00','2026-01-23 16:40:54',NULL,NULL),(546,69,'T002','初始电气测试','长电科技股份-上海测试测试-069 - 初始电气测试',2,NULL,29,399,399,NULL,'COMPLETED',4,3.61291,'2026-02-01 23:42:16','2026-02-01 23:42:16','2026-01-23 18:21:54','2026-01-23 19:19:54','2026-01-23 22:39:08',NULL,NULL),(547,69,'T003','环境应力测试','长电科技股份-上海测试测试-069 - 环境应力测试',3,NULL,31,325,325,NULL,'COMPLETED',168,182.126,'2026-02-01 23:42:16','2026-02-01 23:42:16','2026-01-23 23:38:08','2026-01-24 00:16:08','2026-01-30 16:47:12',NULL,NULL),(548,69,'T004','中间读数','长电科技股份-上海测试测试-069 - 中间读数',4,NULL,30,395,395,NULL,'COMPLETED',4,3.69707,'2026-02-01 23:42:16','2026-02-01 23:42:16','2026-01-30 17:28:12','2026-01-30 17:45:12','2026-01-30 22:29:38',NULL,NULL),(549,69,'T005','应力循环','长电科技股份-上海测试测试-069 - 应力循环',5,NULL,29,316,316,NULL,'COMPLETED',72,65.5021,'2026-02-01 23:42:16','2026-02-01 23:42:16','2026-01-31 00:20:38','2026-01-31 01:13:38','2026-02-03 00:55:00',NULL,NULL),(550,69,'T006','最终电气测试','长电科技股份-上海测试测试-069 - 最终电气测试',6,NULL,31,391,391,NULL,'COMPLETED',4,4.49035,'2026-02-01 23:42:16','2026-02-01 23:42:16','2026-02-03 02:01:00','2026-02-03 02:58:00','2026-02-03 07:30:59',NULL,NULL),(551,69,'T007','数据分析','长电科技股份-上海测试测试-069 - 数据分析',7,NULL,28,NULL,NULL,NULL,'COMPLETED',8,7.43816,'2026-02-01 23:42:16','2026-02-01 23:42:16','2026-02-03 09:10:59','2026-02-03 10:00:59','2026-02-03 17:06:23',NULL,NULL),(552,69,'T008','报告编写','长电科技股份-上海测试测试-069 - 报告编写',8,NULL,31,NULL,NULL,NULL,'COMPLETED',4,4.00921,'2026-02-01 23:42:16','2026-02-01 23:42:16','2026-02-03 18:26:23','2026-02-03 19:04:23','2026-02-03 23:07:12',NULL,NULL),(553,70,'T001','样品接收登记','兆易创新-深圳研发测试-070 - 样品接收登记',1,NULL,5,95,95,NULL,'COMPLETED',1,0.914547,'2026-02-01 23:42:16','2026-02-01 23:42:16','2026-01-23 18:00:00','2026-01-23 18:53:00','2026-01-23 20:03:01',NULL,NULL),(554,70,'T002','外观检查','兆易创新-深圳研发测试-070 - 外观检查',2,NULL,8,43,43,NULL,'COMPLETED',1,1.07761,'2026-02-01 23:42:16','2026-02-01 23:42:16','2026-01-23 21:54:01','2026-01-23 22:16:01','2026-01-23 23:10:21',NULL,NULL),(555,70,'T003','X射线检测','兆易创新-深圳研发测试-070 - X射线检测',3,NULL,6,9,9,NULL,'COMPLETED',2,2.12303,'2026-02-01 23:42:16','2026-02-01 23:42:16','2026-01-24 00:29:21','2026-01-24 01:10:21','2026-01-24 03:17:10',NULL,NULL),(556,70,'T004','开封处理','兆易创新-深圳研发测试-070 - 开封处理',4,NULL,8,87,87,NULL,'COMPLETED',4,4.18102,'2026-02-01 23:42:16','2026-02-01 23:42:16','2026-01-24 05:02:10','2026-01-24 05:45:10','2026-01-24 10:16:54',NULL,NULL),(557,70,'T005','SEM分析','兆易创新-深圳研发测试-070 - SEM分析',5,NULL,7,7,7,NULL,'COMPLETED',3,3.40384,'2026-02-01 23:42:16','2026-02-01 23:42:16','2026-01-24 11:55:54','2026-01-24 12:14:54','2026-01-24 15:15:25',NULL,NULL),(558,70,'T006','横截面制备','兆易创新-深圳研发测试-070 - 横截面制备',6,NULL,8,83,83,NULL,'COMPLETED',6,6.62621,'2026-02-01 23:42:16','2026-02-01 23:42:16','2026-01-24 16:22:25','2026-01-24 16:54:25','2026-01-24 21:54:45',NULL,NULL),(559,70,'T007','失效定位','兆易创新-深圳研发测试-070 - 失效定位',7,NULL,8,6,6,NULL,'COMPLETED',4,4.35583,'2026-02-01 23:42:16','2026-02-01 23:42:16','2026-01-24 23:41:45','2026-01-25 00:18:45','2026-01-25 03:58:28',NULL,NULL),(560,70,'T008','报告编写','兆易创新-深圳研发测试-070 - 报告编写',8,NULL,5,NULL,NULL,NULL,'COMPLETED',2,2.06675,'2026-02-01 23:42:16','2026-02-01 23:42:16','2026-01-25 05:50:28','2026-01-25 06:14:28','2026-01-25 07:55:08',NULL,NULL),(561,71,'T001','样品接收登记','韦尔半导体-上海测试测试-071 - 样品接收登记',1,NULL,24,294,294,NULL,'COMPLETED',1,1.06002,'2026-02-01 23:42:16','2026-02-01 23:42:16','2026-01-23 14:00:00','2026-01-23 14:35:00','2026-01-23 15:40:56',NULL,NULL),(562,71,'T002','外观检查','韦尔半导体-上海测试测试-071 - 外观检查',2,NULL,23,236,236,NULL,'COMPLETED',1,1.02894,'2026-02-01 23:42:16','2026-02-01 23:42:16','2026-01-23 17:26:56','2026-01-23 17:37:56','2026-01-23 18:26:37',NULL,NULL),(563,71,'T003','X射线检测','韦尔半导体-上海测试测试-071 - X射线检测',3,NULL,24,213,213,NULL,'COMPLETED',2,1.7956,'2026-02-01 23:42:16','2026-02-01 23:42:16','2026-01-23 19:59:37','2026-01-23 20:17:37','2026-01-23 22:14:16',NULL,NULL),(564,71,'T004','开封处理','韦尔半导体-上海测试测试-071 - 开封处理',4,NULL,23,278,278,NULL,'COMPLETED',4,4.32327,'2026-02-01 23:42:16','2026-02-01 23:42:16','2026-01-23 23:41:16','2026-01-24 00:40:16','2026-01-24 04:54:07',NULL,NULL),(565,71,'T005','SEM分析','韦尔半导体-上海测试测试-071 - SEM分析',5,NULL,23,227,227,NULL,'COMPLETED',3,2.68917,'2026-02-01 23:42:16','2026-02-01 23:42:16','2026-01-24 05:46:07','2026-01-24 06:23:07','2026-01-24 08:59:05',NULL,NULL),(566,71,'T006','横截面制备','韦尔半导体-上海测试测试-071 - 横截面制备',6,NULL,20,286,286,NULL,'COMPLETED',6,6.83728,'2026-02-01 23:42:16','2026-02-01 23:42:16','2026-01-24 10:25:05','2026-01-24 10:59:05','2026-01-24 16:53:34',NULL,NULL),(567,71,'T007','失效定位','韦尔半导体-上海测试测试-071 - 失效定位',7,NULL,23,225,225,NULL,'COMPLETED',4,3.70169,'2026-02-01 23:42:16','2026-02-01 23:42:16','2026-01-24 18:41:34','2026-01-24 19:11:34','2026-01-24 23:58:42',NULL,NULL),(568,71,'T008','报告编写','韦尔半导体-上海测试测试-071 - 报告编写',8,NULL,23,NULL,NULL,NULL,'COMPLETED',2,2.18964,'2026-02-01 23:42:16','2026-02-01 23:42:16','2026-01-25 01:14:42','2026-01-25 02:01:42','2026-01-25 03:55:19',NULL,NULL),(569,72,'T001','样品准备编号','汇顶科技-深圳研发测试-072 - 样品准备编号',1,NULL,16,NULL,NULL,NULL,'ASSIGNED',2,NULL,'2026-02-01 23:42:16','2026-02-01 23:42:16','2026-01-24 10:00:00',NULL,NULL,NULL,NULL),(570,72,'T002','初始电气测试','汇顶科技-深圳研发测试-072 - 初始电气测试',2,NULL,NULL,193,193,NULL,'PENDING',4,NULL,'2026-02-01 23:42:16','2026-02-01 23:42:16',NULL,NULL,NULL,NULL,NULL),(571,72,'T003','环境应力测试','汇顶科技-深圳研发测试-072 - 环境应力测试',3,NULL,NULL,141,141,NULL,'PENDING',168,NULL,'2026-02-01 23:42:16','2026-02-01 23:42:16',NULL,NULL,NULL,NULL,NULL),(572,72,'T004','中间读数','汇顶科技-深圳研发测试-072 - 中间读数',4,NULL,NULL,192,192,NULL,'PENDING',4,NULL,'2026-02-01 23:42:16','2026-02-01 23:42:16',NULL,NULL,NULL,NULL,NULL),(573,72,'T005','应力循环','汇顶科技-深圳研发测试-072 - 应力循环',5,NULL,NULL,119,119,NULL,'PENDING',72,NULL,'2026-02-01 23:42:16','2026-02-01 23:42:16',NULL,NULL,NULL,NULL,NULL),(574,72,'T006','最终电气测试','汇顶科技-深圳研发测试-072 - 最终电气测试',6,NULL,NULL,197,197,NULL,'PENDING',4,NULL,'2026-02-01 23:42:16','2026-02-01 23:42:16',NULL,NULL,NULL,NULL,NULL),(575,72,'T007','数据分析','汇顶科技-深圳研发测试-072 - 数据分析',7,NULL,NULL,NULL,NULL,NULL,'PENDING',8,NULL,'2026-02-01 23:42:16','2026-02-01 23:42:16',NULL,NULL,NULL,NULL,NULL),(576,72,'T008','报告编写','汇顶科技-深圳研发测试-072 - 报告编写',8,NULL,NULL,NULL,NULL,NULL,'PENDING',4,NULL,'2026-02-01 23:42:16','2026-02-01 23:42:16',NULL,NULL,NULL,NULL,NULL),(577,73,'T001','样品接收登记','华为技术有限公司-深圳研发测试-073 - 样品接收登记',1,NULL,8,99,99,NULL,'COMPLETED',1,0.951879,'2026-02-01 23:42:16','2026-02-01 23:42:16','2026-01-24 02:00:00','2026-01-24 02:30:00','2026-01-24 03:27:49',NULL,NULL),(578,73,'T002','外观检查','华为技术有限公司-深圳研发测试-073 - 外观检查',2,NULL,5,31,31,NULL,'COMPLETED',1,0.9187,'2026-02-01 23:42:16','2026-02-01 23:42:16','2026-01-24 04:27:49','2026-01-24 04:57:49','2026-01-24 05:56:03',NULL,NULL),(579,73,'T003','X射线检测','华为技术有限公司-深圳研发测试-073 - X射线检测',3,NULL,7,13,13,NULL,'COMPLETED',2,1.9163,'2026-02-01 23:42:16','2026-02-01 23:42:16','2026-01-24 06:56:03','2026-01-24 07:26:03','2026-01-24 09:32:04',NULL,NULL),(580,73,'T004','开封处理','华为技术有限公司-深圳研发测试-073 - 开封处理',4,NULL,7,80,80,NULL,'COMPLETED',4,4.07355,'2026-02-01 23:42:16','2026-02-01 23:42:16','2026-01-24 10:32:04','2026-01-24 11:02:04','2026-01-24 14:58:38',NULL,NULL),(581,73,'T005','SEM分析','华为技术有限公司-深圳研发测试-073 - SEM分析',5,NULL,4,14,14,NULL,'COMPLETED',3,3.05821,'2026-02-01 23:42:16','2026-02-01 23:42:16','2026-01-24 15:58:38','2026-01-24 16:28:38','2026-01-24 19:42:16',NULL,NULL),(582,73,'T006','横截面制备','华为技术有限公司-深圳研发测试-073 - 横截面制备',6,NULL,NULL,88,88,NULL,'PENDING',6,NULL,'2026-02-01 23:42:16','2026-02-01 23:42:16',NULL,NULL,NULL,NULL,NULL),(583,73,'T007','失效定位','华为技术有限公司-深圳研发测试-073 - 失效定位',7,NULL,NULL,7,7,NULL,'PENDING',4,NULL,'2026-02-01 23:42:16','2026-02-01 23:42:16',NULL,NULL,NULL,NULL,NULL),(584,73,'T008','报告编写','华为技术有限公司-深圳研发测试-073 - 报告编写',8,NULL,NULL,NULL,NULL,NULL,'PENDING',2,NULL,'2026-02-01 23:42:16','2026-02-01 23:42:16',NULL,NULL,NULL,NULL,NULL),(585,74,'T001','样品准备编号','紫光展锐-上海测试测试-074 - 样品准备编号',1,NULL,31,NULL,NULL,NULL,'COMPLETED',2,2.00972,'2026-02-01 23:42:16','2026-02-01 23:42:16','2026-01-23 21:00:00','2026-01-23 21:30:00','2026-01-23 23:38:58',NULL,NULL),(586,74,'T002','初始电气测试','紫光展锐-上海测试测试-074 - 初始电气测试',2,NULL,29,395,395,NULL,'COMPLETED',4,4.13507,'2026-02-01 23:42:16','2026-02-01 23:42:16','2026-01-24 00:38:58','2026-01-24 01:08:58','2026-01-24 04:49:00',NULL,NULL),(587,74,'T003','环境应力测试','紫光展锐-上海测试测试-074 - 环境应力测试',3,NULL,30,334,334,NULL,'COMPLETED',168,180.667,'2026-02-01 23:42:16','2026-02-01 23:42:16','2026-01-24 05:49:00','2026-01-24 06:19:00','2026-01-30 14:34:50',NULL,NULL),(588,74,'T004','中间读数','紫光展锐-上海测试测试-074 - 中间读数',4,NULL,NULL,399,399,NULL,'PENDING',4,NULL,'2026-02-01 23:42:16','2026-02-01 23:42:16',NULL,NULL,NULL,NULL,NULL),(589,74,'T005','应力循环','紫光展锐-上海测试测试-074 - 应力循环',5,NULL,NULL,317,317,NULL,'PENDING',72,NULL,'2026-02-01 23:42:16','2026-02-01 23:42:16',NULL,NULL,NULL,NULL,NULL),(590,74,'T006','最终电气测试','紫光展锐-上海测试测试-074 - 最终电气测试',6,NULL,NULL,396,396,NULL,'PENDING',4,NULL,'2026-02-01 23:42:16','2026-02-01 23:42:16',NULL,NULL,NULL,NULL,NULL),(591,74,'T007','数据分析','紫光展锐-上海测试测试-074 - 数据分析',7,NULL,NULL,NULL,NULL,NULL,'PENDING',8,NULL,'2026-02-01 23:42:16','2026-02-01 23:42:16',NULL,NULL,NULL,NULL,NULL),(592,74,'T008','报告编写','紫光展锐-上海测试测试-074 - 报告编写',8,NULL,NULL,NULL,NULL,NULL,'PENDING',4,NULL,'2026-02-01 23:42:16','2026-02-01 23:42:16',NULL,NULL,NULL,NULL,NULL),(593,75,'T001','样品准备编号','中芯国际集成电路-深圳研发测试-075 - 样品准备编号',1,NULL,15,NULL,NULL,NULL,'ASSIGNED',2,NULL,'2026-02-01 23:42:16','2026-02-01 23:42:16','2026-01-23 14:00:00',NULL,NULL,NULL,NULL),(594,75,'T002','初始电气测试','中芯国际集成电路-深圳研发测试-075 - 初始电气测试',2,NULL,NULL,191,191,NULL,'PENDING',4,NULL,'2026-02-01 23:42:16','2026-02-01 23:42:16',NULL,NULL,NULL,NULL,NULL),(595,75,'T003','环境应力测试','中芯国际集成电路-深圳研发测试-075 - 环境应力测试',3,NULL,NULL,149,149,NULL,'PENDING',168,NULL,'2026-02-01 23:42:16','2026-02-01 23:42:16',NULL,NULL,NULL,NULL,NULL),(596,75,'T004','中间读数','中芯国际集成电路-深圳研发测试-075 - 中间读数',4,NULL,NULL,200,200,NULL,'PENDING',4,NULL,'2026-02-01 23:42:16','2026-02-01 23:42:16',NULL,NULL,NULL,NULL,NULL),(597,75,'T005','应力循环','中芯国际集成电路-深圳研发测试-075 - 应力循环',5,NULL,NULL,113,113,NULL,'PENDING',72,NULL,'2026-02-01 23:42:16','2026-02-01 23:42:16',NULL,NULL,NULL,NULL,NULL),(598,75,'T006','最终电气测试','中芯国际集成电路-深圳研发测试-075 - 最终电气测试',6,NULL,NULL,200,200,NULL,'PENDING',4,NULL,'2026-02-01 23:42:16','2026-02-01 23:42:16',NULL,NULL,NULL,NULL,NULL),(599,75,'T007','数据分析','中芯国际集成电路-深圳研发测试-075 - 数据分析',7,NULL,NULL,NULL,NULL,NULL,'PENDING',8,NULL,'2026-02-01 23:42:16','2026-02-01 23:42:16',NULL,NULL,NULL,NULL,NULL),(600,75,'T008','报告编写','中芯国际集成电路-深圳研发测试-075 - 报告编写',8,NULL,NULL,NULL,NULL,NULL,'PENDING',4,NULL,'2026-02-01 23:42:16','2026-02-01 23:42:16',NULL,NULL,NULL,NULL,NULL),(601,76,'T001','样品接收登记','中芯国际集成电路-上海测试测试-076 - 样品接收登记',1,NULL,24,294,294,NULL,'COMPLETED',1,1.02881,'2026-02-01 23:42:16','2026-02-01 23:42:16','2026-01-25 14:00:00','2026-01-25 14:52:00','2026-01-25 15:56:15',NULL,NULL),(602,76,'T002','外观检查','中芯国际集成电路-上海测试测试-076 - 外观检查',2,NULL,21,237,237,NULL,'COMPLETED',1,0.981591,'2026-02-01 23:42:16','2026-02-01 23:42:16','2026-01-25 16:40:15','2026-01-25 17:30:15','2026-01-25 18:34:50',NULL,NULL),(603,76,'T003','X射线检测','中芯国际集成电路-上海测试测试-076 - X射线检测',3,NULL,24,206,206,NULL,'COMPLETED',2,1.7204,'2026-02-01 23:42:16','2026-02-01 23:42:16','2026-01-25 20:32:50','2026-01-25 21:32:50','2026-01-25 23:14:21',NULL,NULL),(604,76,'T004','开封处理','中芯国际集成电路-上海测试测试-076 - 开封处理',4,NULL,21,276,276,NULL,'COMPLETED',4,3.88797,'2026-02-01 23:42:16','2026-02-01 23:42:16','2026-01-26 00:22:21','2026-01-26 00:33:21','2026-01-26 04:09:04',NULL,NULL),(605,76,'T005','SEM分析','中芯国际集成电路-上海测试测试-076 - SEM分析',5,NULL,23,205,205,NULL,'COMPLETED',3,2.62555,'2026-02-01 23:42:16','2026-02-01 23:42:16','2026-01-26 05:24:04','2026-01-26 06:20:04','2026-01-26 09:25:56',NULL,NULL),(606,76,'T006','横截面制备','中芯国际集成电路-上海测试测试-076 - 横截面制备',6,NULL,21,271,271,NULL,'COMPLETED',6,6.7419,'2026-02-01 23:42:16','2026-02-01 23:42:16','2026-01-26 10:03:56','2026-01-26 10:35:56','2026-01-26 17:02:32',NULL,NULL),(607,76,'T007','失效定位','中芯国际集成电路-上海测试测试-076 - 失效定位',7,NULL,24,214,214,NULL,'COMPLETED',4,4.54735,'2026-02-01 23:42:16','2026-02-01 23:42:16','2026-01-26 18:07:32','2026-01-26 19:04:32','2026-01-26 23:37:59',NULL,NULL),(608,76,'T008','报告编写','中芯国际集成电路-上海测试测试-076 - 报告编写',8,NULL,22,NULL,NULL,NULL,'COMPLETED',2,2.10509,'2026-02-01 23:42:16','2026-02-01 23:42:16','2026-01-27 01:28:59','2026-01-27 02:13:59','2026-01-27 04:32:09',NULL,NULL),(609,77,'T001','样品准备编号','通富微电子-上海测试测试-077 - 样品准备编号',1,NULL,29,NULL,NULL,NULL,'COMPLETED',2,2.2421,'2026-02-01 23:42:16','2026-02-01 23:42:16','2026-01-25 18:00:00','2026-01-25 18:40:00','2026-01-25 20:22:58',NULL,NULL),(610,77,'T002','初始电气测试','通富微电子-上海测试测试-077 - 初始电气测试',2,NULL,32,395,395,NULL,'COMPLETED',4,3.84082,'2026-02-01 23:42:16','2026-02-01 23:42:16','2026-01-25 21:37:58','2026-01-25 21:58:58','2026-01-26 01:16:00',NULL,NULL),(611,77,'T003','环境应力测试','通富微电子-上海测试测试-077 - 环境应力测试',3,NULL,31,348,348,NULL,'COMPLETED',168,163.409,'2026-02-01 23:42:16','2026-02-01 23:42:16','2026-01-26 03:03:00','2026-01-26 03:48:00','2026-02-01 18:31:29',NULL,NULL),(612,77,'T004','中间读数','通富微电子-上海测试测试-077 - 中间读数',4,NULL,31,398,398,NULL,'COMPLETED',4,3.81938,'2026-02-01 23:42:16','2026-02-01 23:42:16','2026-02-01 19:19:29','2026-02-01 19:57:29','2026-02-02 00:37:49',NULL,NULL),(613,77,'T005','应力循环','通富微电子-上海测试测试-077 - 应力循环',5,NULL,32,301,301,NULL,'COMPLETED',72,70.0406,'2026-02-01 23:42:16','2026-02-01 23:42:16','2026-02-02 01:39:49','2026-02-02 01:51:49','2026-02-05 09:04:50',NULL,NULL),(614,77,'T006','最终电气测试','通富微电子-上海测试测试-077 - 最终电气测试',6,NULL,28,395,395,NULL,'COMPLETED',4,4.59985,'2026-02-01 23:42:16','2026-02-01 23:42:16','2026-02-05 10:40:50','2026-02-05 11:36:50','2026-02-05 14:56:04',NULL,NULL),(615,77,'T007','数据分析','通富微电子-上海测试测试-077 - 数据分析',7,NULL,31,NULL,NULL,NULL,'COMPLETED',8,8.61325,'2026-02-01 23:42:16','2026-02-01 23:42:16','2026-02-05 15:39:04','2026-02-05 16:24:04','2026-02-05 23:06:14',NULL,NULL),(616,77,'T008','报告编写','通富微电子-上海测试测试-077 - 报告编写',8,NULL,30,NULL,NULL,NULL,'COMPLETED',4,3.5274,'2026-02-01 23:42:16','2026-02-01 23:42:16','2026-02-06 00:33:14','2026-02-06 01:03:14','2026-02-06 05:40:25',NULL,NULL),(617,78,'T001','样品接收登记','内部研发部门-深圳研发测试-078 - 样品接收登记',1,NULL,6,93,93,NULL,'COMPLETED',1,0.922234,'2026-02-01 23:42:16','2026-02-01 23:42:16','2026-01-25 05:00:00','2026-01-25 05:30:00','2026-01-25 06:30:26',NULL,NULL),(618,78,'T002','外观检查','内部研发部门-深圳研发测试-078 - 外观检查',2,NULL,5,42,42,NULL,'COMPLETED',1,1.0572,'2026-02-01 23:42:16','2026-02-01 23:42:16','2026-01-25 07:30:26','2026-01-25 08:00:26','2026-01-25 08:55:53',NULL,NULL),(619,78,'T003','X射线检测','内部研发部门-深圳研发测试-078 - X射线检测',3,NULL,7,27,27,NULL,'COMPLETED',2,2.03426,'2026-02-01 23:42:16','2026-02-01 23:42:16','2026-01-25 09:55:53','2026-01-25 10:25:53','2026-01-25 12:37:20',NULL,NULL),(620,78,'T004','开封处理','内部研发部门-深圳研发测试-078 - 开封处理',4,NULL,7,78,78,NULL,'COMPLETED',4,4.02801,'2026-02-01 23:42:16','2026-02-01 23:42:16','2026-01-25 13:37:20','2026-01-25 14:07:20','2026-01-25 18:13:27',NULL,NULL),(621,78,'T005','SEM分析','内部研发部门-深圳研发测试-078 - SEM分析',5,NULL,7,23,23,NULL,'IN_PROGRESS',3,NULL,'2026-02-01 23:42:16','2026-02-01 23:42:16','2026-01-25 19:13:27','2026-01-25 19:28:27',NULL,NULL,NULL),(622,78,'T006','横截面制备','内部研发部门-深圳研发测试-078 - 横截面制备',6,NULL,NULL,83,83,NULL,'PENDING',6,NULL,'2026-02-01 23:42:16','2026-02-01 23:42:16',NULL,NULL,NULL,NULL,NULL),(623,78,'T007','失效定位','内部研发部门-深圳研发测试-078 - 失效定位',7,NULL,NULL,27,27,NULL,'PENDING',4,NULL,'2026-02-01 23:42:16','2026-02-01 23:42:16',NULL,NULL,NULL,NULL,NULL),(624,78,'T008','报告编写','内部研发部门-深圳研发测试-078 - 报告编写',8,NULL,NULL,NULL,NULL,NULL,'PENDING',2,NULL,'2026-02-01 23:42:16','2026-02-01 23:42:16',NULL,NULL,NULL,NULL,NULL),(625,79,'T001','样品接收登记','汇顶科技-深圳研发测试-079 - 样品接收登记',1,NULL,4,96,96,NULL,'COMPLETED',1,1.09127,'2026-02-01 23:42:16','2026-02-01 23:42:16','2026-01-26 21:00:00','2026-01-26 21:30:00','2026-01-26 22:31:22',NULL,NULL),(626,79,'T002','外观检查','汇顶科技-深圳研发测试-079 - 外观检查',2,NULL,4,45,45,NULL,'COMPLETED',1,1.08655,'2026-02-01 23:42:16','2026-02-01 23:42:16','2026-01-26 23:31:22','2026-01-27 00:01:22','2026-01-27 01:01:30',NULL,NULL),(627,79,'T003','X射线检测','汇顶科技-深圳研发测试-079 - X射线检测',3,NULL,7,27,27,NULL,'COMPLETED',2,2.14934,'2026-02-01 23:42:16','2026-02-01 23:42:16','2026-01-27 02:01:30','2026-01-27 02:31:30','2026-01-27 04:28:15',NULL,NULL),(628,79,'T004','开封处理','汇顶科技-深圳研发测试-079 - 开封处理',4,NULL,6,90,90,NULL,'IN_PROGRESS',4,NULL,'2026-02-01 23:42:16','2026-02-01 23:42:16','2026-01-27 05:28:15','2026-01-27 05:43:15',NULL,NULL,NULL),(629,79,'T005','SEM分析','汇顶科技-深圳研发测试-079 - SEM分析',5,NULL,5,1,1,NULL,'COMPLETED',3,2.86031,'2026-02-01 23:42:16','2026-02-01 23:42:16','2026-01-27 05:28:15','2026-01-27 05:58:15','2026-01-27 08:57:14',NULL,NULL),(630,79,'T006','横截面制备','汇顶科技-深圳研发测试-079 - 横截面制备',6,NULL,NULL,86,86,NULL,'PENDING',6,NULL,'2026-02-01 23:42:16','2026-02-01 23:42:16',NULL,NULL,NULL,NULL,NULL),(631,79,'T007','失效定位','汇顶科技-深圳研发测试-079 - 失效定位',7,NULL,NULL,4,4,NULL,'PENDING',4,NULL,'2026-02-01 23:42:16','2026-02-01 23:42:16',NULL,NULL,NULL,NULL,NULL),(632,79,'T008','报告编写','汇顶科技-深圳研发测试-079 - 报告编写',8,NULL,NULL,NULL,NULL,NULL,'PENDING',2,NULL,'2026-02-01 23:42:16','2026-02-01 23:42:16',NULL,NULL,NULL,NULL,NULL),(633,80,'T001','样品接收登记','中芯国际集成电路-深圳研发测试-080 - 样品接收登记',1,NULL,5,95,95,NULL,'COMPLETED',1,0.965136,'2026-02-01 23:42:16','2026-02-01 23:42:16','2026-01-26 16:00:00','2026-01-26 16:30:00','2026-01-26 17:34:01',NULL,NULL),(634,80,'T002','外观检查','中芯国际集成电路-深圳研发测试-080 - 外观检查',2,NULL,8,46,46,NULL,'COMPLETED',1,0.949607,'2026-02-01 23:42:16','2026-02-01 23:42:16','2026-01-26 18:34:01','2026-01-26 19:04:01','2026-01-26 20:04:27',NULL,NULL),(635,80,'T003','X射线检测','中芯国际集成电路-深圳研发测试-080 - X射线检测',3,NULL,6,9,9,NULL,'COMPLETED',2,1.81715,'2026-02-01 23:42:16','2026-02-01 23:42:16','2026-01-26 21:04:27','2026-01-26 21:34:27','2026-01-26 23:36:49',NULL,NULL),(636,80,'T004','开封处理','中芯国际集成电路-深圳研发测试-080 - 开封处理',4,NULL,6,79,79,NULL,'COMPLETED',4,4.33722,'2026-02-01 23:42:16','2026-02-01 23:42:16','2026-01-27 00:36:49','2026-01-27 01:06:49','2026-01-27 04:57:57',NULL,NULL),(637,80,'T005','SEM分析','中芯国际集成电路-深圳研发测试-080 - SEM分析',5,NULL,NULL,19,19,NULL,'PENDING',3,NULL,'2026-02-01 23:42:16','2026-02-01 23:42:16',NULL,NULL,NULL,NULL,NULL),(638,80,'T006','横截面制备','中芯国际集成电路-深圳研发测试-080 - 横截面制备',6,NULL,NULL,86,86,NULL,'PENDING',6,NULL,'2026-02-01 23:42:16','2026-02-01 23:42:16',NULL,NULL,NULL,NULL,NULL),(639,80,'T007','失效定位','中芯国际集成电路-深圳研发测试-080 - 失效定位',7,NULL,NULL,25,25,NULL,'PENDING',4,NULL,'2026-02-01 23:42:16','2026-02-01 23:42:16',NULL,NULL,NULL,NULL,NULL),(640,80,'T008','报告编写','中芯国际集成电路-深圳研发测试-080 - 报告编写',8,NULL,NULL,NULL,NULL,NULL,'PENDING',2,NULL,'2026-02-01 23:42:16','2026-02-01 23:42:16',NULL,NULL,NULL,NULL,NULL),(641,81,'T001','样品接收登记','长电科技股份-上海测试测试-081 - 样品接收登记',1,NULL,21,298,298,NULL,'COMPLETED',1,1.00226,'2026-02-01 23:42:16','2026-02-01 23:42:16','2026-01-26 10:00:00','2026-01-26 10:30:00','2026-01-26 11:35:11',NULL,NULL),(642,81,'T002','外观检查','长电科技股份-上海测试测试-081 - 外观检查',2,NULL,23,232,232,NULL,'COMPLETED',1,0.944025,'2026-02-01 23:42:16','2026-02-01 23:42:16','2026-01-26 12:35:11','2026-01-26 13:05:11','2026-01-26 14:10:15',NULL,NULL),(643,81,'T003','X射线检测','长电科技股份-上海测试测试-081 - X射线检测',3,NULL,24,213,213,NULL,'COMPLETED',2,1.92631,'2026-02-01 23:42:16','2026-02-01 23:42:16','2026-01-26 15:10:15','2026-01-26 15:40:15','2026-01-26 17:35:13',NULL,NULL),(644,81,'T004','开封处理','长电科技股份-上海测试测试-081 - 开封处理',4,NULL,22,288,288,NULL,'IN_PROGRESS',4,NULL,'2026-02-01 23:42:16','2026-02-01 23:42:16','2026-01-26 18:35:13','2026-01-26 18:50:13',NULL,NULL,NULL),(645,81,'T005','SEM分析','长电科技股份-上海测试测试-081 - SEM分析',5,NULL,22,206,206,NULL,'IN_PROGRESS',3,NULL,'2026-02-01 23:42:16','2026-02-01 23:42:16','2026-01-26 18:35:13','2026-01-26 18:50:13',NULL,NULL,NULL),(646,81,'T006','横截面制备','长电科技股份-上海测试测试-081 - 横截面制备',6,NULL,20,271,271,NULL,'IN_PROGRESS',6,NULL,'2026-02-01 23:42:16','2026-02-01 23:42:16','2026-01-26 18:35:13','2026-01-26 18:50:13',NULL,NULL,NULL),(647,81,'T007','失效定位','长电科技股份-上海测试测试-081 - 失效定位',7,NULL,NULL,215,215,NULL,'PENDING',4,NULL,'2026-02-01 23:42:16','2026-02-01 23:42:16',NULL,NULL,NULL,NULL,NULL),(648,81,'T008','报告编写','长电科技股份-上海测试测试-081 - 报告编写',8,NULL,NULL,NULL,NULL,NULL,'PENDING',2,NULL,'2026-02-01 23:42:16','2026-02-01 23:42:16',NULL,NULL,NULL,NULL,NULL),(649,82,'T001','样品接收登记','长电科技股份-深圳研发测试-082 - 样品接收登记',1,NULL,7,93,93,NULL,'COMPLETED',1,1.07133,'2026-02-01 23:42:16','2026-02-01 23:42:16','2026-01-27 06:00:00','2026-01-27 06:30:00','2026-01-27 07:24:43',NULL,NULL),(650,82,'T002','外观检查','长电科技股份-深圳研发测试-082 - 外观检查',2,NULL,7,32,32,NULL,'COMPLETED',1,0.919215,'2026-02-01 23:42:16','2026-02-01 23:42:16','2026-01-27 08:24:43','2026-01-27 08:54:43','2026-01-27 09:58:10',NULL,NULL),(651,82,'T003','X射线检测','长电科技股份-深圳研发测试-082 - X射线检测',3,NULL,8,12,12,NULL,'COMPLETED',2,2.11221,'2026-02-01 23:42:16','2026-02-01 23:42:16','2026-01-27 10:58:10','2026-01-27 11:28:10','2026-01-27 13:30:14',NULL,NULL),(652,82,'T004','开封处理','长电科技股份-深圳研发测试-082 - 开封处理',4,NULL,7,72,72,NULL,'COMPLETED',4,3.78079,'2026-02-01 23:42:16','2026-02-01 23:42:16','2026-01-27 14:30:14','2026-01-27 15:00:14','2026-01-27 18:38:26',NULL,NULL),(653,82,'T005','SEM分析','长电科技股份-深圳研发测试-082 - SEM分析',5,NULL,5,23,23,NULL,'COMPLETED',3,3.09143,'2026-02-01 23:42:16','2026-02-01 23:42:16','2026-01-27 19:38:26','2026-01-27 20:08:26','2026-01-27 23:22:35',NULL,NULL),(654,82,'T006','横截面制备','长电科技股份-深圳研发测试-082 - 横截面制备',6,NULL,NULL,81,81,NULL,'PENDING',6,NULL,'2026-02-01 23:42:16','2026-02-01 23:42:16',NULL,NULL,NULL,NULL,NULL),(655,82,'T007','失效定位','长电科技股份-深圳研发测试-082 - 失效定位',7,NULL,NULL,5,5,NULL,'PENDING',4,NULL,'2026-02-01 23:42:16','2026-02-01 23:42:16',NULL,NULL,NULL,NULL,NULL),(656,82,'T008','报告编写','长电科技股份-深圳研发测试-082 - 报告编写',8,NULL,NULL,NULL,NULL,NULL,'PENDING',2,NULL,'2026-02-01 23:42:16','2026-02-01 23:42:16',NULL,NULL,NULL,NULL,NULL),(657,83,'T001','样品接收登记','兆易创新-上海测试测试-083 - 样品接收登记',1,NULL,22,300,300,NULL,'COMPLETED',1,1.0792,'2026-02-01 23:42:16','2026-02-01 23:42:16','2026-01-27 15:00:00','2026-01-27 15:30:00','2026-01-27 16:31:24',NULL,NULL),(658,83,'T002','外观检查','兆易创新-上海测试测试-083 - 外观检查',2,NULL,21,250,250,NULL,'COMPLETED',1,1.00163,'2026-02-01 23:42:16','2026-02-01 23:42:16','2026-01-27 17:31:24','2026-01-27 18:01:24','2026-01-27 19:00:46',NULL,NULL),(659,83,'T003','X射线检测','兆易创新-上海测试测试-083 - X射线检测',3,NULL,23,224,224,NULL,'COMPLETED',2,1.98366,'2026-02-01 23:42:16','2026-02-01 23:42:16','2026-01-27 20:00:46','2026-01-27 20:30:46','2026-01-27 22:31:18',NULL,NULL),(660,83,'T004','开封处理','兆易创新-上海测试测试-083 - 开封处理',4,NULL,24,276,276,NULL,'COMPLETED',4,4.18036,'2026-02-01 23:42:16','2026-02-01 23:42:16','2026-01-27 23:31:18','2026-01-28 00:01:18','2026-01-28 04:19:49',NULL,NULL),(661,83,'T005','SEM分析','兆易创新-上海测试测试-083 - SEM分析',5,NULL,20,210,210,NULL,'IN_PROGRESS',3,NULL,'2026-02-01 23:42:16','2026-02-01 23:42:16','2026-01-28 05:19:49','2026-01-28 05:34:49',NULL,NULL,NULL),(662,83,'T006','横截面制备','兆易创新-上海测试测试-083 - 横截面制备',6,NULL,NULL,281,281,NULL,'PENDING',6,NULL,'2026-02-01 23:42:16','2026-02-01 23:42:16',NULL,NULL,NULL,NULL,NULL),(663,83,'T007','失效定位','兆易创新-上海测试测试-083 - 失效定位',7,NULL,NULL,204,204,NULL,'PENDING',4,NULL,'2026-02-01 23:42:16','2026-02-01 23:42:16',NULL,NULL,NULL,NULL,NULL),(664,83,'T008','报告编写','兆易创新-上海测试测试-083 - 报告编写',8,NULL,NULL,NULL,NULL,NULL,'PENDING',2,NULL,'2026-02-01 23:42:16','2026-02-01 23:42:16',NULL,NULL,NULL,NULL,NULL),(665,84,'T001','样品接收登记','长电科技股份-上海测试测试-084 - 样品接收登记',1,NULL,21,297,297,NULL,'COMPLETED',1,1.06293,'2026-02-01 23:42:16','2026-02-01 23:42:16','2026-01-27 07:00:00','2026-01-27 07:54:00','2026-01-27 09:03:56',NULL,NULL),(666,84,'T002','外观检查','长电科技股份-上海测试测试-084 - 外观检查',2,NULL,20,240,240,NULL,'COMPLETED',1,1.06559,'2026-02-01 23:42:16','2026-02-01 23:42:16','2026-01-27 10:01:56','2026-01-27 10:40:56','2026-01-27 11:50:45',NULL,NULL),(667,84,'T003','X射线检测','长电科技股份-上海测试测试-084 - X射线检测',3,NULL,24,215,215,NULL,'COMPLETED',2,2.16927,'2026-02-01 23:42:16','2026-02-01 23:42:16','2026-01-27 13:47:45','2026-01-27 14:28:45','2026-01-27 16:36:00',NULL,NULL),(668,84,'T004','开封处理','长电科技股份-上海测试测试-084 - 开封处理',4,NULL,20,273,273,NULL,'COMPLETED',4,3.46884,'2026-02-01 23:42:16','2026-02-01 23:42:16','2026-01-27 17:38:00','2026-01-27 17:48:00','2026-01-27 22:19:24',NULL,NULL),(669,84,'T005','SEM分析','长电科技股份-上海测试测试-084 - SEM分析',5,NULL,24,221,221,NULL,'COMPLETED',3,3.05174,'2026-02-01 23:42:16','2026-02-01 23:42:16','2026-01-27 22:54:24','2026-01-27 23:05:24','2026-01-28 02:06:41',NULL,NULL),(670,84,'T006','横截面制备','长电科技股份-上海测试测试-084 - 横截面制备',6,NULL,20,274,274,NULL,'COMPLETED',6,6.82708,'2026-02-01 23:42:16','2026-02-01 23:42:16','2026-01-28 03:20:41','2026-01-28 03:52:41','2026-01-28 09:23:04',NULL,NULL),(671,84,'T007','失效定位','长电科技股份-上海测试测试-084 - 失效定位',7,NULL,22,207,207,NULL,'COMPLETED',4,4.51419,'2026-02-01 23:42:16','2026-02-01 23:42:16','2026-01-28 10:36:04','2026-01-28 10:59:04','2026-01-28 14:13:40',NULL,NULL),(672,84,'T008','报告编写','长电科技股份-上海测试测试-084 - 报告编写',8,NULL,21,NULL,NULL,NULL,'COMPLETED',2,2,'2026-02-01 23:42:16','2026-02-01 23:42:16','2026-01-28 15:59:40','2026-01-28 16:56:40','2026-01-28 19:05:18',NULL,NULL),(673,85,'T001','样品接收登记','通富微电子-上海测试测试-085 - 样品接收登记',1,NULL,22,297,297,NULL,'COMPLETED',1,0.932213,'2026-02-01 23:42:16','2026-02-01 23:42:16','2026-01-28 11:00:00','2026-01-28 11:54:00','2026-01-28 13:01:44',NULL,NULL),(674,85,'T002','外观检查','通富微电子-上海测试测试-085 - 外观检查',2,NULL,24,238,238,NULL,'COMPLETED',1,1.10938,'2026-02-01 23:42:16','2026-02-01 23:42:16','2026-01-28 13:45:44','2026-01-28 14:30:44','2026-01-28 15:31:20',NULL,NULL),(675,85,'T003','X射线检测','通富微电子-上海测试测试-085 - X射线检测',3,NULL,24,227,227,NULL,'COMPLETED',2,1.71922,'2026-02-01 23:42:16','2026-02-01 23:42:16','2026-01-28 16:07:20','2026-01-28 16:44:20','2026-01-28 18:34:23',NULL,NULL),(676,85,'T004','开封处理','通富微电子-上海测试测试-085 - 开封处理',4,NULL,20,278,278,NULL,'COMPLETED',4,3.48392,'2026-02-01 23:42:16','2026-02-01 23:42:16','2026-01-28 19:16:23','2026-01-28 19:52:23','2026-01-29 00:10:30',NULL,NULL),(677,85,'T005','SEM分析','通富微电子-上海测试测试-085 - SEM分析',5,NULL,23,205,205,NULL,'COMPLETED',3,3.015,'2026-02-01 23:42:16','2026-02-01 23:42:16','2026-01-29 00:44:30','2026-01-29 01:23:30','2026-01-29 04:52:12',NULL,NULL),(678,85,'T006','横截面制备','通富微电子-上海测试测试-085 - 横截面制备',6,NULL,24,286,286,NULL,'COMPLETED',6,5.47597,'2026-02-01 23:42:16','2026-02-01 23:42:16','2026-01-29 05:25:12','2026-01-29 06:20:12','2026-01-29 12:43:52',NULL,NULL),(679,85,'T007','失效定位','通富微电子-上海测试测试-085 - 失效定位',7,NULL,20,226,226,NULL,'COMPLETED',4,4.56137,'2026-02-01 23:42:16','2026-02-01 23:42:16','2026-01-29 14:39:52','2026-01-29 15:04:52','2026-01-29 19:24:49',NULL,NULL),(680,85,'T008','报告编写','通富微电子-上海测试测试-085 - 报告编写',8,NULL,24,NULL,NULL,NULL,'COMPLETED',2,2.01662,'2026-02-01 23:42:16','2026-02-01 23:42:16','2026-01-29 20:59:49','2026-01-29 21:18:49','2026-01-29 22:58:33',NULL,NULL),(681,86,'T001','样品接收登记','长电科技股份-上海测试测试-086 - 样品接收登记',1,NULL,20,291,291,NULL,'COMPLETED',1,0.95237,'2026-02-01 23:42:16','2026-02-01 23:42:16','2026-01-28 12:00:00','2026-01-28 12:56:00','2026-01-28 13:55:32',NULL,NULL),(682,86,'T002','外观检查','长电科技股份-上海测试测试-086 - 外观检查',2,NULL,22,235,235,NULL,'COMPLETED',1,0.918511,'2026-02-01 23:42:16','2026-02-01 23:42:16','2026-01-28 15:37:32','2026-01-28 16:35:32','2026-01-28 17:40:01',NULL,NULL),(683,86,'T003','X射线检测','长电科技股份-上海测试测试-086 - X射线检测',3,NULL,20,203,203,NULL,'COMPLETED',2,1.82297,'2026-02-01 23:42:16','2026-02-01 23:42:16','2026-01-28 18:21:01','2026-01-28 18:43:01','2026-01-28 20:24:20',NULL,NULL),(684,86,'T004','开封处理','长电科技股份-上海测试测试-086 - 开封处理',4,NULL,21,290,290,NULL,'COMPLETED',4,4.15463,'2026-02-01 23:42:16','2026-02-01 23:42:16','2026-01-28 22:06:20','2026-01-28 22:35:20','2026-01-29 01:49:54',NULL,NULL),(685,86,'T005','SEM分析','长电科技股份-上海测试测试-086 - SEM分析',5,NULL,21,201,201,NULL,'COMPLETED',3,3.03191,'2026-02-01 23:42:16','2026-02-01 23:42:16','2026-01-29 03:21:54','2026-01-29 03:33:54','2026-01-29 07:00:50',NULL,NULL),(686,86,'T006','横截面制备','长电科技股份-上海测试测试-086 - 横截面制备',6,NULL,22,290,290,NULL,'COMPLETED',6,6.0111,'2026-02-01 23:42:16','2026-02-01 23:42:16','2026-01-29 07:59:50','2026-01-29 08:48:50','2026-01-29 15:05:24',NULL,NULL),(687,86,'T007','失效定位','长电科技股份-上海测试测试-086 - 失效定位',7,NULL,23,209,209,NULL,'COMPLETED',4,3.91478,'2026-02-01 23:42:16','2026-02-01 23:42:16','2026-01-29 16:23:24','2026-01-29 17:05:24','2026-01-29 20:51:16',NULL,NULL),(688,86,'T008','报告编写','长电科技股份-上海测试测试-086 - 报告编写',8,NULL,20,NULL,NULL,NULL,'COMPLETED',2,1.89991,'2026-02-01 23:42:16','2026-02-01 23:42:16','2026-01-29 21:22:16','2026-01-29 22:04:16','2026-01-30 00:21:17',NULL,NULL),(689,87,'T001','样品接收登记','中芯国际集成电路-上海测试测试-087 - 样品接收登记',1,NULL,22,295,295,NULL,'ASSIGNED',1,NULL,'2026-02-01 23:42:16','2026-02-01 23:42:16','2026-01-27 16:00:00',NULL,NULL,NULL,NULL),(690,87,'T002','外观检查','中芯国际集成电路-上海测试测试-087 - 外观检查',2,NULL,NULL,242,242,NULL,'PENDING',1,NULL,'2026-02-01 23:42:16','2026-02-01 23:42:16',NULL,NULL,NULL,NULL,NULL),(691,87,'T003','X射线检测','中芯国际集成电路-上海测试测试-087 - X射线检测',3,NULL,NULL,201,201,NULL,'PENDING',2,NULL,'2026-02-01 23:42:16','2026-02-01 23:42:16',NULL,NULL,NULL,NULL,NULL),(692,87,'T004','开封处理','中芯国际集成电路-上海测试测试-087 - 开封处理',4,NULL,NULL,289,289,NULL,'PENDING',4,NULL,'2026-02-01 23:42:16','2026-02-01 23:42:16',NULL,NULL,NULL,NULL,NULL),(693,87,'T005','SEM分析','中芯国际集成电路-上海测试测试-087 - SEM分析',5,NULL,NULL,210,210,NULL,'PENDING',3,NULL,'2026-02-01 23:42:16','2026-02-01 23:42:16',NULL,NULL,NULL,NULL,NULL),(694,87,'T006','横截面制备','中芯国际集成电路-上海测试测试-087 - 横截面制备',6,NULL,NULL,276,276,NULL,'PENDING',6,NULL,'2026-02-01 23:42:16','2026-02-01 23:42:16',NULL,NULL,NULL,NULL,NULL),(695,87,'T007','失效定位','中芯国际集成电路-上海测试测试-087 - 失效定位',7,NULL,NULL,206,206,NULL,'PENDING',4,NULL,'2026-02-01 23:42:16','2026-02-01 23:42:16',NULL,NULL,NULL,NULL,NULL),(696,87,'T008','报告编写','中芯国际集成电路-上海测试测试-087 - 报告编写',8,NULL,NULL,NULL,NULL,NULL,'PENDING',2,NULL,'2026-02-01 23:42:16','2026-02-01 23:42:16',NULL,NULL,NULL,NULL,NULL),(697,88,'T001','样品准备编号','通富微电子-深圳研发测试-088 - 样品准备编号',1,NULL,14,NULL,NULL,NULL,'COMPLETED',2,1.96843,'2026-02-01 23:42:16','2026-02-01 23:42:16','2026-01-28 16:00:00','2026-01-28 16:30:00','2026-01-28 18:30:26',NULL,NULL),(698,88,'T002','初始电气测试','通富微电子-深圳研发测试-088 - 初始电气测试',2,NULL,14,200,200,NULL,'COMPLETED',4,4.04715,'2026-02-01 23:42:16','2026-02-01 23:42:16','2026-01-28 19:30:26','2026-01-28 20:00:26','2026-01-28 23:40:18',NULL,NULL),(699,88,'T003','环境应力测试','通富微电子-深圳研发测试-088 - 环境应力测试',3,NULL,16,132,132,NULL,'IN_PROGRESS',168,NULL,'2026-02-01 23:42:16','2026-02-01 23:42:16','2026-01-29 00:40:18','2026-01-29 00:55:18',NULL,NULL,NULL),(700,88,'T004','中间读数','通富微电子-深圳研发测试-088 - 中间读数',4,NULL,12,197,197,NULL,'COMPLETED',4,4.21029,'2026-02-01 23:42:16','2026-02-01 23:42:16','2026-01-29 00:40:18','2026-01-29 01:10:18','2026-01-29 04:53:10',NULL,NULL),(701,88,'T005','应力循环','通富微电子-深圳研发测试-088 - 应力循环',5,NULL,15,116,116,NULL,'IN_PROGRESS',72,NULL,'2026-02-01 23:42:16','2026-02-01 23:42:16','2026-01-29 05:53:10','2026-01-29 06:08:10',NULL,NULL,NULL),(702,88,'T006','最终电气测试','通富微电子-深圳研发测试-088 - 最终电气测试',6,NULL,NULL,196,196,NULL,'PENDING',4,NULL,'2026-02-01 23:42:16','2026-02-01 23:42:16',NULL,NULL,NULL,NULL,NULL),(703,88,'T007','数据分析','通富微电子-深圳研发测试-088 - 数据分析',7,NULL,NULL,NULL,NULL,NULL,'PENDING',8,NULL,'2026-02-01 23:42:16','2026-02-01 23:42:16',NULL,NULL,NULL,NULL,NULL),(704,88,'T008','报告编写','通富微电子-深圳研发测试-088 - 报告编写',8,NULL,NULL,NULL,NULL,NULL,'PENDING',4,NULL,'2026-02-01 23:42:16','2026-02-01 23:42:16',NULL,NULL,NULL,NULL,NULL),(705,89,'T001','样品接收登记','紫光展锐-上海测试测试-089 - 样品接收登记',1,NULL,20,295,295,NULL,'COMPLETED',1,0.936133,'2026-02-01 23:42:16','2026-02-01 23:42:16','2026-01-29 10:00:00','2026-01-29 10:30:00','2026-01-29 11:30:48',NULL,NULL),(706,89,'T002','外观检查','紫光展锐-上海测试测试-089 - 外观检查',2,NULL,24,247,247,NULL,'COMPLETED',1,0.934439,'2026-02-01 23:42:16','2026-02-01 23:42:16','2026-01-29 12:30:48','2026-01-29 13:00:48','2026-01-29 13:55:08',NULL,NULL),(707,89,'T003','X射线检测','紫光展锐-上海测试测试-089 - X射线检测',3,NULL,20,201,201,NULL,'COMPLETED',2,1.94064,'2026-02-01 23:42:16','2026-02-01 23:42:16','2026-01-29 14:55:08','2026-01-29 15:25:08','2026-01-29 17:34:53',NULL,NULL),(708,89,'T004','开封处理','紫光展锐-上海测试测试-089 - 开封处理',4,NULL,23,280,280,NULL,'COMPLETED',4,3.6763,'2026-02-01 23:42:16','2026-02-01 23:42:16','2026-01-29 18:34:53','2026-01-29 19:04:53','2026-01-29 23:12:33',NULL,NULL),(709,89,'T005','SEM分析','紫光展锐-上海测试测试-089 - SEM分析',5,NULL,20,210,210,NULL,'IN_PROGRESS',3,NULL,'2026-02-01 23:42:16','2026-02-01 23:42:16','2026-01-30 00:12:33','2026-01-30 00:27:33',NULL,NULL,NULL),(710,89,'T006','横截面制备','紫光展锐-上海测试测试-089 - 横截面制备',6,NULL,NULL,281,281,NULL,'PENDING',6,NULL,'2026-02-01 23:42:16','2026-02-01 23:42:16',NULL,NULL,NULL,NULL,NULL),(711,89,'T007','失效定位','紫光展锐-上海测试测试-089 - 失效定位',7,NULL,NULL,222,222,NULL,'PENDING',4,NULL,'2026-02-01 23:42:16','2026-02-01 23:42:16',NULL,NULL,NULL,NULL,NULL),(712,89,'T008','报告编写','紫光展锐-上海测试测试-089 - 报告编写',8,NULL,NULL,NULL,NULL,NULL,'PENDING',2,NULL,'2026-02-01 23:42:16','2026-02-01 23:42:16',NULL,NULL,NULL,NULL,NULL),(713,90,'T001','样品准备编号','内部研发部门-上海测试测试-090 - 样品准备编号',1,NULL,28,NULL,NULL,NULL,'COMPLETED',2,1.95896,'2026-02-01 23:42:16','2026-02-01 23:42:16','2026-01-29 20:00:00','2026-01-29 20:32:00','2026-01-29 22:41:15',NULL,NULL),(714,90,'T002','初始电气测试','内部研发部门-上海测试测试-090 - 初始电气测试',2,NULL,31,396,396,NULL,'COMPLETED',4,3.8541,'2026-02-01 23:42:16','2026-02-01 23:42:16','2026-01-29 23:58:15','2026-01-30 00:24:15','2026-01-30 04:22:46',NULL,NULL),(715,90,'T003','环境应力测试','内部研发部门-上海测试测试-090 - 环境应力测试',3,NULL,30,339,339,NULL,'COMPLETED',168,169.135,'2026-02-01 23:42:16','2026-02-01 23:42:16','2026-01-30 05:06:46','2026-01-30 05:54:46','2026-02-05 08:09:56',NULL,NULL),(716,90,'T004','中间读数','内部研发部门-上海测试测试-090 - 中间读数',4,NULL,29,395,395,NULL,'COMPLETED',4,4.16132,'2026-02-01 23:42:16','2026-02-01 23:42:16','2026-02-05 08:40:56','2026-02-05 09:02:56','2026-02-05 12:17:09',NULL,NULL),(717,90,'T005','应力循环','内部研发部门-上海测试测试-090 - 应力循环',5,NULL,29,303,303,NULL,'COMPLETED',72,66.6417,'2026-02-01 23:42:16','2026-02-01 23:42:16','2026-02-05 12:55:09','2026-02-05 13:12:09','2026-02-08 18:23:23',NULL,NULL),(718,90,'T006','最终电气测试','内部研发部门-上海测试测试-090 - 最终电气测试',6,NULL,31,398,398,NULL,'COMPLETED',4,4.20251,'2026-02-01 23:42:16','2026-02-01 23:42:16','2026-02-08 18:58:23','2026-02-08 19:37:23','2026-02-08 23:24:06',NULL,NULL),(719,90,'T007','数据分析','内部研发部门-上海测试测试-090 - 数据分析',7,NULL,28,NULL,NULL,NULL,'COMPLETED',8,8.27842,'2026-02-01 23:42:16','2026-02-01 23:42:16','2026-02-08 23:57:06','2026-02-09 00:25:06','2026-02-09 09:25:21',NULL,NULL),(720,90,'T008','报告编写','内部研发部门-上海测试测试-090 - 报告编写',8,NULL,30,NULL,NULL,NULL,'COMPLETED',4,4.39362,'2026-02-01 23:42:16','2026-02-01 23:42:16','2026-02-09 10:16:21','2026-02-09 10:30:21','2026-02-09 14:23:54',NULL,NULL),(721,91,'T001','样品准备编号','通富微电子-深圳研发测试-091 - 样品准备编号',1,NULL,15,NULL,NULL,NULL,'COMPLETED',2,1.80275,'2026-02-01 23:42:16','2026-02-01 23:42:16','2026-01-28 16:00:00','2026-01-28 16:30:00','2026-01-28 18:36:24',NULL,NULL),(722,91,'T002','初始电气测试','通富微电子-深圳研发测试-091 - 初始电气测试',2,NULL,12,198,198,NULL,'COMPLETED',4,4.15976,'2026-02-01 23:42:16','2026-02-01 23:42:16','2026-01-28 19:36:24','2026-01-28 20:06:24','2026-01-29 00:11:28',NULL,NULL),(723,91,'T003','环境应力测试','通富微电子-深圳研发测试-091 - 环境应力测试',3,NULL,15,133,133,NULL,'COMPLETED',168,163.842,'2026-02-01 23:42:16','2026-02-01 23:42:16','2026-01-29 01:11:28','2026-01-29 01:41:28','2026-02-05 12:53:07',NULL,NULL),(724,91,'T004','中间读数','通富微电子-深圳研发测试-091 - 中间读数',4,NULL,13,198,198,NULL,'IN_PROGRESS',4,NULL,'2026-02-01 23:42:16','2026-02-01 23:42:16','2026-02-05 13:53:07','2026-02-05 14:08:07',NULL,NULL,NULL),(725,91,'T005','应力循环','通富微电子-深圳研发测试-091 - 应力循环',5,NULL,12,119,119,NULL,'COMPLETED',72,68.035,'2026-02-01 23:42:16','2026-02-01 23:42:16','2026-02-05 13:53:07','2026-02-05 14:23:07','2026-02-08 07:16:12',NULL,NULL),(726,91,'T006','最终电气测试','通富微电子-深圳研发测试-091 - 最终电气测试',6,NULL,NULL,191,191,NULL,'PENDING',4,NULL,'2026-02-01 23:42:16','2026-02-01 23:42:16',NULL,NULL,NULL,NULL,NULL),(727,91,'T007','数据分析','通富微电子-深圳研发测试-091 - 数据分析',7,NULL,NULL,NULL,NULL,NULL,'PENDING',8,NULL,'2026-02-01 23:42:16','2026-02-01 23:42:16',NULL,NULL,NULL,NULL,NULL),(728,91,'T008','报告编写','通富微电子-深圳研发测试-091 - 报告编写',8,NULL,NULL,NULL,NULL,NULL,'PENDING',4,NULL,'2026-02-01 23:42:16','2026-02-01 23:42:16',NULL,NULL,NULL,NULL,NULL),(729,92,'T001','样品准备编号','兆易创新-深圳研发测试-092 - 样品准备编号',1,NULL,12,NULL,NULL,NULL,'COMPLETED',2,2.0056,'2026-02-01 23:42:16','2026-02-01 23:42:16','2026-01-30 09:00:00','2026-01-30 09:30:00','2026-01-30 11:33:50',NULL,NULL),(730,92,'T002','初始电气测试','兆易创新-深圳研发测试-092 - 初始电气测试',2,NULL,14,197,197,NULL,'COMPLETED',4,3.79964,'2026-02-01 23:42:16','2026-02-01 23:42:16','2026-01-30 12:33:50','2026-01-30 13:03:50','2026-01-30 17:17:10',NULL,NULL),(731,92,'T003','环境应力测试','兆易创新-深圳研发测试-092 - 环境应力测试',3,NULL,13,150,150,NULL,'IN_PROGRESS',168,NULL,'2026-02-01 23:42:16','2026-02-01 23:42:16','2026-01-30 18:17:10','2026-01-30 18:32:10',NULL,NULL,NULL),(732,92,'T004','中间读数','兆易创新-深圳研发测试-092 - 中间读数',4,NULL,12,193,193,NULL,'COMPLETED',4,3.79297,'2026-02-01 23:42:16','2026-02-01 23:42:16','2026-01-30 18:17:10','2026-01-30 18:47:10','2026-01-30 22:40:57',NULL,NULL),(733,92,'T005','应力循环','兆易创新-深圳研发测试-092 - 应力循环',5,NULL,NULL,117,117,NULL,'PENDING',72,NULL,'2026-02-01 23:42:16','2026-02-01 23:42:16',NULL,NULL,NULL,NULL,NULL),(734,92,'T006','最终电气测试','兆易创新-深圳研发测试-092 - 最终电气测试',6,NULL,NULL,195,195,NULL,'PENDING',4,NULL,'2026-02-01 23:42:16','2026-02-01 23:42:16',NULL,NULL,NULL,NULL,NULL),(735,92,'T007','数据分析','兆易创新-深圳研发测试-092 - 数据分析',7,NULL,NULL,NULL,NULL,NULL,'PENDING',8,NULL,'2026-02-01 23:42:16','2026-02-01 23:42:16',NULL,NULL,NULL,NULL,NULL),(736,92,'T008','报告编写','兆易创新-深圳研发测试-092 - 报告编写',8,NULL,NULL,NULL,NULL,NULL,'PENDING',4,NULL,'2026-02-01 23:42:16','2026-02-01 23:42:16',NULL,NULL,NULL,NULL,NULL),(737,93,'T001','样品接收登记','内部研发部门-深圳研发测试-093 - 样品接收登记',1,NULL,8,94,94,NULL,'COMPLETED',1,0.950215,'2026-02-01 23:42:16','2026-02-01 23:42:16','2026-01-30 10:00:00','2026-01-30 10:47:00','2026-01-30 11:49:13',NULL,NULL),(738,93,'T002','外观检查','内部研发部门-深圳研发测试-093 - 外观检查',2,NULL,8,35,35,NULL,'COMPLETED',1,0.989649,'2026-02-01 23:42:16','2026-02-01 23:42:16','2026-01-30 13:14:13','2026-01-30 13:28:13','2026-01-30 14:39:09',NULL,NULL),(739,93,'T003','X射线检测','内部研发部门-深圳研发测试-093 - X射线检测',3,NULL,6,14,14,NULL,'COMPLETED',2,1.88634,'2026-02-01 23:42:16','2026-02-01 23:42:16','2026-01-30 15:19:09','2026-01-30 16:18:09','2026-01-30 18:28:21',NULL,NULL),(740,93,'T004','开封处理','内部研发部门-深圳研发测试-093 - 开封处理',4,NULL,7,84,84,NULL,'COMPLETED',4,4.53054,'2026-02-01 23:42:16','2026-02-01 23:42:16','2026-01-30 20:16:21','2026-01-30 20:33:21','2026-01-31 00:44:51',NULL,NULL),(741,93,'T005','SEM分析','内部研发部门-深圳研发测试-093 - SEM分析',5,NULL,4,30,30,NULL,'COMPLETED',3,2.82358,'2026-02-01 23:42:16','2026-02-01 23:42:16','2026-01-31 01:31:51','2026-01-31 01:41:51','2026-01-31 04:09:01',NULL,NULL),(742,93,'T006','横截面制备','内部研发部门-深圳研发测试-093 - 横截面制备',6,NULL,6,72,72,NULL,'COMPLETED',6,6.89653,'2026-02-01 23:42:16','2026-02-01 23:42:16','2026-01-31 04:55:01','2026-01-31 05:12:01','2026-01-31 11:37:05',NULL,NULL),(743,93,'T007','失效定位','内部研发部门-深圳研发测试-093 - 失效定位',7,NULL,5,18,18,NULL,'COMPLETED',4,4.10886,'2026-02-01 23:42:16','2026-02-01 23:42:16','2026-01-31 12:18:05','2026-01-31 12:30:05','2026-01-31 16:15:13',NULL,NULL),(744,93,'T008','报告编写','内部研发部门-深圳研发测试-093 - 报告编写',8,NULL,6,NULL,NULL,NULL,'COMPLETED',2,2.294,'2026-02-01 23:42:16','2026-02-01 23:42:16','2026-01-31 17:01:13','2026-01-31 17:33:13','2026-01-31 19:16:04',NULL,NULL),(745,94,'T001','样品接收登记','紫光展锐-深圳研发测试-094 - 样品接收登记',1,NULL,7,100,100,NULL,'ASSIGNED',1,NULL,'2026-02-01 23:42:16','2026-02-01 23:42:16','2026-01-30 03:00:00',NULL,NULL,NULL,NULL),(746,94,'T002','外观检查','紫光展锐-深圳研发测试-094 - 外观检查',2,NULL,NULL,50,50,NULL,'PENDING',1,NULL,'2026-02-01 23:42:16','2026-02-01 23:42:16',NULL,NULL,NULL,NULL,NULL),(747,94,'T003','X射线检测','紫光展锐-深圳研发测试-094 - X射线检测',3,NULL,NULL,16,16,NULL,'PENDING',2,NULL,'2026-02-01 23:42:16','2026-02-01 23:42:16',NULL,NULL,NULL,NULL,NULL),(748,94,'T004','开封处理','紫光展锐-深圳研发测试-094 - 开封处理',4,NULL,NULL,90,90,NULL,'PENDING',4,NULL,'2026-02-01 23:42:16','2026-02-01 23:42:16',NULL,NULL,NULL,NULL,NULL),(749,94,'T005','SEM分析','紫光展锐-深圳研发测试-094 - SEM分析',5,NULL,NULL,8,8,NULL,'PENDING',3,NULL,'2026-02-01 23:42:16','2026-02-01 23:42:16',NULL,NULL,NULL,NULL,NULL),(750,94,'T006','横截面制备','紫光展锐-深圳研发测试-094 - 横截面制备',6,NULL,NULL,78,78,NULL,'PENDING',6,NULL,'2026-02-01 23:42:16','2026-02-01 23:42:16',NULL,NULL,NULL,NULL,NULL),(751,94,'T007','失效定位','紫光展锐-深圳研发测试-094 - 失效定位',7,NULL,NULL,22,22,NULL,'PENDING',4,NULL,'2026-02-01 23:42:16','2026-02-01 23:42:16',NULL,NULL,NULL,NULL,NULL),(752,94,'T008','报告编写','紫光展锐-深圳研发测试-094 - 报告编写',8,NULL,NULL,NULL,NULL,NULL,'PENDING',2,NULL,'2026-02-01 23:42:16','2026-02-01 23:42:16',NULL,NULL,NULL,NULL,NULL),(753,95,'T001','样品准备编号','通富微电子-上海测试测试-095 - 样品准备编号',1,NULL,NULL,NULL,NULL,NULL,'PENDING',2,NULL,'2026-02-01 23:42:16','2026-02-01 23:42:16',NULL,NULL,NULL,NULL,NULL),(754,95,'T002','初始电气测试','通富微电子-上海测试测试-095 - 初始电气测试',2,NULL,NULL,391,391,NULL,'PENDING',4,NULL,'2026-02-01 23:42:16','2026-02-01 23:42:16',NULL,NULL,NULL,NULL,NULL),(755,95,'T003','环境应力测试','通富微电子-上海测试测试-095 - 环境应力测试',3,NULL,NULL,327,327,NULL,'PENDING',168,NULL,'2026-02-01 23:42:16','2026-02-01 23:42:16',NULL,NULL,NULL,NULL,NULL),(756,95,'T004','中间读数','通富微电子-上海测试测试-095 - 中间读数',4,NULL,NULL,396,396,NULL,'PENDING',4,NULL,'2026-02-01 23:42:16','2026-02-01 23:42:16',NULL,NULL,NULL,NULL,NULL),(757,95,'T005','应力循环','通富微电子-上海测试测试-095 - 应力循环',5,NULL,NULL,316,316,NULL,'PENDING',72,NULL,'2026-02-01 23:42:16','2026-02-01 23:42:16',NULL,NULL,NULL,NULL,NULL),(758,95,'T006','最终电气测试','通富微电子-上海测试测试-095 - 最终电气测试',6,NULL,NULL,398,398,NULL,'PENDING',4,NULL,'2026-02-01 23:42:16','2026-02-01 23:42:16',NULL,NULL,NULL,NULL,NULL),(759,95,'T007','数据分析','通富微电子-上海测试测试-095 - 数据分析',7,NULL,NULL,NULL,NULL,NULL,'PENDING',8,NULL,'2026-02-01 23:42:16','2026-02-01 23:42:16',NULL,NULL,NULL,NULL,NULL),(760,95,'T008','报告编写','通富微电子-上海测试测试-095 - 报告编写',8,NULL,NULL,NULL,NULL,NULL,'PENDING',4,NULL,'2026-02-01 23:42:16','2026-02-01 23:42:16',NULL,NULL,NULL,NULL,NULL),(761,96,'T001','样品准备编号','质量保证部-上海测试测试-096 - 样品准备编号',1,NULL,30,NULL,NULL,NULL,'ASSIGNED',2,NULL,'2026-02-01 23:42:16','2026-02-01 23:42:16','2026-01-30 16:00:00',NULL,NULL,NULL,NULL),(762,96,'T002','初始电气测试','质量保证部-上海测试测试-096 - 初始电气测试',2,NULL,NULL,391,391,NULL,'PENDING',4,NULL,'2026-02-01 23:42:16','2026-02-01 23:42:16',NULL,NULL,NULL,NULL,NULL),(763,96,'T003','环境应力测试','质量保证部-上海测试测试-096 - 环境应力测试',3,NULL,NULL,350,350,NULL,'PENDING',168,NULL,'2026-02-01 23:42:16','2026-02-01 23:42:16',NULL,NULL,NULL,NULL,NULL),(764,96,'T004','中间读数','质量保证部-上海测试测试-096 - 中间读数',4,NULL,NULL,395,395,NULL,'PENDING',4,NULL,'2026-02-01 23:42:16','2026-02-01 23:42:16',NULL,NULL,NULL,NULL,NULL),(765,96,'T005','应力循环','质量保证部-上海测试测试-096 - 应力循环',5,NULL,NULL,314,314,NULL,'PENDING',72,NULL,'2026-02-01 23:42:16','2026-02-01 23:42:16',NULL,NULL,NULL,NULL,NULL),(766,96,'T006','最终电气测试','质量保证部-上海测试测试-096 - 最终电气测试',6,NULL,NULL,396,396,NULL,'PENDING',4,NULL,'2026-02-01 23:42:16','2026-02-01 23:42:16',NULL,NULL,NULL,NULL,NULL),(767,96,'T007','数据分析','质量保证部-上海测试测试-096 - 数据分析',7,NULL,NULL,NULL,NULL,NULL,'PENDING',8,NULL,'2026-02-01 23:42:16','2026-02-01 23:42:16',NULL,NULL,NULL,NULL,NULL),(768,96,'T008','报告编写','质量保证部-上海测试测试-096 - 报告编写',8,NULL,NULL,NULL,NULL,NULL,'PENDING',4,NULL,'2026-02-01 23:42:16','2026-02-01 23:42:16',NULL,NULL,NULL,NULL,NULL),(769,97,'T001','样品接收登记','华为技术有限公司-上海测试测试-097 - 样品接收登记',1,NULL,20,300,300,NULL,'COMPLETED',1,1.06556,'2026-02-01 23:42:16','2026-02-01 23:42:16','2026-01-31 07:00:00','2026-01-31 07:30:00','2026-01-31 08:33:06',NULL,NULL),(770,97,'T002','外观检查','华为技术有限公司-上海测试测试-097 - 外观检查',2,NULL,23,233,233,NULL,'COMPLETED',1,0.985682,'2026-02-01 23:42:16','2026-02-01 23:42:16','2026-01-31 09:33:06','2026-01-31 10:03:06','2026-01-31 10:57:17',NULL,NULL),(771,97,'T003','X射线检测','华为技术有限公司-上海测试测试-097 - X射线检测',3,NULL,23,207,207,NULL,'COMPLETED',2,1.96179,'2026-02-01 23:42:16','2026-02-01 23:42:16','2026-01-31 11:57:17','2026-01-31 12:27:17','2026-01-31 14:24:00',NULL,NULL),(772,97,'T004','开封处理','华为技术有限公司-上海测试测试-097 - 开封处理',4,NULL,NULL,285,285,NULL,'PENDING',4,NULL,'2026-02-01 23:42:16','2026-02-01 23:42:16',NULL,NULL,NULL,NULL,NULL),(773,97,'T005','SEM分析','华为技术有限公司-上海测试测试-097 - SEM分析',5,NULL,23,206,206,NULL,'IN_PROGRESS',3,NULL,'2026-02-01 23:42:16','2026-02-01 23:42:16','2026-01-31 15:24:00','2026-01-31 15:39:00',NULL,NULL,NULL),(774,97,'T006','横截面制备','华为技术有限公司-上海测试测试-097 - 横截面制备',6,NULL,NULL,279,279,NULL,'PENDING',6,NULL,'2026-02-01 23:42:16','2026-02-01 23:42:16',NULL,NULL,NULL,NULL,NULL),(775,97,'T007','失效定位','华为技术有限公司-上海测试测试-097 - 失效定位',7,NULL,NULL,218,218,NULL,'PENDING',4,NULL,'2026-02-01 23:42:16','2026-02-01 23:42:16',NULL,NULL,NULL,NULL,NULL),(776,97,'T008','报告编写','华为技术有限公司-上海测试测试-097 - 报告编写',8,NULL,NULL,NULL,NULL,NULL,'PENDING',2,NULL,'2026-02-01 23:42:16','2026-02-01 23:42:16',NULL,NULL,NULL,NULL,NULL),(777,98,'T001','样品接收登记','内部研发部门-深圳研发测试-098 - 样品接收登记',1,NULL,5,100,100,NULL,'ASSIGNED',1,NULL,'2026-02-01 23:42:16','2026-02-01 23:42:16','2026-01-31 15:00:00',NULL,NULL,NULL,NULL),(778,98,'T002','外观检查','内部研发部门-深圳研发测试-098 - 外观检查',2,NULL,NULL,42,42,NULL,'PENDING',1,NULL,'2026-02-01 23:42:16','2026-02-01 23:42:16',NULL,NULL,NULL,NULL,NULL),(779,98,'T003','X射线检测','内部研发部门-深圳研发测试-098 - X射线检测',3,NULL,NULL,28,28,NULL,'PENDING',2,NULL,'2026-02-01 23:42:16','2026-02-01 23:42:16',NULL,NULL,NULL,NULL,NULL),(780,98,'T004','开封处理','内部研发部门-深圳研发测试-098 - 开封处理',4,NULL,NULL,89,89,NULL,'PENDING',4,NULL,'2026-02-01 23:42:16','2026-02-01 23:42:16',NULL,NULL,NULL,NULL,NULL),(781,98,'T005','SEM分析','内部研发部门-深圳研发测试-098 - SEM分析',5,NULL,NULL,7,7,NULL,'PENDING',3,NULL,'2026-02-01 23:42:16','2026-02-01 23:42:16',NULL,NULL,NULL,NULL,NULL),(782,98,'T006','横截面制备','内部研发部门-深圳研发测试-098 - 横截面制备',6,NULL,NULL,83,83,NULL,'PENDING',6,NULL,'2026-02-01 23:42:16','2026-02-01 23:42:16',NULL,NULL,NULL,NULL,NULL),(783,98,'T007','失效定位','内部研发部门-深圳研发测试-098 - 失效定位',7,NULL,NULL,12,12,NULL,'PENDING',4,NULL,'2026-02-01 23:42:16','2026-02-01 23:42:16',NULL,NULL,NULL,NULL,NULL),(784,98,'T008','报告编写','内部研发部门-深圳研发测试-098 - 报告编写',8,NULL,NULL,NULL,NULL,NULL,'PENDING',2,NULL,'2026-02-01 23:42:16','2026-02-01 23:42:16',NULL,NULL,NULL,NULL,NULL),(785,99,'T001','样品接收登记','汇顶科技-上海测试测试-099 - 样品接收登记',1,NULL,22,295,295,NULL,'COMPLETED',1,1.02271,'2026-02-01 23:42:16','2026-02-01 23:42:16','2026-02-01 01:00:00','2026-02-01 01:30:00','2026-02-01 02:28:24',NULL,NULL),(786,99,'T002','外观检查','汇顶科技-上海测试测试-099 - 外观检查',2,NULL,22,232,232,NULL,'COMPLETED',1,0.934404,'2026-02-01 23:42:16','2026-02-01 23:42:16','2026-02-01 03:28:24','2026-02-01 03:58:24','2026-02-01 04:58:55',NULL,NULL),(787,99,'T003','X射线检测','汇顶科技-上海测试测试-099 - X射线检测',3,NULL,23,204,204,NULL,'COMPLETED',2,1.92793,'2026-02-01 23:42:16','2026-02-01 23:42:16','2026-02-01 05:58:55','2026-02-01 06:28:55','2026-02-01 08:19:10',NULL,NULL),(788,99,'T004','开封处理','汇顶科技-上海测试测试-099 - 开封处理',4,NULL,22,278,278,NULL,'COMPLETED',4,4.01268,'2026-02-01 23:42:16','2026-02-01 23:42:16','2026-02-01 09:19:10','2026-02-01 09:49:10','2026-02-01 13:41:28',NULL,NULL),(789,99,'T005','SEM分析','汇顶科技-上海测试测试-099 - SEM分析',5,NULL,NULL,215,215,NULL,'PENDING',3,NULL,'2026-02-01 23:42:16','2026-02-01 23:42:16',NULL,NULL,NULL,NULL,NULL),(790,99,'T006','横截面制备','汇顶科技-上海测试测试-099 - 横截面制备',6,NULL,NULL,290,290,NULL,'PENDING',6,NULL,'2026-02-01 23:42:16','2026-02-01 23:42:16',NULL,NULL,NULL,NULL,NULL),(791,99,'T007','失效定位','汇顶科技-上海测试测试-099 - 失效定位',7,NULL,NULL,207,207,NULL,'PENDING',4,NULL,'2026-02-01 23:42:16','2026-02-01 23:42:16',NULL,NULL,NULL,NULL,NULL),(792,99,'T008','报告编写','汇顶科技-上海测试测试-099 - 报告编写',8,NULL,NULL,NULL,NULL,NULL,'PENDING',2,NULL,'2026-02-01 23:42:16','2026-02-01 23:42:16',NULL,NULL,NULL,NULL,NULL),(793,100,'T001','样品准备编号','兆易创新-深圳研发测试-100 - 样品准备编号',1,NULL,NULL,NULL,NULL,NULL,'PENDING',2,NULL,'2026-02-01 23:42:16','2026-02-01 23:42:16',NULL,NULL,NULL,NULL,NULL),(794,100,'T002','初始电气测试','兆易创新-深圳研发测试-100 - 初始电气测试',2,NULL,NULL,195,195,NULL,'PENDING',4,NULL,'2026-02-01 23:42:16','2026-02-01 23:42:16',NULL,NULL,NULL,NULL,NULL),(795,100,'T003','环境应力测试','兆易创新-深圳研发测试-100 - 环境应力测试',3,NULL,NULL,139,139,NULL,'PENDING',168,NULL,'2026-02-01 23:42:16','2026-02-01 23:42:16',NULL,NULL,NULL,NULL,NULL),(796,100,'T004','中间读数','兆易创新-深圳研发测试-100 - 中间读数',4,NULL,NULL,195,195,NULL,'PENDING',4,NULL,'2026-02-01 23:42:16','2026-02-01 23:42:16',NULL,NULL,NULL,NULL,NULL),(797,100,'T005','应力循环','兆易创新-深圳研发测试-100 - 应力循环',5,NULL,NULL,105,105,NULL,'PENDING',72,NULL,'2026-02-01 23:42:16','2026-02-01 23:42:16',NULL,NULL,NULL,NULL,NULL),(798,100,'T006','最终电气测试','兆易创新-深圳研发测试-100 - 最终电气测试',6,NULL,NULL,194,194,NULL,'PENDING',4,NULL,'2026-02-01 23:42:16','2026-02-01 23:42:16',NULL,NULL,NULL,NULL,NULL),(799,100,'T007','数据分析','兆易创新-深圳研发测试-100 - 数据分析',7,NULL,NULL,NULL,NULL,NULL,'PENDING',8,NULL,'2026-02-01 23:42:16','2026-02-01 23:42:16',NULL,NULL,NULL,NULL,NULL),(800,100,'T008','报告编写','兆易创新-深圳研发测试-100 - 报告编写',8,NULL,NULL,NULL,NULL,NULL,'PENDING',4,NULL,'2026-02-01 23:42:16','2026-02-01 23:42:16',NULL,NULL,NULL,NULL,NULL);
/*!40000 ALTER TABLE `work_order_tasks` ENABLE KEYS */;
UNLOCK TABLES;

--
-- Table structure for table `work_orders`
--

DROP TABLE IF EXISTS `work_orders`;
/*!40101 SET @saved_cs_client     = @@character_set_client */;
/*!40101 SET character_set_client = utf8 */;
CREATE TABLE `work_orders` (
  `id` int NOT NULL AUTO_INCREMENT,
  `order_number` varchar(50) COLLATE utf8mb4_unicode_ci NOT NULL,
  `title` varchar(200) COLLATE utf8mb4_unicode_ci NOT NULL,
  `description` text COLLATE utf8mb4_unicode_ci,
  `work_order_type` enum('FAILURE_ANALYSIS','RELIABILITY_TEST') COLLATE utf8mb4_unicode_ci NOT NULL,
  `laboratory_id` int NOT NULL,
  `site_id` int NOT NULL,
  `client_id` int DEFAULT NULL,
  `testing_source` varchar(50) COLLATE utf8mb4_unicode_ci DEFAULT NULL,
  `sla_deadline` datetime DEFAULT NULL,
  `priority_score` float DEFAULT NULL,
  `priority_level` int DEFAULT NULL,
  `assigned_engineer_id` int DEFAULT NULL,
  `status` enum('DRAFT','PENDING','ASSIGNED','IN_PROGRESS','ON_HOLD','REVIEW','COMPLETED','CANCELLED') COLLATE utf8mb4_unicode_ci NOT NULL,
  `standard_cycle_hours` float DEFAULT NULL,
  `actual_cycle_hours` float DEFAULT NULL,
  `created_at` datetime DEFAULT NULL,
  `updated_at` datetime DEFAULT NULL,
  `assigned_at` datetime DEFAULT NULL,
  `started_at` datetime DEFAULT NULL,
  `completed_at` datetime DEFAULT NULL,
  `created_by_id` int NOT NULL,
  PRIMARY KEY (`id`),
  UNIQUE KEY `ix_work_orders_order_number` (`order_number`),
  KEY `laboratory_id` (`laboratory_id`),
  KEY `site_id` (`site_id`),
  KEY `client_id` (`client_id`),
  KEY `assigned_engineer_id` (`assigned_engineer_id`),
  KEY `created_by_id` (`created_by_id`),
  KEY `ix_work_orders_id` (`id`),
  KEY `ix_work_orders_work_order_type` (`work_order_type`),
  KEY `ix_work_orders_status` (`status`),
  CONSTRAINT `work_orders_ibfk_1` FOREIGN KEY (`laboratory_id`) REFERENCES `laboratories` (`id`),
  CONSTRAINT `work_orders_ibfk_2` FOREIGN KEY (`site_id`) REFERENCES `sites` (`id`),
  CONSTRAINT `work_orders_ibfk_3` FOREIGN KEY (`client_id`) REFERENCES `clients` (`id`),
  CONSTRAINT `work_orders_ibfk_4` FOREIGN KEY (`assigned_engineer_id`) REFERENCES `personnel` (`id`),
  CONSTRAINT `work_orders_ibfk_5` FOREIGN KEY (`created_by_id`) REFERENCES `users` (`id`)
) ENGINE=InnoDB AUTO_INCREMENT=101 DEFAULT CHARSET=utf8mb4 COLLATE=utf8mb4_unicode_ci;
/*!40101 SET character_set_client = @saved_cs_client */;

--
-- Dumping data for table `work_orders`
--

LOCK TABLES `work_orders` WRITE;
/*!40000 ALTER TABLE `work_orders` DISABLE KEYS */;
INSERT INTO `work_orders` VALUES (1,'WO-20260101-0001','长电科技股份-上海测试测试-001','工单1: 长电科技股份的fa测试任务','FAILURE_ANALYSIS',3,2,3,'external','2026-01-12 12:00:00',100,2,18,'COMPLETED',32,26.1172,'2026-01-01 12:00:00','2026-02-01 23:42:16','2026-01-01 21:00:00','2026-01-02 03:00:00','2026-01-27 12:00:00',1),(2,'WO-20260101-0002','华为技术有限公司-上海测试测试-002','工单2: 华为技术有限公司的fa测试任务','FAILURE_ANALYSIS',3,2,1,'vip','2026-01-13 15:00:00',100,1,19,'COMPLETED',40,34.9149,'2026-01-01 15:00:00','2026-02-01 23:42:16','2026-01-02 15:00:00','2026-01-02 18:00:00','2026-01-20 15:00:00',1),(3,'WO-20260101-0003','华为技术有限公司-深圳研发测试-003','工单3: 华为技术有限公司的fa测试任务','FAILURE_ANALYSIS',1,1,1,'vip','2026-01-10 14:00:00',100,1,2,'COMPLETED',40,32.015,'2026-01-01 14:00:00','2026-02-01 23:42:16','2026-01-02 12:00:00','2026-01-02 17:00:00','2026-01-09 14:00:00',1),(4,'WO-20260101-0004','中芯国际集成电路-上海测试测试-004','工单4: 中芯国际集成电路的fa测试任务','FAILURE_ANALYSIS',3,2,2,'vip','2026-01-07 13:00:00',100,1,18,'COMPLETED',32,28.8925,'2026-01-01 13:00:00','2026-02-01 23:42:16','2026-01-01 19:00:00','2026-01-02 03:00:00','2026-02-11 13:00:00',1),(5,'WO-20260102-0005','中芯国际集成电路-深圳研发测试-005','工单5: 中芯国际集成电路的fa测试任务','FAILURE_ANALYSIS',1,1,2,'vip','2026-01-08 08:00:00',100,1,2,'COMPLETED',24,21.9705,'2026-01-02 08:00:00','2026-02-01 23:42:16','2026-01-03 07:00:00','2026-01-03 10:00:00','2026-02-20 08:00:00',1),(6,'WO-20260102-0006','紫光展锐-上海测试测试-006','工单6: 紫光展锐的fa测试任务','FAILURE_ANALYSIS',3,2,10,'external','2026-01-12 14:00:00',100,2,18,'COMPLETED',40,46.6185,'2026-01-02 14:00:00','2026-02-01 23:42:16','2026-01-03 02:00:00','2026-01-03 03:00:00','2026-02-23 14:00:00',1),(7,'WO-20260102-0007','华为技术有限公司-深圳研发测试-007','工单7: 华为技术有限公司的fa测试任务','FAILURE_ANALYSIS',1,1,1,'vip','2026-01-10 16:00:00',100,1,3,'COMPLETED',40,39.7569,'2026-01-02 16:00:00','2026-02-01 23:42:16','2026-01-03 13:00:00','2026-01-03 14:00:00','2026-02-07 16:00:00',1),(8,'WO-20260103-0008','中芯国际集成电路-深圳研发测试-008','工单8: 中芯国际集成电路的reliability测试任务','RELIABILITY_TEST',2,1,2,'vip','2026-01-21 11:00:00',100,1,10,'COMPLETED',336,354.749,'2026-01-03 11:00:00','2026-02-01 23:42:16','2026-01-04 04:00:00','2026-01-04 12:00:00','2026-01-09 11:00:00',1),(9,'WO-20260103-0009','紫光展锐-深圳研发测试-009','工单9: 紫光展锐的fa测试任务','FAILURE_ANALYSIS',1,1,10,'external','2026-01-10 12:00:00',100,2,3,'COMPLETED',32,32.064,'2026-01-03 12:00:00','2026-02-01 23:42:16','2026-01-04 02:00:00','2026-01-04 10:00:00','2026-02-16 12:00:00',1),(10,'WO-20260103-0010','紫光展锐-深圳研发测试-010','工单10: 紫光展锐的fa测试任务','FAILURE_ANALYSIS',1,1,10,'external','2026-01-15 09:00:00',100,2,2,'COMPLETED',40,32.3014,'2026-01-03 09:00:00','2026-02-01 23:42:16','2026-01-03 19:00:00','2026-01-04 02:00:00','2026-02-26 15:00:00',1),(11,'WO-20260104-0011','通富微电子-深圳研发测试-011','工单11: 通富微电子的fa测试任务','FAILURE_ANALYSIS',1,1,4,'external','2026-01-11 16:00:00',100,2,2,'COMPLETED',40,46.6311,'2026-01-04 16:00:00','2026-02-01 23:42:16','2026-01-05 14:00:00','2026-01-05 18:00:00','2026-02-01 16:00:00',1),(12,'WO-20260104-0012','长电科技股份-上海测试测试-012','工单12: 长电科技股份的reliability测试任务','RELIABILITY_TEST',4,2,3,'external','2026-01-21 12:00:00',100,2,26,'COMPLETED',336,314.659,'2026-01-04 12:00:00','2026-02-01 23:42:16','2026-01-05 07:00:00','2026-01-05 08:00:00','2026-02-03 12:00:00',1),(13,'WO-20260104-0013','韦尔半导体-上海测试测试-013','工单13: 韦尔半导体的reliability测试任务','RELIABILITY_TEST',4,2,5,'external','2026-01-27 09:00:00',100,2,26,'COMPLETED',168,154.846,'2026-01-04 09:00:00','2026-02-01 23:42:16','2026-01-04 19:00:00','2026-01-05 01:00:00','2026-02-22 09:00:00',1),(14,'WO-20260105-0014','紫光展锐-上海测试测试-014','工单14: 紫光展锐的reliability测试任务','RELIABILITY_TEST',4,2,10,'external','2026-02-02 08:00:00',100,2,27,'COMPLETED',336,385.673,'2026-01-05 08:00:00','2026-02-01 23:42:16','2026-01-06 06:00:00','2026-01-06 08:00:00','2026-01-29 08:00:00',1),(15,'WO-20260105-0015','通富微电子-深圳研发测试-015','工单15: 通富微电子的fa测试任务','FAILURE_ANALYSIS',1,1,4,'external','2026-01-10 14:00:00',100,2,2,'COMPLETED',40,38.7305,'2026-01-05 14:00:00','2026-02-01 23:42:16','2026-01-06 13:00:00','2026-01-06 18:00:00','2026-02-16 14:00:00',1),(16,'WO-20260105-0016','中芯国际集成电路-深圳研发测试-016','工单16: 中芯国际集成电路的fa测试任务','FAILURE_ANALYSIS',1,1,2,'vip','2026-01-14 17:00:00',100,1,2,'COMPLETED',32,30.1521,'2026-01-05 17:00:00','2026-02-01 23:42:16','2026-01-06 00:00:00','2026-01-06 07:00:00','2026-01-18 17:00:00',1),(17,'WO-20260105-0017','中芯国际集成电路-上海测试测试-017','工单17: 中芯国际集成电路的reliability测试任务','RELIABILITY_TEST',4,2,2,'vip','2026-02-04 16:00:00',100,1,27,'COMPLETED',336,303.213,'2026-01-05 16:00:00','2026-02-01 23:42:16','2026-01-05 21:00:00','2026-01-06 00:00:00','2026-02-03 16:00:00',1),(18,'WO-20260106-0018','质量保证部-上海测试测试-018','工单18: 质量保证部的fa测试任务','FAILURE_ANALYSIS',3,2,9,'internal','2026-01-12 11:00:00',100,3,18,'COMPLETED',24,21.3317,'2026-01-06 11:00:00','2026-02-01 23:42:16','2026-01-06 16:00:00','2026-01-06 22:00:00','2026-02-07 11:00:00',1),(19,'WO-20260106-0019','紫光展锐-上海测试测试-019','工单19: 紫光展锐的reliability测试任务','RELIABILITY_TEST',4,2,10,'external','2026-02-01 11:00:00',100,2,26,'COMPLETED',500,443.609,'2026-01-06 11:00:00','2026-02-01 23:42:16','2026-01-06 17:00:00','2026-01-06 21:00:00','2026-01-28 11:00:00',1),(20,'WO-20260106-0020','内部研发部门-深圳研发测试-020','工单20: 内部研发部门的fa测试任务','FAILURE_ANALYSIS',1,1,8,'internal','2026-01-11 14:00:00',100,3,3,'CANCELLED',24,NULL,'2026-01-06 14:00:00','2026-02-01 23:42:16','2026-01-07 08:00:00',NULL,NULL,1),(21,'WO-20260107-0021','华为技术有限公司-上海测试测试-021','工单21: 华为技术有限公司的fa测试任务','FAILURE_ANALYSIS',3,2,1,'vip','2026-01-15 17:00:00',100,1,19,'COMPLETED',32,32.4383,'2026-01-07 17:00:00','2026-02-01 23:42:16','2026-01-08 02:00:00','2026-01-08 10:00:00','2026-01-14 17:00:00',1),(22,'WO-20260107-0022','兆易创新-上海测试测试-022','工单22: 兆易创新的reliability测试任务','RELIABILITY_TEST',4,2,6,'external','2026-01-28 10:00:00',100,2,26,'COMPLETED',500,413.143,'2026-01-07 10:00:00','2026-02-01 23:42:16','2026-01-08 10:00:00','2026-01-08 17:00:00','2026-01-21 10:00:00',1),(23,'WO-20260107-0023','汇顶科技-深圳研发测试-023','工单23: 汇顶科技的fa测试任务','FAILURE_ANALYSIS',1,1,7,'external','2026-01-20 09:00:00',100,2,3,'CANCELLED',16,NULL,'2026-01-07 09:00:00','2026-02-01 23:42:16','2026-01-08 02:00:00',NULL,NULL,1),(24,'WO-20260108-0024','长电科技股份-深圳研发测试-024','工单24: 长电科技股份的fa测试任务','FAILURE_ANALYSIS',1,1,3,'external','2026-01-14 13:00:00',100,2,2,'COMPLETED',32,28.6951,'2026-01-08 13:00:00','2026-02-01 23:42:16','2026-01-09 08:00:00','2026-01-09 10:00:00','2026-02-27 00:00:00',1),(25,'WO-20260108-0025','长电科技股份-深圳研发测试-025','工单25: 长电科技股份的fa测试任务','FAILURE_ANALYSIS',1,1,3,'external','2026-01-20 12:00:00',100,2,3,'COMPLETED',16,16.8013,'2026-01-08 12:00:00','2026-02-01 23:42:16','2026-01-09 01:00:00','2026-01-09 04:00:00','2026-02-06 12:00:00',1),(26,'WO-20260108-0026','质量保证部-深圳研发测试-026','工单26: 质量保证部的reliability测试任务','RELIABILITY_TEST',2,1,9,'internal','2026-02-06 10:00:00',80,3,10,'COMPLETED',240,198.312,'2026-01-08 10:00:00','2026-02-01 23:42:16','2026-01-08 23:00:00','2026-01-09 04:00:00','2026-02-10 10:00:00',1),(27,'WO-20260109-0027','兆易创新-深圳研发测试-027','工单27: 兆易创新的reliability测试任务','RELIABILITY_TEST',2,1,6,'external','2026-02-08 09:00:00',75,2,11,'COMPLETED',500,460.403,'2026-01-09 09:00:00','2026-02-01 23:42:16','2026-01-09 19:00:00','2026-01-09 23:00:00','2026-02-09 09:00:00',1),(28,'WO-20260109-0028','质量保证部-深圳研发测试-028','工单28: 质量保证部的fa测试任务','FAILURE_ANALYSIS',1,1,9,'internal','2026-01-19 10:00:00',100,3,3,'COMPLETED',40,46.8114,'2026-01-09 10:00:00','2026-02-01 23:42:16','2026-01-10 07:00:00','2026-01-10 09:00:00','2026-02-27 08:00:00',1),(29,'WO-20260109-0029','兆易创新-上海测试测试-029','工单29: 兆易创新的fa测试任务','FAILURE_ANALYSIS',3,2,6,'external','2026-01-17 13:00:00',100,2,18,'COMPLETED',16,17.7172,'2026-01-09 13:00:00','2026-02-01 23:42:16','2026-01-10 12:00:00','2026-01-10 16:00:00','2026-01-25 13:00:00',1),(30,'WO-20260109-0030','兆易创新-深圳研发测试-030','工单30: 兆易创新的reliability测试任务','RELIABILITY_TEST',2,1,6,'external','2026-02-05 16:00:00',75,2,10,'CANCELLED',336,NULL,'2026-01-09 16:00:00','2026-02-01 23:42:16','2026-01-10 06:00:00',NULL,NULL,1),(31,'WO-20260110-0031','兆易创新-深圳研发测试-031','工单31: 兆易创新的reliability测试任务','RELIABILITY_TEST',2,1,6,'external','2026-02-09 08:00:00',75,2,10,'COMPLETED',500,465.831,'2026-01-10 08:00:00','2026-02-01 23:42:16','2026-01-11 02:00:00','2026-01-11 05:00:00','2026-02-12 08:00:00',1),(32,'WO-20260110-0032','通富微电子-深圳研发测试-032','工单32: 通富微电子的fa测试任务','FAILURE_ANALYSIS',1,1,4,'external','2026-01-15 14:00:00',100,2,2,'COMPLETED',32,26.9277,'2026-01-10 14:00:00','2026-02-01 23:42:16','2026-01-11 05:00:00','2026-01-11 09:00:00','2026-02-19 14:00:00',1),(33,'WO-20260110-0033','华为技术有限公司-上海测试测试-033','工单33: 华为技术有限公司的reliability测试任务','RELIABILITY_TEST',4,2,1,'vip','2026-02-04 09:00:00',100,1,27,'IN_PROGRESS',500,NULL,'2026-01-10 09:00:00','2026-02-01 23:42:16','2026-01-11 08:00:00','2026-01-11 14:00:00',NULL,1),(34,'WO-20260111-0034','中芯国际集成电路-上海测试测试-034','工单34: 中芯国际集成电路的fa测试任务','FAILURE_ANALYSIS',3,2,2,'vip','2026-01-24 12:00:00',100,1,18,'IN_PROGRESS',40,NULL,'2026-01-11 12:00:00','2026-02-01 23:42:16','2026-01-11 16:00:00','2026-01-11 17:00:00',NULL,1),(35,'WO-20260111-0035','通富微电子-深圳研发测试-035','工单35: 通富微电子的fa测试任务','FAILURE_ANALYSIS',1,1,4,'external','2026-01-25 12:00:00',100,2,2,'COMPLETED',40,37.4724,'2026-01-11 12:00:00','2026-02-01 23:42:16','2026-01-11 18:00:00','2026-01-11 21:00:00','2026-02-14 12:00:00',1),(36,'WO-20260111-0036','华为技术有限公司-上海测试测试-036','工单36: 华为技术有限公司的fa测试任务','FAILURE_ANALYSIS',3,2,1,'vip','2026-01-22 08:00:00',100,1,18,'COMPLETED',40,39.8026,'2026-01-11 08:00:00','2026-02-01 23:42:16','2026-01-11 20:00:00','2026-01-12 00:00:00','2026-02-27 13:00:00',1),(37,'WO-20260112-0037','华为技术有限公司-深圳研发测试-037','工单37: 华为技术有限公司的fa测试任务','FAILURE_ANALYSIS',1,1,1,'vip','2026-01-20 15:00:00',100,1,3,'COMPLETED',24,27.9648,'2026-01-12 15:00:00','2026-02-01 23:42:16','2026-01-13 04:00:00','2026-01-13 10:00:00','2026-02-27 01:00:00',1),(38,'WO-20260112-0038','紫光展锐-上海测试测试-038','工单38: 紫光展锐的reliability测试任务','RELIABILITY_TEST',4,2,10,'external','2026-01-29 10:00:00',100,2,26,'IN_PROGRESS',168,NULL,'2026-01-12 10:00:00','2026-02-01 23:42:16','2026-01-12 19:00:00','2026-01-13 00:00:00',NULL,1),(39,'WO-20260112-0039','长电科技股份-深圳研发测试-039','工单39: 长电科技股份的fa测试任务','FAILURE_ANALYSIS',1,1,3,'external','2026-01-20 17:00:00',100,2,3,'COMPLETED',32,34.7585,'2026-01-12 17:00:00','2026-02-01 23:42:16','2026-01-12 20:00:00','2026-01-13 01:00:00','2026-02-20 17:00:00',1),(40,'WO-20260113-0040','汇顶科技-深圳研发测试-040','工单40: 汇顶科技的reliability测试任务','RELIABILITY_TEST',2,1,7,'external','2026-02-11 13:00:00',75,2,11,'IN_PROGRESS',240,NULL,'2026-01-13 13:00:00','2026-02-01 23:42:16','2026-01-14 04:00:00','2026-01-14 10:00:00',NULL,1),(41,'WO-20260113-0041','长电科技股份-深圳研发测试-041','工单41: 长电科技股份的fa测试任务','FAILURE_ANALYSIS',1,1,3,'external','2026-01-19 13:00:00',100,2,3,'IN_PROGRESS',24,NULL,'2026-01-13 13:00:00','2026-02-01 23:42:16','2026-01-14 05:00:00','2026-01-14 12:00:00',NULL,1),(42,'WO-20260113-0042','兆易创新-深圳研发测试-042','工单42: 兆易创新的fa测试任务','FAILURE_ANALYSIS',1,1,6,'external','2026-01-27 17:00:00',100,2,2,'COMPLETED',16,17.0019,'2026-01-13 17:00:00','2026-02-01 23:42:16','2026-01-13 19:00:00','2026-01-13 21:00:00','2026-01-28 17:00:00',1),(43,'WO-20260114-0043','质量保证部-上海测试测试-043','工单43: 质量保证部的reliability测试任务','RELIABILITY_TEST',4,2,9,'internal','2026-02-04 15:00:00',90,3,27,'IN_PROGRESS',336,NULL,'2026-01-14 15:00:00','2026-02-01 23:42:16','2026-01-15 06:00:00','2026-01-15 13:00:00',NULL,1),(44,'WO-20260114-0044','中芯国际集成电路-上海测试测试-044','工单44: 中芯国际集成电路的fa测试任务','FAILURE_ANALYSIS',3,2,2,'vip','2026-01-27 16:00:00',100,1,18,'COMPLETED',40,40.2862,'2026-01-14 16:00:00','2026-02-01 23:42:16','2026-01-15 13:00:00','2026-01-15 20:00:00','2026-02-28 02:00:00',1),(45,'WO-20260114-0045','通富微电子-上海测试测试-045','工单45: 通富微电子的reliability测试任务','RELIABILITY_TEST',4,2,4,'external','2026-02-01 13:00:00',100,2,26,'COMPLETED',500,404.16,'2026-01-14 13:00:00','2026-02-01 23:42:16','2026-01-15 00:00:00','2026-01-15 04:00:00','2026-01-31 13:00:00',1),(46,'WO-20260114-0046','紫光展锐-上海测试测试-046','工单46: 紫光展锐的fa测试任务','FAILURE_ANALYSIS',3,2,10,'external','2026-01-19 14:00:00',100,2,18,'COMPLETED',24,24.7776,'2026-01-14 14:00:00','2026-02-01 23:42:16','2026-01-15 10:00:00','2026-01-15 12:00:00','2026-02-26 01:00:00',1),(47,'WO-20260115-0047','中芯国际集成电路-上海测试测试-047','工单47: 中芯国际集成电路的fa测试任务','FAILURE_ANALYSIS',3,2,2,'vip','2026-01-26 12:00:00',100,1,18,'IN_PROGRESS',16,NULL,'2026-01-15 12:00:00','2026-02-01 23:42:16','2026-01-16 07:00:00','2026-01-16 14:00:00',NULL,1),(48,'WO-20260115-0048','韦尔半导体-深圳研发测试-048','工单48: 韦尔半导体的reliability测试任务','RELIABILITY_TEST',2,1,5,'external','2026-02-10 10:00:00',75,2,11,'CANCELLED',168,NULL,'2026-01-15 10:00:00','2026-02-01 23:42:16','2026-01-16 10:00:00',NULL,NULL,1),(49,'WO-20260115-0049','长电科技股份-上海测试测试-049','工单49: 长电科技股份的reliability测试任务','RELIABILITY_TEST',4,2,3,'external','2026-02-06 15:00:00',75,2,26,'COMPLETED',500,592.158,'2026-01-15 15:00:00','2026-02-01 23:42:16','2026-01-15 20:00:00','2026-01-16 01:00:00','2026-02-21 15:00:00',1),(50,'WO-20260116-0050','中芯国际集成电路-深圳研发测试-050','工单50: 中芯国际集成电路的fa测试任务','FAILURE_ANALYSIS',1,1,2,'vip','2026-01-28 15:00:00',100,1,2,'IN_PROGRESS',16,NULL,'2026-01-16 15:00:00','2026-02-01 23:42:16','2026-01-17 03:00:00','2026-01-17 09:00:00',NULL,1),(51,'WO-20260116-0051','质量保证部-深圳研发测试-051','工单51: 质量保证部的fa测试任务','FAILURE_ANALYSIS',1,1,9,'internal','2026-01-29 17:00:00',100,3,2,'CANCELLED',24,NULL,'2026-01-16 17:00:00','2026-02-01 23:42:16','2026-01-17 03:00:00',NULL,NULL,1),(52,'WO-20260116-0052','华为技术有限公司-深圳研发测试-052','工单52: 华为技术有限公司的fa测试任务','FAILURE_ANALYSIS',1,1,1,'vip','2026-01-29 12:00:00',100,1,3,'COMPLETED',24,20.45,'2026-01-16 12:00:00','2026-02-01 23:42:16','2026-01-16 17:00:00','2026-01-16 21:00:00','2026-02-26 12:00:00',1),(53,'WO-20260117-0053','华为技术有限公司-深圳研发测试-053','工单53: 华为技术有限公司的reliability测试任务','RELIABILITY_TEST',2,1,1,'vip','2026-02-02 10:00:00',100,1,11,'COMPLETED',240,269.337,'2026-01-17 10:00:00','2026-02-01 23:42:16','2026-01-18 01:00:00','2026-01-18 05:00:00','2026-02-27 06:00:00',1),(54,'WO-20260117-0054','韦尔半导体-上海测试测试-054','工单54: 韦尔半导体的fa测试任务','FAILURE_ANALYSIS',3,2,5,'external','2026-01-30 12:00:00',100,2,18,'COMPLETED',40,46.0865,'2026-01-17 12:00:00','2026-02-01 23:42:16','2026-01-18 07:00:00','2026-01-18 08:00:00','2026-02-27 05:00:00',1),(55,'WO-20260117-0055','内部研发部门-上海测试测试-055','工单55: 内部研发部门的reliability测试任务','RELIABILITY_TEST',4,2,8,'internal','2026-02-04 11:00:00',90,3,26,'COMPLETED',240,198.338,'2026-01-17 11:00:00','2026-02-01 23:42:16','2026-01-17 19:00:00','2026-01-17 22:00:00','2026-02-05 11:00:00',1),(56,'WO-20260118-0056','华为技术有限公司-深圳研发测试-056','工单56: 华为技术有限公司的reliability测试任务','RELIABILITY_TEST',2,1,1,'vip','2026-02-07 10:00:00',90,1,11,'COMPLETED',500,495.773,'2026-01-18 10:00:00','2026-02-01 23:42:16','2026-01-19 05:00:00','2026-01-19 12:00:00','2026-01-26 10:00:00',1),(57,'WO-20260118-0057','汇顶科技-上海测试测试-057','工单57: 汇顶科技的fa测试任务','FAILURE_ANALYSIS',3,2,7,'external','2026-01-31 10:00:00',100,2,18,'IN_PROGRESS',24,NULL,'2026-01-18 10:00:00','2026-02-01 23:42:16','2026-01-18 21:00:00','2026-01-19 00:00:00',NULL,1),(58,'WO-20260118-0058','内部研发部门-深圳研发测试-058','工单58: 内部研发部门的fa测试任务','FAILURE_ANALYSIS',1,1,8,'internal','2026-01-27 08:00:00',100,3,2,'COMPLETED',24,27.3705,'2026-01-18 08:00:00','2026-02-01 23:42:16','2026-01-18 19:00:00','2026-01-18 22:00:00','2026-02-12 08:00:00',1),(59,'WO-20260118-0059','中芯国际集成电路-上海测试测试-059','工单59: 中芯国际集成电路的fa测试任务','FAILURE_ANALYSIS',3,2,2,'vip','2026-01-28 09:00:00',100,1,18,'IN_PROGRESS',40,NULL,'2026-01-18 09:00:00','2026-02-01 23:42:16','2026-01-19 07:00:00','2026-01-19 09:00:00',NULL,1),(60,'WO-20260119-0060','韦尔半导体-上海测试测试-060','工单60: 韦尔半导体的reliability测试任务','RELIABILITY_TEST',4,2,5,'external','2026-02-11 13:00:00',75,2,26,'COMPLETED',168,195.658,'2026-01-19 13:00:00','2026-02-01 23:42:16','2026-01-20 13:00:00','2026-01-20 14:00:00','2026-01-31 13:00:00',1),(61,'WO-20260119-0061','内部研发部门-上海测试测试-061','工单61: 内部研发部门的reliability测试任务','RELIABILITY_TEST',4,2,8,'internal','2026-02-12 16:00:00',80,3,26,'COMPLETED',168,192.794,'2026-01-19 16:00:00','2026-02-01 23:42:16','2026-01-20 10:00:00','2026-01-20 12:00:00','2026-02-12 16:00:00',1),(62,'WO-20260119-0062','质量保证部-上海测试测试-062','工单62: 质量保证部的reliability测试任务','RELIABILITY_TEST',4,2,9,'internal','2026-02-14 13:00:00',80,3,27,'COMPLETED',336,291.424,'2026-01-19 13:00:00','2026-02-01 23:42:16','2026-01-19 22:00:00','2026-01-19 23:00:00','2026-02-28 01:00:00',1),(63,'WO-20260120-0063','质量保证部-上海测试测试-063','工单63: 质量保证部的reliability测试任务','RELIABILITY_TEST',4,2,9,'internal','2026-02-12 11:00:00',80,3,27,'IN_PROGRESS',336,NULL,'2026-01-20 11:00:00','2026-02-01 23:42:16','2026-01-20 15:00:00','2026-01-20 20:00:00',NULL,1),(64,'WO-20260120-0064','汇顶科技-深圳研发测试-064','工单64: 汇顶科技的reliability测试任务','RELIABILITY_TEST',2,1,7,'external','2026-02-19 15:00:00',75,2,10,'COMPLETED',336,281.039,'2026-01-20 15:00:00','2026-02-01 23:42:16','2026-01-21 11:00:00','2026-01-21 15:00:00','2026-02-25 15:00:00',1),(65,'WO-20260120-0065','汇顶科技-深圳研发测试-065','工单65: 汇顶科技的fa测试任务','FAILURE_ANALYSIS',1,1,7,'external','2026-01-28 10:00:00',100,2,3,'IN_PROGRESS',40,NULL,'2026-01-20 10:00:00','2026-02-01 23:42:16','2026-01-20 23:00:00','2026-01-21 03:00:00',NULL,1),(66,'WO-20260121-0066','韦尔半导体-上海测试测试-066','工单66: 韦尔半导体的fa测试任务','FAILURE_ANALYSIS',3,2,5,'external','2026-01-29 11:00:00',100,2,18,'IN_PROGRESS',32,NULL,'2026-01-21 11:00:00','2026-02-01 23:42:16','2026-01-21 22:00:00','2026-01-21 23:00:00',NULL,1),(67,'WO-20260121-0067','内部研发部门-上海测试测试-067','工单67: 内部研发部门的fa测试任务','FAILURE_ANALYSIS',3,2,8,'internal','2026-01-29 12:00:00',100,3,18,'COMPLETED',40,32.1539,'2026-01-21 12:00:00','2026-02-01 23:42:16','2026-01-21 16:00:00','2026-01-22 00:00:00','2026-02-16 12:00:00',1),(68,'WO-20260121-0068','质量保证部-深圳研发测试-068','工单68: 质量保证部的fa测试任务','FAILURE_ANALYSIS',1,1,9,'internal','2026-02-02 15:00:00',100,3,3,'IN_PROGRESS',24,NULL,'2026-01-21 15:00:00','2026-02-01 23:42:16','2026-01-21 23:00:00','2026-01-22 01:00:00',NULL,1),(69,'WO-20260122-0069','长电科技股份-上海测试测试-069','工单69: 长电科技股份的reliability测试任务','RELIABILITY_TEST',4,2,3,'external','2026-02-20 14:00:00',75,2,27,'COMPLETED',500,550.1,'2026-01-22 14:00:00','2026-02-01 23:42:16','2026-01-23 07:00:00','2026-01-23 14:00:00','2026-02-27 23:00:00',1),(70,'WO-20260122-0070','兆易创新-深圳研发测试-070','工单70: 兆易创新的fa测试任务','FAILURE_ANALYSIS',1,1,6,'external','2026-01-30 14:00:00',100,2,2,'COMPLETED',24,24.5236,'2026-01-22 14:00:00','2026-02-01 23:42:16','2026-01-23 10:00:00','2026-01-23 18:00:00','2026-02-18 14:00:00',1),(71,'WO-20260122-0071','韦尔半导体-上海测试测试-071','工单71: 韦尔半导体的fa测试任务','FAILURE_ANALYSIS',3,2,5,'external','2026-02-04 11:00:00',85,2,19,'COMPLETED',40,41.252,'2026-01-22 11:00:00','2026-02-01 23:42:16','2026-01-23 08:00:00','2026-01-23 14:00:00','2026-02-28 05:00:00',1),(72,'WO-20260123-0072','汇顶科技-深圳研发测试-072','工单72: 汇顶科技的reliability测试任务','RELIABILITY_TEST',2,1,7,'external','2026-02-12 17:00:00',75,2,10,'ASSIGNED',240,NULL,'2026-01-23 17:00:00','2026-02-01 23:42:16','2026-01-24 10:00:00',NULL,NULL,1),(73,'WO-20260123-0073','华为技术有限公司-深圳研发测试-073','工单73: 华为技术有限公司的fa测试任务','FAILURE_ANALYSIS',1,1,1,'vip','2026-02-06 13:00:00',90,1,2,'IN_PROGRESS',32,NULL,'2026-01-23 13:00:00','2026-02-01 23:42:16','2026-01-23 22:00:00','2026-01-24 02:00:00',NULL,1),(74,'WO-20260123-0074','紫光展锐-上海测试测试-074','工单74: 紫光展锐的reliability测试任务','RELIABILITY_TEST',4,2,10,'external','2026-02-06 11:00:00',75,2,27,'IN_PROGRESS',500,NULL,'2026-01-23 11:00:00','2026-02-01 23:42:16','2026-01-23 17:00:00','2026-01-23 21:00:00',NULL,1),(75,'WO-20260123-0075','中芯国际集成电路-深圳研发测试-075','工单75: 中芯国际集成电路的reliability测试任务','RELIABILITY_TEST',2,1,2,'vip','2026-02-22 11:00:00',90,1,11,'ASSIGNED',240,NULL,'2026-01-23 11:00:00','2026-02-01 23:42:16','2026-01-23 14:00:00',NULL,NULL,1),(76,'WO-20260124-0076','中芯国际集成电路-上海测试测试-076','工单76: 中芯国际集成电路的fa测试任务','FAILURE_ANALYSIS',3,2,2,'vip','2026-02-05 16:00:00',90,1,18,'COMPLETED',24,22.8511,'2026-01-24 16:00:00','2026-02-01 23:42:16','2026-01-25 07:00:00','2026-01-25 14:00:00','2026-01-30 16:00:00',1),(77,'WO-20260124-0077','通富微电子-上海测试测试-077','工单77: 通富微电子的reliability测试任务','RELIABILITY_TEST',4,2,4,'external','2026-02-18 14:00:00',75,2,26,'COMPLETED',336,314.615,'2026-01-24 14:00:00','2026-02-01 23:42:16','2026-01-25 10:00:00','2026-01-25 18:00:00','2026-02-26 22:00:00',1),(78,'WO-20260124-0078','内部研发部门-深圳研发测试-078','工单78: 内部研发部门的fa测试任务','FAILURE_ANALYSIS',1,1,8,'internal','2026-01-31 10:00:00',100,3,3,'IN_PROGRESS',24,NULL,'2026-01-24 10:00:00','2026-02-01 23:42:16','2026-01-25 01:00:00','2026-01-25 05:00:00',NULL,1),(79,'WO-20260125-0079','汇顶科技-深圳研发测试-079','工单79: 汇顶科技的fa测试任务','FAILURE_ANALYSIS',1,1,7,'external','2026-02-03 17:00:00',95,2,3,'IN_PROGRESS',32,NULL,'2026-01-25 17:00:00','2026-02-01 23:42:16','2026-01-26 13:00:00','2026-01-26 21:00:00',NULL,1),(80,'WO-20260125-0080','中芯国际集成电路-深圳研发测试-080','工单80: 中芯国际集成电路的fa测试任务','FAILURE_ANALYSIS',1,1,2,'vip','2026-02-06 15:00:00',90,1,2,'IN_PROGRESS',16,NULL,'2026-01-25 15:00:00','2026-02-01 23:42:16','2026-01-26 14:00:00','2026-01-26 16:00:00',NULL,1),(81,'WO-20260125-0081','长电科技股份-上海测试测试-081','工单81: 长电科技股份的fa测试任务','FAILURE_ANALYSIS',3,2,3,'external','2026-02-04 11:00:00',85,2,18,'IN_PROGRESS',16,NULL,'2026-01-25 11:00:00','2026-02-01 23:42:16','2026-01-26 02:00:00','2026-01-26 10:00:00',NULL,1),(82,'WO-20260126-0082','长电科技股份-深圳研发测试-082','工单82: 长电科技股份的fa测试任务','FAILURE_ANALYSIS',1,1,3,'external','2026-02-03 10:00:00',95,2,2,'IN_PROGRESS',24,NULL,'2026-01-26 10:00:00','2026-02-01 23:42:16','2026-01-26 22:00:00','2026-01-27 06:00:00',NULL,1),(83,'WO-20260126-0083','兆易创新-上海测试测试-083','工单83: 兆易创新的fa测试任务','FAILURE_ANALYSIS',3,2,6,'external','2026-02-04 15:00:00',85,2,18,'IN_PROGRESS',32,NULL,'2026-01-26 15:00:00','2026-02-01 23:42:16','2026-01-27 13:00:00','2026-01-27 15:00:00',NULL,1),(84,'WO-20260126-0084','长电科技股份-上海测试测试-084','工单84: 长电科技股份的fa测试任务','FAILURE_ANALYSIS',3,2,3,'external','2026-02-05 13:00:00',75,2,18,'COMPLETED',32,25.8623,'2026-01-26 13:00:00','2026-02-01 23:42:16','2026-01-27 06:00:00','2026-01-27 07:00:00','2026-02-26 13:00:00',1),(85,'WO-20260127-0085','通富微电子-上海测试测试-085','工单85: 通富微电子的fa测试任务','FAILURE_ANALYSIS',3,2,4,'external','2026-02-10 08:00:00',75,2,18,'COMPLETED',16,16.6793,'2026-01-27 08:00:00','2026-02-01 23:42:16','2026-01-28 03:00:00','2026-01-28 11:00:00','2026-02-28 21:00:00',1),(86,'WO-20260127-0086','长电科技股份-上海测试测试-086','工单86: 长电科技股份的fa测试任务','FAILURE_ANALYSIS',3,2,3,'external','2026-02-07 17:00:00',75,2,18,'COMPLETED',40,33.8146,'2026-01-27 17:00:00','2026-02-01 23:42:16','2026-01-28 06:00:00','2026-01-28 12:00:00','2026-02-24 17:00:00',1),(87,'WO-20260127-0087','中芯国际集成电路-上海测试测试-087','工单87: 中芯国际集成电路的fa测试任务','FAILURE_ANALYSIS',3,2,2,'vip','2026-02-07 09:00:00',90,1,19,'ASSIGNED',40,NULL,'2026-01-27 09:00:00','2026-02-01 23:42:16','2026-01-27 16:00:00',NULL,NULL,1),(88,'WO-20260127-0088','通富微电子-深圳研发测试-088','工单88: 通富微电子的reliability测试任务','RELIABILITY_TEST',2,1,4,'external','2026-02-23 08:00:00',75,2,10,'IN_PROGRESS',168,NULL,'2026-01-27 08:00:00','2026-02-01 23:42:16','2026-01-28 08:00:00','2026-01-28 16:00:00',NULL,1),(89,'WO-20260128-0089','紫光展锐-上海测试测试-089','工单89: 紫光展锐的fa测试任务','FAILURE_ANALYSIS',3,2,10,'external','2026-02-08 11:00:00',75,2,18,'IN_PROGRESS',40,NULL,'2026-01-28 11:00:00','2026-02-01 23:42:16','2026-01-29 04:00:00','2026-01-29 10:00:00',NULL,1),(90,'WO-20260128-0090','内部研发部门-上海测试测试-090','工单90: 内部研发部门的reliability测试任务','RELIABILITY_TEST',4,2,8,'internal','2026-02-21 14:00:00',80,3,27,'COMPLETED',168,198.387,'2026-01-28 14:00:00','2026-02-01 23:42:16','2026-01-29 12:00:00','2026-01-29 20:00:00','2026-02-26 01:00:00',1),(91,'WO-20260128-0091','通富微电子-深圳研发测试-091','工单91: 通富微电子的reliability测试任务','RELIABILITY_TEST',2,1,4,'external','2026-02-18 10:00:00',75,2,10,'IN_PROGRESS',168,NULL,'2026-01-28 10:00:00','2026-02-01 23:42:16','2026-01-28 15:00:00','2026-01-28 16:00:00',NULL,1),(92,'WO-20260129-0092','兆易创新-深圳研发测试-092','工单92: 兆易创新的reliability测试任务','RELIABILITY_TEST',2,1,6,'external','2026-02-22 17:00:00',75,2,10,'IN_PROGRESS',500,NULL,'2026-01-29 17:00:00','2026-02-01 23:42:16','2026-01-30 02:00:00','2026-01-30 09:00:00',NULL,1),(93,'WO-20260129-0093','内部研发部门-深圳研发测试-093','工单93: 内部研发部门的fa测试任务','FAILURE_ANALYSIS',1,1,8,'internal','2026-02-10 13:00:00',80,3,3,'COMPLETED',32,36.9691,'2026-01-29 13:00:00','2026-02-01 23:42:16','2026-01-30 03:00:00','2026-01-30 10:00:00','2026-02-27 02:00:00',1),(94,'WO-20260129-0094','紫光展锐-深圳研发测试-094','工单94: 紫光展锐的fa测试任务','FAILURE_ANALYSIS',1,1,10,'external','2026-02-12 14:00:00',75,2,3,'ASSIGNED',32,NULL,'2026-01-29 14:00:00','2026-02-01 23:42:16','2026-01-30 03:00:00',NULL,NULL,1),(95,'WO-20260130-0095','通富微电子-上海测试测试-095','工单95: 通富微电子的reliability测试任务','RELIABILITY_TEST',4,2,4,'external','2026-02-19 15:00:00',75,2,NULL,'PENDING',240,NULL,'2026-01-30 15:00:00','2026-02-01 23:42:16',NULL,NULL,NULL,1),(96,'WO-20260130-0096','质量保证部-上海测试测试-096','工单96: 质量保证部的reliability测试任务','RELIABILITY_TEST',4,2,9,'internal','2026-02-16 12:00:00',80,3,26,'ASSIGNED',168,NULL,'2026-01-30 12:00:00','2026-02-01 23:42:16','2026-01-30 16:00:00',NULL,NULL,1),(97,'WO-20260130-0097','华为技术有限公司-上海测试测试-097','工单97: 华为技术有限公司的fa测试任务','FAILURE_ANALYSIS',3,2,1,'vip','2026-02-06 15:00:00',90,1,19,'IN_PROGRESS',32,NULL,'2026-01-30 15:00:00','2026-02-01 23:42:16','2026-01-31 01:00:00','2026-01-31 07:00:00',NULL,1),(98,'WO-20260131-0098','内部研发部门-深圳研发测试-098','工单98: 内部研发部门的fa测试任务','FAILURE_ANALYSIS',1,1,8,'internal','2026-02-10 12:00:00',80,3,3,'ASSIGNED',32,NULL,'2026-01-31 12:00:00','2026-02-01 23:42:16','2026-01-31 15:00:00',NULL,NULL,1),(99,'WO-20260131-0099','汇顶科技-上海测试测试-099','工单99: 汇顶科技的fa测试任务','FAILURE_ANALYSIS',3,2,7,'external','2026-02-07 08:00:00',75,2,19,'IN_PROGRESS',40,NULL,'2026-01-31 08:00:00','2026-02-01 23:42:16','2026-01-31 20:00:00','2026-02-01 01:00:00',NULL,1),(100,'WO-20260131-0100','兆易创新-深圳研发测试-100','工单100: 兆易创新的reliability测试任务','RELIABILITY_TEST',2,1,6,'external','2026-02-15 16:00:00',75,2,NULL,'PENDING',240,NULL,'2026-01-31 16:00:00','2026-02-01 23:42:16',NULL,NULL,NULL,1);
/*!40000 ALTER TABLE `work_orders` ENABLE KEYS */;
UNLOCK TABLES;
SET @@SESSION.SQL_LOG_BIN = @MYSQLDUMP_TEMP_LOG_BIN;
/*!40103 SET TIME_ZONE=@OLD_TIME_ZONE */;

/*!40101 SET SQL_MODE=@OLD_SQL_MODE */;
/*!40014 SET FOREIGN_KEY_CHECKS=@OLD_FOREIGN_KEY_CHECKS */;
/*!40014 SET UNIQUE_CHECKS=@OLD_UNIQUE_CHECKS */;
/*!40101 SET CHARACTER_SET_CLIENT=@OLD_CHARACTER_SET_CLIENT */;
/*!40101 SET CHARACTER_SET_RESULTS=@OLD_CHARACTER_SET_RESULTS */;
/*!40101 SET COLLATION_CONNECTION=@OLD_COLLATION_CONNECTION */;
/*!40111 SET SQL_NOTES=@OLD_SQL_NOTES */;

-- Dump completed on 2026-02-04  0:41:01
